id,brand,model,technology,profile,min_flow_m3h,max_flow_m3h,max_head_m,base_cost_eur,is_atex,description,recommended_motor_kw,motor_voltage,match_score,wetted_body_material,wetted_elastomer_material,curve_reference_url
ARO-PD01P-HPS-0NA-A,ARO (Ingersoll Rand),PD01P-HPS-0NA-A,NEUMATICA_DOBLE_MEMBRANA,BARATA,0.06,1.2,87.6,270.0,False,"1/4"" NON-METALLIC PUMP",0.0,Sin motor electrico (neumatica),0.2,,,
ARO-PD01P-HPS-PAA-A,ARO (Ingersoll Rand),PD01P-HPS-PAA-A,NEUMATICA_DOBLE_MEMBRANA,BARATA,0.06,1.2,87.6,425.0,False,"1/4"" NON-METALLIC PUMP",0.0,Sin motor electrico (neumatica),0.2,Polipropileno (no metálica),Santoprene,
ARO-PD01P-HPS-0KA-A,ARO (Ingersoll Rand),PD01P-HPS-0KA-A,NEUMATICA_DOBLE_MEMBRANA,BARATA,0.06,1.2,87.6,474.61,False,"1/4"" NON-METALLIC PUMP",0.0,Sin motor electrico (neumatica),0.2,,,
ARO-PD01P-HPS-PGG-A,ARO (Ingersoll Rand),PD01P-HPS-PGG-A,NEUMATICA_DOBLE_MEMBRANA,BARATA,0.06,1.2,87.6,487.46,False,"1/4"" NON-METALLIC PUMP",0.0,Sin motor electrico (neumatica),0.2,Polipropileno (no metálica),Nitrilo (NBR/Buna-N),
ARO-PD01P-HPS-PCC-A,ARO (Ingersoll Rand),PD01P-HPS-PCC-A,NEUMATICA_DOBLE_MEMBRANA,BARATA,0.06,1.2,87.6,491.13,False,"1/4"" NON-METALLIC PUMP",0.0,Sin motor electrico (neumatica),0.2,Polipropileno (no metálica),Hytrel,
ARO-PD01P-HRS-PAA-A,ARO (Ingersoll Rand),PD01P-HRS-PAA-A,NEUMATICA_DOBLE_MEMBRANA,BARATA,0.06,1.2,87.6,502.15,False,"1/4"" NON-METALLIC PUMP",0.0,Sin motor electrico (neumatica),0.2,Polipropileno (no metálica),Santoprene,
ARO-PE01P-HPS-PAA-AA0,ARO (Ingersoll Rand),PE01P-HPS-PAA-AA0,NEUMATICA_DOBLE_MEMBRANA,BARATA,0.06,1.2,87.6,525.1,False,"1/4"" NON-METALLIC PUMP",0.0,Sin motor electrico (neumatica),0.2,Polipropileno (no metálica),Santoprene,
ARO-PE01P-HPS-PAA-AC0,ARO (Ingersoll Rand),PE01P-HPS-PAA-AC0,NEUMATICA_DOBLE_MEMBRANA,BARATA,0.06,1.2,87.6,525.1,False,"1/4"" NON-METALLIC PUMP",0.0,Sin motor electrico (neumatica),0.2,Polipropileno (no metálica),Santoprene,
ARO-PD03P-APS-PAA,ARO (Ingersoll Rand),PD03P-APS-PAA,NEUMATICA_DOBLE_MEMBRANA,BARATA,0.12,2.406,70.3,539.78,False,PUMP ASSEMBLY,0.0,Sin motor electrico (neumatica),0.2,Polipropileno (no metálica),Santoprene,
ARO-PE01P-HPS-0KA-AD0,ARO (Ingersoll Rand),PE01P-HPS-0KA-AD0,NEUMATICA_DOBLE_MEMBRANA,BARATA,0.06,1.2,87.6,539.78,False,"1/4"" NON-METALLIC PUMP",0.0,Sin motor electrico (neumatica),0.2,,,
ARO-PD01P-HPS-0JC-A,ARO (Ingersoll Rand),PD01P-HPS-0JC-A,NEUMATICA_DOBLE_MEMBRANA,BARATA,0.06,1.2,87.6,563.65,False,"1/4"" NON-METALLIC PUMP",0.0,Sin motor electrico (neumatica),0.2,,,
ARO-PD01P-HPS-PTT-A,ARO (Ingersoll Rand),PD01P-HPS-PTT-A,NEUMATICA_DOBLE_MEMBRANA,BARATA,0.06,1.2,87.6,565.0,False,"1/4"" NON-METALLIC PUMP",0.0,Sin motor electrico (neumatica),0.2,Polipropileno (no metálica),PTFE (Teflón),
ARO-PD03P-ARS-PCC,ARO (Ingersoll Rand),PD03P-ARS-PCC,NEUMATICA_DOBLE_MEMBRANA,BARATA,0.12,2.406,70.3,570.08,False,PUMP ASSEMBLY,0.0,Sin motor electrico (neumatica),0.2,Polipropileno (no metálica),Hytrel,
ARO-PD01E-HES-DAA-A,ARO (Ingersoll Rand),PD01E-HES-DAA-A,NEUMATICA_DOBLE_MEMBRANA,BARATA,0.06,1.2,87.6,615.98,False,1/4 NON-METALLIC PUMP,0.0,Sin motor electrico (neumatica),0.2,,,
ARO-PD01P-HPS-0LT-A,ARO (Ingersoll Rand),PD01P-HPS-0LT-A,NEUMATICA_DOBLE_MEMBRANA,BARATA,0.06,1.2,87.6,623.32,False,"1/4"" NON-METALLIC PUMP",0.0,Sin motor electrico (neumatica),0.2,,,
ARO-PE01P-HPS-PAA-AD0,ARO (Ingersoll Rand),PE01P-HPS-PAA-AD0,NEUMATICA_DOBLE_MEMBRANA,BARATA,0.06,1.2,87.6,627.91,False,"1/4"" NON-METALLIC PUMP",0.0,Sin motor electrico (neumatica),0.2,Polipropileno (no metálica),Santoprene,
ARO-PD03P-BRS-PAA,ARO (Ingersoll Rand),PD03P-BRS-PAA,NEUMATICA_DOBLE_MEMBRANA,BARATA,0.12,2.406,70.3,629.75,False,PUMP ASSEMBLY,0.0,Sin motor electrico (neumatica),0.2,Polipropileno (no metálica),Santoprene,
ARO-PD03P-ARS-PAA,ARO (Ingersoll Rand),PD03P-ARS-PAA,NEUMATICA_DOBLE_MEMBRANA,BARATA,0.12,2.406,70.3,630.0,False,PUMP ASSEMBLY,0.0,Sin motor electrico (neumatica),0.2,Polipropileno (no metálica),Santoprene,
ARO-PD01P-HRS-PTT-A,ARO (Ingersoll Rand),PD01P-HRS-PTT-A,NEUMATICA_DOBLE_MEMBRANA,BARATA,0.06,1.2,87.6,644.44,False,"1/4"" NON-METALLIC PUMP",0.0,Sin motor electrico (neumatica),0.2,Polipropileno (no metálica),PTFE (Teflón),
ARO-PD03P-BPS-PAA,ARO (Ingersoll Rand),PD03P-BPS-PAA,NEUMATICA_DOBLE_MEMBRANA,BARATA,0.12,2.406,70.3,646.27,False,PUMP ASSEMBLY,0.0,Sin motor electrico (neumatica),0.2,Polipropileno (no metálica),Santoprene,
ARO-PE01P-HPS-PAA-AB0,ARO (Ingersoll Rand),PE01P-HPS-PAA-AB0,NEUMATICA_DOBLE_MEMBRANA,BARATA,0.06,1.2,87.6,657.29,False,"1/4"" NON-METALLIC PUMP",0.0,Sin motor electrico (neumatica),0.2,Polipropileno (no metálica),Santoprene,
ARO-PD03P-ARS-PVV,ARO (Ingersoll Rand),PD03P-ARS-PVV,NEUMATICA_DOBLE_MEMBRANA,BARATA,0.12,2.406,70.3,658.21,False,PUMP ASSEMBLY,0.0,Sin motor electrico (neumatica),0.2,Polipropileno (no metálica),,
ARO-PD03P-BRS-PCC,ARO (Ingersoll Rand),PD03P-BRS-PCC,NEUMATICA_DOBLE_MEMBRANA,BARATA,0.12,2.406,70.3,668.3,False,PUMP ASSEMBLY,0.0,Sin motor electrico (neumatica),0.2,Polipropileno (no metálica),Hytrel,
ARO-PD03P-BPS-PCC,ARO (Ingersoll Rand),PD03P-BPS-PCC,NEUMATICA_DOBLE_MEMBRANA,BARATA,0.12,2.406,70.3,675.65,False,PUMP ASSEMBLY,0.0,Sin motor electrico (neumatica),0.2,Polipropileno (no metálica),Hytrel,
ARO-PD01P-HKS-KAA-A,ARO (Ingersoll Rand),PD01P-HKS-KAA-A,NEUMATICA_DOBLE_MEMBRANA,BARATA,0.06,1.2,87.6,682.07,False,"1/4"" NON-METALLIC PUMP",0.0,Sin motor electrico (neumatica),0.2,Polipropileno (no metálica),Santoprene,
ARO-PE01P-HPS-PTT-AA0,ARO (Ingersoll Rand),PE01P-HPS-PTT-AA0,NEUMATICA_DOBLE_MEMBRANA,BARATA,0.06,1.2,87.6,692.17,False,"1/4"" NON-METALLIC PUMP",0.0,Sin motor electrico (neumatica),0.2,Polipropileno (no metálica),PTFE (Teflón),
ARO-PE01P-HPS-PTT-AD0,ARO (Ingersoll Rand),PE01P-HPS-PTT-AD0,NEUMATICA_DOBLE_MEMBRANA,BARATA,0.06,1.2,87.6,692.17,False,"1/4"" NON-METALLIC PUMP",0.0,Sin motor electrico (neumatica),0.2,Polipropileno (no metálica),PTFE (Teflón),
ARO-PE01P-HPS-0LT-AD0,ARO (Ingersoll Rand),PE01P-HPS-0LT-AD0,NEUMATICA_DOBLE_MEMBRANA,BARATA,0.06,1.2,87.6,715.12,False,"1/4"" NON-METALLIC PUMP",0.0,Sin motor electrico (neumatica),0.2,,,
ARO-PD03P-APS-PTT,ARO (Ingersoll Rand),PD03P-APS-PTT,NEUMATICA_DOBLE_MEMBRANA,BARATA,0.12,2.406,70.3,719.71,False,PUMP ASSEMBLY,0.0,Sin motor electrico (neumatica),0.2,Polipropileno (no metálica),PTFE (Teflón),
ARO-PD03P-BPS-SAA,ARO (Ingersoll Rand),PD03P-BPS-SAA,NEUMATICA_DOBLE_MEMBRANA,BARATA,0.12,2.406,70.3,740.83,False,PUMP ASSEMBLY,0.0,Sin motor electrico (neumatica),0.2,Polipropileno (no metálica),Santoprene,
ARO-PD03P-BRS-SAA,ARO (Ingersoll Rand),PD03P-BRS-SAA,NEUMATICA_DOBLE_MEMBRANA,BARATA,0.12,2.406,70.3,741.74,False,PUMP ASSEMBLY,0.0,Sin motor electrico (neumatica),0.2,Polipropileno (no metálica),Santoprene,
ARO-PD03P-BES-DCC,ARO (Ingersoll Rand),PD03P-BES-DCC,NEUMATICA_DOBLE_MEMBRANA,BARATA,0.12,2.406,70.3,743.58,False,PUMP ASSEMBLY,0.0,Sin motor electrico (neumatica),0.2,Polipropileno (no metálica),Hytrel,
ARO-LM2203A-11-C,ARO (Ingersoll Rand),LM2203A-11-C,NEUMATICA_DOBLE_MEMBRANA,BARATA,1.953,39.06,84.6,745.62,False,"PUMP ASM, 2"" AM, 3:1 OIL - LM2203A-11-C",0.0,Sin motor electrico (neumatica),0.2,,,
ARO-LM2203A-12-C,ARO (Ingersoll Rand),LM2203A-12-C,NEUMATICA_DOBLE_MEMBRANA,BARATA,1.953,39.06,84.6,745.62,False,"PUMP ASM, 2"" AM, 3:1 OIL - LM2203A-12-C",0.0,Sin motor electrico (neumatica),0.2,,,
ARO-PD03P-ARS-PTT,ARO (Ingersoll Rand),PD03P-ARS-PTT,NEUMATICA_DOBLE_MEMBRANA,BARATA,0.12,2.406,70.3,780.0,False,PUMP ASSEMBLY,0.0,Sin motor electrico (neumatica),0.2,Polipropileno (no metálica),PTFE (Teflón),
ARO-LM2203A-31-C,ARO (Ingersoll Rand),LM2203A-31-C,NEUMATICA_DOBLE_MEMBRANA,BARATA,1.953,39.06,84.6,785.4,False,"PUMP ASM, 2"" AM, 3:1 OIL - LM2203A-31-C",0.0,Sin motor electrico (neumatica),0.2,,,
ARO-LM2203A-32-C,ARO (Ingersoll Rand),LM2203A-32-C,NEUMATICA_DOBLE_MEMBRANA,BARATA,1.953,39.06,84.6,785.4,False,"PUMP ASM, 2"" AM, 3:1 OIL - LM2203A-32-C",0.0,Sin motor electrico (neumatica),0.2,,,
ARO-PD01E-HES-DTT-A,ARO (Ingersoll Rand),PD01E-HES-DTT-A,NEUMATICA_DOBLE_MEMBRANA,BARATA,0.06,1.2,87.6,794.07,False,"1/4"" NON-METALLIC PUMP",0.0,Sin motor electrico (neumatica),0.2,,,
ARO-PD03P-BRS-PTT,ARO (Ingersoll Rand),PD03P-BRS-PTT,NEUMATICA_DOBLE_MEMBRANA,BARATA,0.12,2.406,70.3,798.66,False,PUMP ASSEMBLY,0.0,Sin motor electrico (neumatica),0.2,Polipropileno (no metálica),PTFE (Teflón),
ARO-PD03P-BPS-PTT,ARO (Ingersoll Rand),PD03P-BPS-PTT,NEUMATICA_DOBLE_MEMBRANA,BARATA,0.12,2.406,70.3,807.84,False,PUMP ASSEMBLY,0.0,Sin motor electrico (neumatica),0.2,Polipropileno (no metálica),PTFE (Teflón),
ARO-PE03P-BPS-PAA-AD0,ARO (Ingersoll Rand),PE03P-BPS-PAA-AD0,NEUMATICA_DOBLE_MEMBRANA,BARATA,0.12,2.406,70.3,814.27,False,"3/8"" PUMP ASSEMBLY",0.0,Sin motor electrico (neumatica),0.2,Polipropileno (no metálica),Santoprene,
ARO-LM2203A-41-C,ARO (Ingersoll Rand),LM2203A-41-C,NEUMATICA_DOBLE_MEMBRANA,BARATA,1.953,39.06,84.6,821.1,False,"PUMP ASM, 2"" AM, 3:1 OIL - LM2203A-41-C",0.0,Sin motor electrico (neumatica),0.2,,,
ARO-LM2203A-42-C,ARO (Ingersoll Rand),LM2203A-42-C,NEUMATICA_DOBLE_MEMBRANA,BARATA,1.953,39.06,84.6,821.1,False,"PUMP ASM, 2"" AM, 3:1 OIL - LM2203A-42-C",0.0,Sin motor electrico (neumatica),0.2,,,
ARO-PE03P-BRS-PAA-AD0,ARO (Ingersoll Rand),PE03P-BRS-PAA-AD0,NEUMATICA_DOBLE_MEMBRANA,BARATA,0.12,2.406,70.3,829.87,False,"3/8"" PUMP ASM",0.0,Sin motor electrico (neumatica),0.2,Polipropileno (no metálica),Santoprene,
ARO-PE01P-HPS-PAA-ADF,ARO (Ingersoll Rand),PE01P-HPS-PAA-ADF,NEUMATICA_DOBLE_MEMBRANA,BARATA,0.06,1.2,87.6,842.72,False,"1/4"" NON-METALLIC PUMP",0.0,Sin motor electrico (neumatica),0.2,Polipropileno (no metálica),Santoprene,
ARO-PD03P-BES-DAA,ARO (Ingersoll Rand),PD03P-BES-DAA,NEUMATICA_DOBLE_MEMBRANA,BARATA,0.12,2.406,70.3,857.82,False,PUMP ASSEMBLY,0.0,Sin motor electrico (neumatica),0.2,Polipropileno (no metálica),Santoprene,
ARO-PD05P-BRS-PAA-B,ARO (Ingersoll Rand),PD05P-BRS-PAA-B,NEUMATICA_DOBLE_MEMBRANA,BARATA,0.164,3.27,70.3,860.0,False,"1/2"" PUMP ASSEMBLY",0.0,Sin motor electrico (neumatica),0.2,Polipropileno (no metálica),Santoprene,
ARO-PD01E-HDS-1LT-A,ARO (Ingersoll Rand),PD01E-HDS-1LT-A,NEUMATICA_DOBLE_MEMBRANA,BARATA,0.06,1.2,87.6,864.76,False,"1/4"" NON-METALLIC PUMP",0.0,Sin motor electrico (neumatica),0.2,,,
ARO-666120-3C9-C,ARO (Ingersoll Rand),666120-3C9-C,NEUMATICA_DOBLE_MEMBRANA,BARATA,0.399,7.98,84.6,875.0,False,"PUMP ASM, 1"" METAL DIAPHRAGM PUMP",0.0,Sin motor electrico (neumatica),0.2,,Hytrel,
ARO-PD05P-APS-PCC-B,ARO (Ingersoll Rand),PD05P-APS-PCC-B,NEUMATICA_DOBLE_MEMBRANA,BARATA,0.164,3.27,70.3,884.03,False,"1/2"" PUMP ASSEMBLY",0.0,Sin motor electrico (neumatica),0.2,Polipropileno (no metálica),Hytrel,
ARO-PD05P-BPS-PAA-B,ARO (Ingersoll Rand),PD05P-BPS-PAA-B,NEUMATICA_DOBLE_MEMBRANA,BARATA,0.164,3.27,70.3,899.64,False,1/2 PUMP ASSEMBLY,0.0,Sin motor electrico (neumatica),0.2,Polipropileno (no metálica),Santoprene,
ARO-PD03P-ADS-DTT,ARO (Ingersoll Rand),PD03P-ADS-DTT,NEUMATICA_DOBLE_MEMBRANA,BARATA,0.12,2.406,70.3,905.15,False,PUMP ASSEMBLY,0.0,Sin motor electrico (neumatica),0.2,Polipropileno (no metálica),PTFE (Teflón),
ARO-PD05P-ARS-PCC-B,ARO (Ingersoll Rand),PD05P-ARS-PCC-B,NEUMATICA_DOBLE_MEMBRANA,BARATA,0.164,3.27,70.3,917.08,False,"1/2"" PUMP ASSEMBLY",0.0,Sin motor electrico (neumatica),0.2,Polipropileno (no metálica),Hytrel,
ARO-PE03P-BRS-PTT-AD0,ARO (Ingersoll Rand),PE03P-BRS-PTT-AD0,NEUMATICA_DOBLE_MEMBRANA,BARATA,0.12,2.406,70.3,918.0,False,"3/8"" PUMP ASSEMBLY",0.0,Sin motor electrico (neumatica),0.2,Polipropileno (no metálica),PTFE (Teflón),
ARO-PD03P-AES-DTT,ARO (Ingersoll Rand),PD03P-AES-DTT,NEUMATICA_DOBLE_MEMBRANA,BARATA,0.12,2.406,70.3,921.67,False,PUMP ASSEMBLY,0.0,Sin motor electrico (neumatica),0.2,Polipropileno (no metálica),PTFE (Teflón),
ARO-PD05P-ARS-PAA-B,ARO (Ingersoll Rand),PD05P-ARS-PAA-B,NEUMATICA_DOBLE_MEMBRANA,BARATA,0.164,3.27,70.3,921.67,False,1/2 PUMP ASSEMBLY,0.0,Sin motor electrico (neumatica),0.2,Polipropileno (no metálica),Santoprene,
ARO-PD05P-ARS-PGG-B,ARO (Ingersoll Rand),PD05P-ARS-PGG-B,NEUMATICA_DOBLE_MEMBRANA,BARATA,0.164,3.27,70.3,921.67,False,1/2 PUMP ASSEMBLY,0.0,Sin motor electrico (neumatica),0.2,Polipropileno (no metálica),Nitrilo (NBR/Buna-N),
ARO-PE05P-BRS-PAA-BP0,ARO (Ingersoll Rand),PE05P-BRS-PAA-BP0,NEUMATICA_DOBLE_MEMBRANA,BARATA,0.136,2.724,70.3,921.67,False,"1/2"" PUMP ASSEMBLY",0.0,Sin motor electrico (neumatica),0.2,Polipropileno (no metálica),Santoprene,
ARO-PE05P-ARS-PCC-BP0,ARO (Ingersoll Rand),PE05P-ARS-PCC-BP0,NEUMATICA_DOBLE_MEMBRANA,BARATA,0.136,2.724,70.3,925.34,False,"1/2"" PUMP ASSEMBLY",0.0,Sin motor electrico (neumatica),0.2,Polipropileno (no metálica),Hytrel,
ARO-PD03P-BPS-STT,ARO (Ingersoll Rand),PD03P-BPS-STT,NEUMATICA_DOBLE_MEMBRANA,BARATA,0.12,2.406,70.3,928.1,False,PUMP ASSEMBLY,0.0,Sin motor electrico (neumatica),0.2,Polipropileno (no metálica),PTFE (Teflón),
ARO-66605J-311,ARO (Ingersoll Rand),66605J-311,NEUMATICA_DOBLE_MEMBRANA,BARATA,0.164,3.27,70.3,930.0,False,"PUMP ASSEMBLY (1/2"" PLASTIC DIAPHRAGM PUMP)",0.0,Sin motor electrico (neumatica),0.2,Plástico (no metálico),,
ARO-PE03P-BPS-PTT-AD0,ARO (Ingersoll Rand),PE03P-BPS-PTT-AD0,NEUMATICA_DOBLE_MEMBRANA,BARATA,0.12,2.406,70.3,952.88,False,"3/8"" PUMP ASSEMBLY",0.0,Sin motor electrico (neumatica),0.2,Polipropileno (no metálica),PTFE (Teflón),
ARO-PD03P-BPS-SST,ARO (Ingersoll Rand),PD03P-BPS-SST,NEUMATICA_DOBLE_MEMBRANA,BARATA,0.12,2.406,70.3,955.64,False,PUMP ASSEMBLY,0.0,Sin motor electrico (neumatica),0.2,Polipropileno (no metálica),,
ARO-PD05P-BRS-PGG-B,ARO (Ingersoll Rand),PD05P-BRS-PGG-B,NEUMATICA_DOBLE_MEMBRANA,BARATA,0.164,3.27,70.3,957.47,False,"1/2"" PUMP ASSEMBLY",0.0,Sin motor electrico (neumatica),0.2,Polipropileno (no metálica),Nitrilo (NBR/Buna-N),
ARO-666053-0CB,ARO (Ingersoll Rand),666053-0CB,NEUMATICA_DOBLE_MEMBRANA,BARATA,0.164,3.27,70.3,968.49,False,"PUMP ASSEMBLY (1/2"" PLASTIC DIAPHRAGM PUMP)",0.0,Sin motor electrico (neumatica),0.2,Plástico (no metálico),,
ARO-670273-A,ARO (Ingersoll Rand),670273-A,NEUMATICA_DOBLE_MEMBRANA,BARATA,0.164,3.27,70.3,971.04,False,"1/2"" PLASTIC DIAPHRAGM PUMP - OEM HENNECKE",0.0,Sin motor electrico (neumatica),0.2,Plástico (no metálico),,
ARO-LM2203A-52-C,ARO (Ingersoll Rand),LM2203A-52-C,NEUMATICA_DOBLE_MEMBRANA,BARATA,1.953,39.06,84.6,980.22,False,"PUMP ASM, 2"" AM, 3:1 OIL - LM2203A-52-C",0.0,Sin motor electrico (neumatica),0.2,,,
ARO-66605J-389,ARO (Ingersoll Rand),66605J-389,NEUMATICA_DOBLE_MEMBRANA,BARATA,0.164,3.27,70.3,980.42,False,"PUMP ASSEMBLY (1/2"" PLASTIC DIAPHRAGM PUMP)",0.0,Sin motor electrico (neumatica),0.2,Plástico (no metálico),,
ARO-670093,ARO (Ingersoll Rand),670093,NEUMATICA_DOBLE_MEMBRANA,BARATA,0.136,2.724,70.3,991.44,False,"1/2"" DIAPHRAGM PUMP (NON-METALLIC)",0.0,Sin motor electrico (neumatica),0.2,,,
ARO-PD03P-BLS-KAA,ARO (Ingersoll Rand),PD03P-BLS-KAA,NEUMATICA_DOBLE_MEMBRANA,BARATA,0.12,2.406,70.3,992.36,False,PUMP ASSEMBLY,0.0,Sin motor electrico (neumatica),0.2,Polipropileno (no metálica),Santoprene,
ARO-670272-A,ARO (Ingersoll Rand),670272-A,NEUMATICA_DOBLE_MEMBRANA,BARATA,0.164,3.27,70.3,993.48,False,"1/2"" PLASTIC DIAPHRAGM PUMP - OEM HENNECKE",0.0,Sin motor electrico (neumatica),0.2,Plástico (no metálico),,
ARO-666053-0C8,ARO (Ingersoll Rand),666053-0C8,NEUMATICA_DOBLE_MEMBRANA,BARATA,0.164,3.27,70.3,996.03,False,"PUMP ASSEMBLY (1/2"" PLASTIC DIAPHRAGM PUMP)",0.0,Sin motor electrico (neumatica),0.2,Plástico (no metálico),,
ARO-666053-3A2,ARO (Ingersoll Rand),666053-3A2,NEUMATICA_DOBLE_MEMBRANA,BARATA,0.164,3.27,70.3,996.03,False,"PUMP ASSEMBLY (1/2"" PLASTIC DIAPHRAGM PUMP)",0.0,Sin motor electrico (neumatica),0.2,Plástico (no metálico),,
ARO-66605J-322,ARO (Ingersoll Rand),66605J-322,NEUMATICA_DOBLE_MEMBRANA,BARATA,0.164,3.27,70.3,1004.29,False,"PUMP ASSEMBLY (1/2"" PLASTIC DIAPHRAGM PUMP)",0.0,Sin motor electrico (neumatica),0.2,Plástico (no metálico),,
ARO-PD03P-BDS-STT,ARO (Ingersoll Rand),PD03P-BDS-STT,NEUMATICA_DOBLE_MEMBRANA,BARATA,0.12,2.406,70.3,1004.29,False,PUMP ASSEMBLY,0.0,Sin motor electrico (neumatica),0.2,Polipropileno (no metálica),PTFE (Teflón),
ARO-66605J-34B,ARO (Ingersoll Rand),66605J-34B,NEUMATICA_DOBLE_MEMBRANA,BARATA,0.164,3.27,70.3,1005.21,False,"PUMP ASSEMBLY (1/2"" PLASTIC DIAPHRAGM PUMP)",0.0,Sin motor electrico (neumatica),0.2,Plástico (no metálico),,
ARO-PE01P-HPS-PTT-ACF,ARO (Ingersoll Rand),PE01P-HPS-PTT-ACF,NEUMATICA_DOBLE_MEMBRANA,BARATA,0.06,1.2,87.6,1011.64,False,"1/4"" NON-METALLIC PUMP",0.0,Sin motor electrico (neumatica),0.2,Polipropileno (no metálica),PTFE (Teflón),
ARO-PE01P-HPS-PTT-ADF,ARO (Ingersoll Rand),PE01P-HPS-PTT-ADF,NEUMATICA_DOBLE_MEMBRANA,BARATA,0.06,1.2,87.6,1011.64,False,"1/4"" NON-METALLIC PUMP",0.0,Sin motor electrico (neumatica),0.2,Polipropileno (no metálica),PTFE (Teflón),
ARO-PD07P-BPS-PAA,ARO (Ingersoll Rand),PD07P-BPS-PAA,NEUMATICA_DOBLE_MEMBRANA,BARATA,0.168,3.36,70.3,1015.0,False,"3/4"" PUMP ASM (NON-METAL)",0.0,Sin motor electrico (neumatica),0.2,Polipropileno (no metálica),Santoprene,
ARO-PD07P-APS-PAA,ARO (Ingersoll Rand),PD07P-APS-PAA,NEUMATICA_DOBLE_MEMBRANA,BARATA,0.168,3.36,70.3,1017.14,False,PUMP ASM,0.0,Sin motor electrico (neumatica),0.2,Polipropileno (no metálica),Santoprene,
ARO-PD05P-AAS-FAA,ARO (Ingersoll Rand),PD05P-AAS-FAA,NEUMATICA_DOBLE_MEMBRANA,BARATA,0.164,3.27,70.3,1020.0,False,"PUMP, DIAPHRAGM PD05P-AAS-FAA",0.0,Sin motor electrico (neumatica),0.2,Polipropileno (no metálica),Santoprene,
ARO-PD07P-BPS-PCC,ARO (Ingersoll Rand),PD07P-BPS-PCC,NEUMATICA_DOBLE_MEMBRANA,BARATA,0.168,3.36,70.3,1020.82,False,3/4 PUMP ASM (NON-METAL),0.0,Sin motor electrico (neumatica),0.2,Polipropileno (no metálica),Hytrel,
ARO-LM2250E-31-B,ARO (Ingersoll Rand),LM2250E-31-B,NEUMATICA_DOBLE_MEMBRANA,BARATA,1.953,39.06,84.6,1024.08,False,"PUMP ASM, 2"" AM, 50:1 GREASE - LM2250E-31-B",0.0,Sin motor electrico (neumatica),0.2,,,
ARO-PD03P-BES-DTT,ARO (Ingersoll Rand),PD03P-BES-DTT,NEUMATICA_DOBLE_MEMBRANA,BARATA,0.12,2.406,70.3,1035.5,False,PUMP ASSEMBLY,0.0,Sin motor electrico (neumatica),0.2,Polipropileno (no metálica),PTFE (Teflón),
ARO-666053-389,ARO (Ingersoll Rand),666053-389,NEUMATICA_DOBLE_MEMBRANA,BARATA,0.164,3.27,70.3,1047.44,False,"PUMP ASSEMBLY (1/2"" PLASTIC DIAPHRAGM PUMP)",0.0,Sin motor electrico (neumatica),0.2,Plástico (no metálico),,
ARO-66605J-2EB,ARO (Ingersoll Rand),66605J-2EB,NEUMATICA_DOBLE_MEMBRANA,BARATA,0.164,3.27,70.3,1054.78,False,"PUMP ASSEMBLY (1/2"" PLASTIC DIAPHRAGM PUMP)",0.0,Sin motor electrico (neumatica),0.2,Plástico (no metálico),,
ARO-PD05R-BAS-PAA-B,ARO (Ingersoll Rand),PD05R-BAS-PAA-B,NEUMATICA_DOBLE_MEMBRANA,BARATA,0.136,2.724,70.3,1055.7,False,"1/2"" PUMP ASM. (METAL)",0.0,Sin motor electrico (neumatica),0.2,Polipropileno (centro) con cabezales metálicos,Santoprene,
ARO-PE05P-BRS-PAA-BD0,ARO (Ingersoll Rand),PE05P-BRS-PAA-BD0,NEUMATICA_DOBLE_MEMBRANA,BARATA,0.136,2.724,70.3,1056.62,False,"1/2"" PUMP ASSEMBLY",0.0,Sin motor electrico (neumatica),0.2,Polipropileno (no metálica),Santoprene,
ARO-666053-311,ARO (Ingersoll Rand),666053-311,NEUMATICA_DOBLE_MEMBRANA,BARATA,0.164,3.27,70.3,1061.21,False,"PUMP ASSEMBLY (1/2"" PLASTIC DIAPHRAGM PUMP)",0.0,Sin motor electrico (neumatica),0.2,Plástico (no metálico),,
ARO-PD05R-AAS-PAA-B,ARO (Ingersoll Rand),PD05R-AAS-PAA-B,NEUMATICA_DOBLE_MEMBRANA,BARATA,0.136,2.724,70.3,1062.13,False,"1/2"" PUMP ASM. (METAL)",0.0,Sin motor electrico (neumatica),0.2,Polipropileno (centro) con cabezales metálicos,Santoprene,
ARO-LM2250E-42-B,ARO (Ingersoll Rand),LM2250E-42-B,NEUMATICA_DOBLE_MEMBRANA,BARATA,1.953,39.06,84.6,1063.86,False,"PUMP ASM, 2"" AM, 50:1 GREASE - LM2250E-42-B",0.0,Sin motor electrico (neumatica),0.2,,,
ARO-LM2305A-12-B,ARO (Ingersoll Rand),LM2305A-12-B,NEUMATICA_DOBLE_MEMBRANA,BARATA,2.691,53.82,84.6,1064.88,False,"PUMP ASM, 3"" AIR MOTOR, 5:1 RATIO",0.0,Sin motor electrico (neumatica),0.2,,,
ARO-PE05P-BPS-PAA-BB0,ARO (Ingersoll Rand),PE05P-BPS-PAA-BB0,NEUMATICA_DOBLE_MEMBRANA,BARATA,0.136,2.724,70.3,1068.55,False,"1/2"" PUMP ASSEMBLY",0.0,Sin motor electrico (neumatica),0.2,Polipropileno (no metálica),Santoprene,
ARO-PD03P-ALS-KVV,ARO (Ingersoll Rand),PD03P-ALS-KVV,NEUMATICA_DOBLE_MEMBRANA,BARATA,0.12,2.406,70.3,1069.47,False,"3/8"" PUMP ASSEMBLY - RESTRICTED",0.0,Sin motor electrico (neumatica),0.2,Polipropileno (no metálica),,
ARO-PD05P-ARS-SSA-B,ARO (Ingersoll Rand),PD05P-ARS-SSA-B,NEUMATICA_DOBLE_MEMBRANA,BARATA,0.164,3.27,70.3,1069.47,False,"1/2"" PUMP ASSEMBLY",0.0,Sin motor electrico (neumatica),0.2,Polipropileno (no metálica),,
ARO-LM2250E-62-B,ARO (Ingersoll Rand),LM2250E-62-B,NEUMATICA_DOBLE_MEMBRANA,BARATA,1.953,39.06,84.6,1071.0,False,"PUMP ASM, 2"" AM, 50:1 GREASE - LM2250E-62-B",0.0,Sin motor electrico (neumatica),0.2,,,
ARO-PD05P-AAS-PGG,ARO (Ingersoll Rand),PD05P-AAS-PGG,NEUMATICA_DOBLE_MEMBRANA,BARATA,0.164,3.27,70.3,1076.81,False,1/2ALUM PUMP ASM,0.0,Sin motor electrico (neumatica),0.2,Polipropileno (no metálica),Nitrilo (NBR/Buna-N),
ARO-PD05R-AAS-PGG-B,ARO (Ingersoll Rand),PD05R-AAS-PGG-B,NEUMATICA_DOBLE_MEMBRANA,BARATA,0.136,2.724,70.3,1076.81,False,1/2 PUMP ASM. (METAL),0.0,Sin motor electrico (neumatica),0.2,Polipropileno (centro) con cabezales metálicos,Nitrilo (NBR/Buna-N),
ARO-PD05R-BAS-PGG-B,ARO (Ingersoll Rand),PD05R-BAS-PGG-B,NEUMATICA_DOBLE_MEMBRANA,BARATA,0.136,2.724,70.3,1076.81,False,"1/2"" PUMP ASM. (METAL)",0.0,Sin motor electrico (neumatica),0.2,Polipropileno (centro) con cabezales metálicos,Nitrilo (NBR/Buna-N),
ARO-PD05R-BAS-FAA-B,ARO (Ingersoll Rand),PD05R-BAS-FAA-B,NEUMATICA_DOBLE_MEMBRANA,BARATA,0.136,2.724,70.3,1078.65,False,"1/2"" PUMP ASM. (METAL)",0.0,Sin motor electrico (neumatica),0.2,Polipropileno (centro) con cabezales metálicos,Santoprene,
ARO-PD05R-AAS-PCC-B,ARO (Ingersoll Rand),PD05R-AAS-PCC-B,NEUMATICA_DOBLE_MEMBRANA,BARATA,0.136,2.724,70.3,1079.57,False,"1/2"" PUMP ASM. (METAL)",0.0,Sin motor electrico (neumatica),0.2,Polipropileno (centro) con cabezales metálicos,Hytrel,
ARO-PD03P-BDS-DTT,ARO (Ingersoll Rand),PD03P-BDS-DTT,NEUMATICA_DOBLE_MEMBRANA,BARATA,0.12,2.406,70.3,1080.18,False,PUMP ASSEMBLY,0.0,Sin motor electrico (neumatica),0.2,Polipropileno (no metálica),PTFE (Teflón),
ARO-PD05P-BRS-PTT-B,ARO (Ingersoll Rand),PD05P-BRS-PTT-B,NEUMATICA_DOBLE_MEMBRANA,BARATA,0.164,3.27,70.3,1085.0,False,1/2 PUMP ASSEMBLY,0.0,Sin motor electrico (neumatica),0.2,Polipropileno (no metálica),PTFE (Teflón),
ARO-LM2305A-11-B,ARO (Ingersoll Rand),LM2305A-11-B,NEUMATICA_DOBLE_MEMBRANA,BARATA,2.691,53.82,84.6,1086.3,False,"PUMP ASM, 3"" AIR MOTOR, 5:1 RATIO",0.0,Sin motor electrico (neumatica),0.2,,,
ARO-666053-333,ARO (Ingersoll Rand),666053-333,NEUMATICA_DOBLE_MEMBRANA,BARATA,0.164,3.27,70.3,1086.91,False,"PUMP ASSEMBLY (1/2"" PLASTIC DIAPHRAGM PUMP)",0.0,Sin motor electrico (neumatica),0.2,Plástico (no metálico),,
ARO-666053-2A2,ARO (Ingersoll Rand),666053-2A2,NEUMATICA_DOBLE_MEMBRANA,BARATA,0.164,3.27,70.3,1091.5,False,"PUMP ASSEMBLY (1/2"" PLASTIC DIAPHRAGM PUMP)",0.0,Sin motor electrico (neumatica),0.2,Plástico (no metálico),,
ARO-66605J-333,ARO (Ingersoll Rand),66605J-333,NEUMATICA_DOBLE_MEMBRANA,BARATA,0.164,3.27,70.3,1101.6,False,"PUMP ASSEMBLY (1/2"" PLASTIC DIAPHRAGM PUMP)",0.0,Sin motor electrico (neumatica),0.2,Plástico (no metálico),,
ARO-PD05R-BAS-FGG-B,ARO (Ingersoll Rand),PD05R-BAS-FGG-B,NEUMATICA_DOBLE_MEMBRANA,BARATA,0.136,2.724,70.3,1109.86,False,"1/2"" PUMP ASM. (METAL)",0.0,Sin motor electrico (neumatica),0.2,Polipropileno (centro) con cabezales metálicos,Nitrilo (NBR/Buna-N),
ARO-666120-3EB-C,ARO (Ingersoll Rand),666120-3EB-C,NEUMATICA_DOBLE_MEMBRANA,BARATA,0.399,7.98,84.6,1110.0,False,"PUMP ASM, 1"" METAL DIAPHRAGM PUMP",0.0,Sin motor electrico (neumatica),0.2,,Santoprene,
ARO-PD03P-BES-SST,ARO (Ingersoll Rand),PD03P-BES-SST,NEUMATICA_DOBLE_MEMBRANA,BARATA,0.12,2.406,70.3,1113.53,False,DIAP PUMP- 3/8IN- BSP PD03P-BES-SST,0.0,Sin motor electrico (neumatica),0.2,Polipropileno (no metálica),,
ARO-PD05R-AAS-FAA-B,ARO (Ingersoll Rand),PD05R-AAS-FAA-B,NEUMATICA_DOBLE_MEMBRANA,BARATA,0.136,2.724,70.3,1118.12,False,"1/2"" PUMP ASM. (METAL)",0.0,Sin motor electrico (neumatica),0.2,Polipropileno (centro) con cabezales metálicos,Santoprene,
ARO-PD05R-AAS-FGG-B,ARO (Ingersoll Rand),PD05R-AAS-FGG-B,NEUMATICA_DOBLE_MEMBRANA,BARATA,0.136,2.724,70.3,1118.12,False,1/2 PUMP ASM. (METAL),0.0,Sin motor electrico (neumatica),0.2,Polipropileno (centro) con cabezales metálicos,Nitrilo (NBR/Buna-N),
ARO-PD05P-APS-PTT-B,ARO (Ingersoll Rand),PD05P-APS-PTT-B,NEUMATICA_DOBLE_MEMBRANA,BARATA,0.164,3.27,70.3,1120.88,False,1/2 PUMP ASSEMBLY,0.0,Sin motor electrico (neumatica),0.2,Polipropileno (no metálica),PTFE (Teflón),
ARO-PE05P-APS-PTT-BP0,ARO (Ingersoll Rand),PE05P-APS-PTT-BP0,NEUMATICA_DOBLE_MEMBRANA,BARATA,0.136,2.724,70.3,1120.88,False,"1/2"" PUMP ASSEMBLY",0.0,Sin motor electrico (neumatica),0.2,Polipropileno (no metálica),PTFE (Teflón),
ARO-LM2350E-71-B,ARO (Ingersoll Rand),LM2350E-71-B,NEUMATICA_DOBLE_MEMBRANA,BARATA,2.691,53.82,84.6,1122.0,False,"3"" GREASE PUMP-50:1-120LB LM2350E-71-B",0.0,Sin motor electrico (neumatica),0.2,,,
ARO-PD03P-AES-STT,ARO (Ingersoll Rand),PD03P-AES-STT,NEUMATICA_DOBLE_MEMBRANA,BARATA,0.12,2.406,70.3,1126.08,False,PUMP ASSEMBLY,0.0,Sin motor electrico (neumatica),0.2,Polipropileno (no metálica),PTFE (Teflón),
ARO-PD03P-BKS-KTT,ARO (Ingersoll Rand),PD03P-BKS-KTT,NEUMATICA_DOBLE_MEMBRANA,BARATA,0.12,2.406,70.3,1126.39,False,"3/8"" PUMP ASSEMBLY-RESTRICTED",0.0,Sin motor electrico (neumatica),0.2,Polipropileno (no metálica),PTFE (Teflón),
ARO-LM2305A-31-B,ARO (Ingersoll Rand),LM2305A-31-B,NEUMATICA_DOBLE_MEMBRANA,BARATA,2.691,53.82,84.6,1141.38,False,"PUMP ASM, 3"" AIR MOTOR, 5:1 RATIO",0.0,Sin motor electrico (neumatica),0.2,,,
ARO-LM2305A-32-B,ARO (Ingersoll Rand),LM2305A-32-B,NEUMATICA_DOBLE_MEMBRANA,BARATA,2.691,53.82,84.6,1141.38,False,"PUMP ASM, 3"" AIR MOTOR, 5:1 RATIO",0.0,Sin motor electrico (neumatica),0.2,,,
ARO-PE05P-BRS-PAA-BS0,ARO (Ingersoll Rand),PE05P-BRS-PAA-BS0,NEUMATICA_DOBLE_MEMBRANA,BARATA,0.136,2.724,70.3,1152.09,False,"1/2"" PUMP ASSEMBLY",0.0,Sin motor electrico (neumatica),0.2,Polipropileno (no metálica),Santoprene,
ARO-PD05P-AAS-PAA,ARO (Ingersoll Rand),PD05P-AAS-PAA,NEUMATICA_DOBLE_MEMBRANA,BARATA,0.164,3.27,70.3,1156.68,False,1/2ALUM PUMP ASM.,0.0,Sin motor electrico (neumatica),0.2,Polipropileno (no metálica),Santoprene,
ARO-PE05P-BRS-PTT-BP0,ARO (Ingersoll Rand),PE05P-BRS-PTT-BP0,NEUMATICA_DOBLE_MEMBRANA,BARATA,0.136,2.724,70.3,1163.11,False,"1/2"" PUMP ASSEMBLY",0.0,Sin motor electrico (neumatica),0.2,Polipropileno (no metálica),PTFE (Teflón),
ARO-PD05R-AAS-SAA-B,ARO (Ingersoll Rand),PD05R-AAS-SAA-B,NEUMATICA_DOBLE_MEMBRANA,BARATA,0.136,2.724,70.3,1169.53,False,"1/2"" PUMP ASM. (METAL)",0.0,Sin motor electrico (neumatica),0.2,Polipropileno (centro) con cabezales metálicos,Santoprene,
ARO-666053-334,ARO (Ingersoll Rand),666053-334,NEUMATICA_DOBLE_MEMBRANA,BARATA,0.164,3.27,70.3,1172.29,False,"PUMP ASSEMBLY (1/2"" PLASTIC DIAPHRAGM PUMP)",0.0,Sin motor electrico (neumatica),0.2,Plástico (no metálico),,
ARO-PD05P-AAS-FGG,ARO (Ingersoll Rand),PD05P-AAS-FGG,NEUMATICA_DOBLE_MEMBRANA,BARATA,0.164,3.27,70.3,1175.04,False,"PUMP, DIAPHRAGM 1/2 ALUM PD05P-AAS-FGG",0.0,Sin motor electrico (neumatica),0.2,Polipropileno (no metálica),Nitrilo (NBR/Buna-N),
ARO-PD03P-ALS-KTT,ARO (Ingersoll Rand),PD03P-ALS-KTT,NEUMATICA_DOBLE_MEMBRANA,BARATA,0.12,2.406,70.3,1175.96,False,"3/8"" PUMP ASSEMBLY - RESTRICTED",0.0,Sin motor electrico (neumatica),0.2,Polipropileno (no metálica),PTFE (Teflón),
ARO-PD03P-BLS-KTT,ARO (Ingersoll Rand),PD03P-BLS-KTT,NEUMATICA_DOBLE_MEMBRANA,BARATA,0.12,2.406,70.3,1175.96,False,"3/8"" PUMP ASSEMBLY-RESTRICTED",0.0,Sin motor electrico (neumatica),0.2,Polipropileno (no metálica),PTFE (Teflón),
ARO-666053-3A4,ARO (Ingersoll Rand),666053-3A4,NEUMATICA_DOBLE_MEMBRANA,BARATA,0.164,3.27,70.3,1189.73,False,"PUMP ASSEMBLY (1/2"" PLASTIC DIAPHRAGM PUMP)",0.0,Sin motor electrico (neumatica),0.2,Plástico (no metálico),,
ARO-PD05P-BPS-PTT-B,ARO (Ingersoll Rand),PD05P-BPS-PTT-B,NEUMATICA_DOBLE_MEMBRANA,BARATA,0.164,3.27,70.3,1200.74,False,"1/2"" PUMP ASSEMBLY",0.0,Sin motor electrico (neumatica),0.2,Polipropileno (no metálica),PTFE (Teflón),
ARO-PE05P-BPS-PTT-BD0,ARO (Ingersoll Rand),PE05P-BPS-PTT-BD0,NEUMATICA_DOBLE_MEMBRANA,BARATA,0.136,2.724,70.3,1201.66,False,"1/2"" PUMP ASSEMBLY",0.0,Sin motor electrico (neumatica),0.2,Polipropileno (no metálica),PTFE (Teflón),
ARO-66605H-622,ARO (Ingersoll Rand),66605H-622,NEUMATICA_DOBLE_MEMBRANA,BARATA,0.164,3.27,70.3,1203.5,False,"PUMP ASSEMBLY (1/2"" PLASTIC DIAPHRAGM PUMP)",0.0,Sin motor electrico (neumatica),0.2,Plástico (no metálico),,
ARO-66605H-6EB,ARO (Ingersoll Rand),66605H-6EB,NEUMATICA_DOBLE_MEMBRANA,BARATA,0.164,3.27,70.3,1203.5,False,"PUMP ASSEMBLY (1/2"" PLASTIC DIAPHRAGM PUMP)",0.0,Sin motor electrico (neumatica),0.2,Plástico (no metálico),,
ARO-LM2305A-42-B,ARO (Ingersoll Rand),LM2305A-42-B,NEUMATICA_DOBLE_MEMBRANA,BARATA,2.691,53.82,84.6,1204.62,False,"PUMP ASM, 3"" AIR MOTOR, 5:1 RATIO",0.0,Sin motor electrico (neumatica),0.2,,,
ARO-PE03P-BPS-PAA-ADF,ARO (Ingersoll Rand),PE03P-BPS-PAA-ADF,NEUMATICA_DOBLE_MEMBRANA,BARATA,0.12,2.406,70.3,1205.33,False,"3/8"" PUMP ASSEMBLY",0.0,Sin motor electrico (neumatica),0.2,Polipropileno (no metálica),Santoprene,
ARO-PE03P-BRS-PAA-ADF,ARO (Ingersoll Rand),PE03P-BRS-PAA-ADF,NEUMATICA_DOBLE_MEMBRANA,BARATA,0.12,2.406,70.3,1205.33,False,"3/8"" PUMP ASM",0.0,Sin motor electrico (neumatica),0.2,Polipropileno (no metálica),Santoprene,
ARO-670109,ARO (Ingersoll Rand),670109,NEUMATICA_DOBLE_MEMBRANA,BARATA,0.136,2.724,70.3,1208.09,False,"1/2"" DIAPHRAGM PUMP (NON-METALLIC)",0.0,Sin motor electrico (neumatica),0.2,,,
ARO-66605J-0D2,ARO (Ingersoll Rand),66605J-0D2,NEUMATICA_DOBLE_MEMBRANA,BARATA,0.164,3.27,70.3,1211.76,False,"PUMP ASSEMBLY (1/2"" PLASTIC DIAPHRAGM PUMP)",0.0,Sin motor electrico (neumatica),0.2,Plástico (no metálico),,
ARO-PD05R-BAS-FTT-B,ARO (Ingersoll Rand),PD05R-BAS-FTT-B,NEUMATICA_DOBLE_MEMBRANA,BARATA,0.136,2.724,70.3,1215.0,False,"1/2"" PUMP ASM. (METAL)",0.0,Sin motor electrico (neumatica),0.2,Polipropileno (centro) con cabezales metálicos,PTFE (Teflón),
ARO-PD05P-ARS-PTT-B,ARO (Ingersoll Rand),PD05P-ARS-PTT-B,NEUMATICA_DOBLE_MEMBRANA,BARATA,0.164,3.27,70.3,1218.19,False,1/2 PUMP ASSEMBLY,0.0,Sin motor electrico (neumatica),0.2,Polipropileno (no metálica),PTFE (Teflón),
ARO-PD05A-AAS-PAA-B,ARO (Ingersoll Rand),PD05A-AAS-PAA-B,NEUMATICA_DOBLE_MEMBRANA,BARATA,0.136,2.724,70.3,1231.04,False,"1/2"" PUMP ASM. (METAL)",0.0,Sin motor electrico (neumatica),0.2,Aluminio,Santoprene,
ARO-PD05A-AAS-PCC-B,ARO (Ingersoll Rand),PD05A-AAS-PCC-B,NEUMATICA_DOBLE_MEMBRANA,BARATA,0.136,2.724,70.3,1233.79,False,"1/2"" PUMP ASM. (METAL)",0.0,Sin motor electrico (neumatica),0.2,Aluminio,Hytrel,
ARO-PD05P-AES-SAA-B,ARO (Ingersoll Rand),PD05P-AES-SAA-B,NEUMATICA_DOBLE_MEMBRANA,BARATA,0.164,3.27,70.3,1241.14,False,1/2 PUMP ASSEMBLY,0.0,Sin motor electrico (neumatica),0.2,Polipropileno (no metálica),Santoprene,
ARO-PE05P-BRS-PTT-BD0,ARO (Ingersoll Rand),PE05P-BRS-PTT-BD0,NEUMATICA_DOBLE_MEMBRANA,BARATA,0.136,2.724,70.3,1243.89,False,"1/2"" PUMP ASSEMBLY",0.0,Sin motor electrico (neumatica),0.2,Polipropileno (no metálica),PTFE (Teflón),
ARO-PD05A-AAS-FAA-B,ARO (Ingersoll Rand),PD05A-AAS-FAA-B,NEUMATICA_DOBLE_MEMBRANA,BARATA,0.136,2.724,70.3,1247.56,False,"1/2"" PUMP ASM. (METAL)",0.0,Sin motor electrico (neumatica),0.2,Aluminio,Santoprene,
ARO-LM2305A-52-B,ARO (Ingersoll Rand),LM2305A-52-B,NEUMATICA_DOBLE_MEMBRANA,BARATA,2.691,53.82,84.6,1248.48,False,"PUMP ASM, 3"" AIR MOTOR, 5:1 RATIO",0.0,Sin motor electrico (neumatica),0.2,,,
ARO-PD07P-APS-PTT,ARO (Ingersoll Rand),PD07P-APS-PTT,NEUMATICA_DOBLE_MEMBRANA,BARATA,0.168,3.36,70.3,1257.66,False,PUMP ASM,0.0,Sin motor electrico (neumatica),0.2,Polipropileno (no metálica),PTFE (Teflón),
ARO-PD05A-AAS-FGG-B,ARO (Ingersoll Rand),PD05A-AAS-FGG-B,NEUMATICA_DOBLE_MEMBRANA,BARATA,0.136,2.724,70.3,1272.35,False,"1/2"" PUMP ASM. (METAL)",0.0,Sin motor electrico (neumatica),0.2,Aluminio,Nitrilo (NBR/Buna-N),
ARO-PD03P-AKS-KTT,ARO (Ingersoll Rand),PD03P-AKS-KTT,NEUMATICA_DOBLE_MEMBRANA,BARATA,0.12,2.406,70.3,1276.02,False,"3/8"" PUMP ASSEMBLY - RESTRICTED",0.0,Sin motor electrico (neumatica),0.2,Polipropileno (no metálica),PTFE (Teflón),
ARO-PD05A-BAS-PGG-B,ARO (Ingersoll Rand),PD05A-BAS-PGG-B,NEUMATICA_DOBLE_MEMBRANA,BARATA,0.136,2.724,70.3,1276.94,False,"1/2"" PUMP ASM. (METAL)",0.0,Sin motor electrico (neumatica),0.2,Aluminio (centro),Nitrilo (NBR/Buna-N),
ARO-PE03P-ARS-PAA-A0F,ARO (Ingersoll Rand),PE03P-ARS-PAA-A0F,NEUMATICA_DOBLE_MEMBRANA,BARATA,0.12,2.406,70.3,1292.34,False,"3/8"" PUMP",0.0,Sin motor electrico (neumatica),0.2,Polipropileno (no metálica),Santoprene,
ARO-670128,ARO (Ingersoll Rand),670128,NEUMATICA_DOBLE_MEMBRANA,BARATA,0.136,2.724,70.3,1304.48,False,"1/2"" DIAPHRAGM PUMP",0.0,Sin motor electrico (neumatica),0.2,,,
ARO-PE03P-BDS-DAA-AH0,ARO (Ingersoll Rand),PE03P-BDS-DAA-AH0,NEUMATICA_DOBLE_MEMBRANA,BARATA,0.12,2.406,70.3,1304.48,False,"3/8"" PUMP ASSEMBLY",0.0,Sin motor electrico (neumatica),0.2,Polipropileno (no metálica),Santoprene,
ARO-PE05P-ARS-PAA-BDF,ARO (Ingersoll Rand),PE05P-ARS-PAA-BDF,NEUMATICA_DOBLE_MEMBRANA,BARATA,0.136,2.724,70.3,1319.17,False,"1/2"" PUMP ASSEMBLY",0.0,Sin motor electrico (neumatica),0.2,Polipropileno (no metálica),Santoprene,
ARO-PD05R-BAS-PTT-B,ARO (Ingersoll Rand),PD05R-BAS-PTT-B,NEUMATICA_DOBLE_MEMBRANA,BARATA,0.136,2.724,70.3,1321.92,False,"1/2"" PUMP ASM. (METAL)",0.0,Sin motor electrico (neumatica),0.2,Polipropileno (centro) con cabezales metálicos,PTFE (Teflón),
ARO-PD07R-AAS-FAA,ARO (Ingersoll Rand),PD07R-AAS-FAA,NEUMATICA_DOBLE_MEMBRANA,BARATA,0.154,3.09,70.3,1322.84,False,DIAP PUMP-3/4IN-MET PD07R-AAS-FAA,0.0,Sin motor electrico (neumatica),0.2,Polipropileno (centro) con cabezales metálicos,Santoprene,
ARO-PE05P-BRS-PAA-B0F,ARO (Ingersoll Rand),PE05P-BRS-PAA-B0F,NEUMATICA_DOBLE_MEMBRANA,BARATA,0.136,2.724,70.3,1323.96,False,"1/2"" DIAPHRAGM PUMP ASSEMBLY",0.0,Sin motor electrico (neumatica),0.2,Polipropileno (no metálica),Santoprene,
ARO-PD07R-BAS-FAA,ARO (Ingersoll Rand),PD07R-BAS-FAA,NEUMATICA_DOBLE_MEMBRANA,BARATA,0.154,3.09,70.3,1325.59,False,DIAP PUMP-3/4IN-MET-BSP PD07R-BAS-FAA,0.0,Sin motor electrico (neumatica),0.2,Polipropileno (centro) con cabezales metálicos,Santoprene,
ARO-PD05R-AAS-FTT-B,ARO (Ingersoll Rand),PD05R-AAS-FTT-B,NEUMATICA_DOBLE_MEMBRANA,BARATA,0.136,2.724,70.3,1327.43,False,1/2 PUMP ASM. (METAL),0.0,Sin motor electrico (neumatica),0.2,Polipropileno (centro) con cabezales metálicos,PTFE (Teflón),
ARO-666070-3EB-A,ARO (Ingersoll Rand),666070-3EB-A,NEUMATICA_DOBLE_MEMBRANA,BARATA,0.154,3.09,70.3,1334.77,False,"PUMP ASM, 3/4"" METAL DIAPHRAGM PUMP",0.0,Sin motor electrico (neumatica),0.2,,,
ARO-666120-322-C,ARO (Ingersoll Rand),666120-322-C,NEUMATICA_DOBLE_MEMBRANA,BARATA,0.399,7.98,84.6,1335.0,False,"PUMP ASM, 1"" METAL DIAPHRAGM PUMP",0.0,Sin motor electrico (neumatica),0.2,,Nitrilo (NBR/Buna-N),
ARO-PE05R-BAS-FTT-BP0,ARO (Ingersoll Rand),PE05R-BAS-FTT-BP0,NEUMATICA_DOBLE_MEMBRANA,BARATA,0.136,2.724,70.3,1353.13,False,"1/2"" PUMP ASM",0.0,Sin motor electrico (neumatica),0.2,Polipropileno (centro) con cabezales metálicos,PTFE (Teflón),
ARO-PD07P-BPS-PTT,ARO (Ingersoll Rand),PD07P-BPS-PTT,NEUMATICA_DOBLE_MEMBRANA,BARATA,0.168,3.36,70.3,1365.0,False,3/4 PUMP ASM (NON-METAL),0.0,Sin motor electrico (neumatica),0.2,Polipropileno (no metálica),PTFE (Teflón),
ARO-66607A-3EB-A,ARO (Ingersoll Rand),66607A-3EB-A,NEUMATICA_DOBLE_MEMBRANA,BARATA,0.154,3.09,70.3,1366.9,False,"PUMP ASM, 3/4"" METAL DIAPHRAGM PUMP",0.0,Sin motor electrico (neumatica),0.2,,,
ARO-PD05A-AAS-PGG-B,ARO (Ingersoll Rand),PD05A-AAS-PGG-B,NEUMATICA_DOBLE_MEMBRANA,BARATA,0.136,2.724,70.3,1367.82,False,"1/2"" PUMP ASM. (METAL)",0.0,Sin motor electrico (neumatica),0.2,Aluminio,Nitrilo (NBR/Buna-N),
ARO-666070-1EB-A,ARO (Ingersoll Rand),666070-1EB-A,NEUMATICA_DOBLE_MEMBRANA,BARATA,0.154,3.09,70.3,1372.41,False,"PUMP ASM, 3/4"" METAL DIAPHRAGM PUMP",0.0,Sin motor electrico (neumatica),0.2,,,
ARO-666070-3C9-A,ARO (Ingersoll Rand),666070-3C9-A,NEUMATICA_DOBLE_MEMBRANA,BARATA,0.154,3.09,70.3,1372.41,False,"PUMP ASM, 3/4"" METAL DIAPHRAGM PUMP",0.0,Sin motor electrico (neumatica),0.2,,,
ARO-666080-1EB-A,ARO (Ingersoll Rand),666080-1EB-A,NEUMATICA_DOBLE_MEMBRANA,BARATA,0.154,3.09,70.3,1372.41,False,"PUMP ASM, 3/4"" METAL DIAPHRAGM PUMP",0.0,Sin motor electrico (neumatica),0.2,,,
ARO-666080-3C9-A,ARO (Ingersoll Rand),666080-3C9-A,NEUMATICA_DOBLE_MEMBRANA,BARATA,0.154,3.09,70.3,1372.41,False,"PUMP ASM, 3/4"" METAL DIAPHRAGM PUMP",0.0,Sin motor electrico (neumatica),0.2,,,
ARO-PE03P-BPS-PTT-ADF,ARO (Ingersoll Rand),PE03P-BPS-PTT-ADF,NEUMATICA_DOBLE_MEMBRANA,BARATA,0.12,2.406,70.3,1372.41,False,"3/8"" PUMP ASSEMBLY",0.0,Sin motor electrico (neumatica),0.2,Polipropileno (no metálica),PTFE (Teflón),
ARO-PE05P-BRS-PTT-BS0,ARO (Ingersoll Rand),PE05P-BRS-PTT-BS0,NEUMATICA_DOBLE_MEMBRANA,BARATA,0.136,2.724,70.3,1372.41,False,"1/2"" PUMP ASSEMBLY",0.0,Sin motor electrico (neumatica),0.2,Polipropileno (no metálica),PTFE (Teflón),
ARO-670283-A,ARO (Ingersoll Rand),670283-A,NEUMATICA_DOBLE_MEMBRANA,BARATA,0.164,3.27,70.3,1375.98,False,"1/2"" OEM PLASTIC DIAPHRAGM PUMP",0.0,Sin motor electrico (neumatica),0.2,Plástico (no metálico),,
ARO-670127,ARO (Ingersoll Rand),670127,NEUMATICA_DOBLE_MEMBRANA,BARATA,0.136,2.724,70.3,1384.34,False,"PUMP ASM (1/2"" DIAPHRAGM PUMP)",0.0,Sin motor electrico (neumatica),0.2,,,
ARO-PD07P-APS-PTL,ARO (Ingersoll Rand),PD07P-APS-PTL,NEUMATICA_DOBLE_MEMBRANA,BARATA,0.168,3.36,70.3,1388.93,False,"3/4"" PUMP ASM (NON-METAL)",0.0,Sin motor electrico (neumatica),0.2,Polipropileno (no metálica),,
ARO-66607A-1EB-A,ARO (Ingersoll Rand),66607A-1EB-A,NEUMATICA_DOBLE_MEMBRANA,BARATA,0.154,3.09,70.3,1402.7,False,"PUMP ASM, 3/4"" METAL DIAPHRAGM PUMP",0.0,Sin motor electrico (neumatica),0.2,,,
ARO-PD05R-AAS-STT-B,ARO (Ingersoll Rand),PD05R-AAS-STT-B,NEUMATICA_DOBLE_MEMBRANA,BARATA,0.136,2.724,70.3,1404.54,False,1/2 PUMP ASM. (METAL),0.0,Sin motor electrico (neumatica),0.2,Polipropileno (centro) con cabezales metálicos,PTFE (Teflón),
ARO-PD05P-AES-DTT-B,ARO (Ingersoll Rand),PD05P-AES-DTT-B,NEUMATICA_DOBLE_MEMBRANA,BARATA,0.164,3.27,70.3,1407.29,False,1/2 PUMP ASSEMBLY,0.0,Sin motor electrico (neumatica),0.2,Polipropileno (no metálica),PTFE (Teflón),
ARO-666070-1C9-A,ARO (Ingersoll Rand),666070-1C9-A,NEUMATICA_DOBLE_MEMBRANA,BARATA,0.154,3.09,70.3,1409.13,False,"PUMP ASM, 3/4"" METAL DIAPHRAGM PUMP",0.0,Sin motor electrico (neumatica),0.2,,,
ARO-666080-1C9-A,ARO (Ingersoll Rand),666080-1C9-A,NEUMATICA_DOBLE_MEMBRANA,BARATA,0.154,3.09,70.3,1409.13,False,"PUMP ASM, 3/4"" METAL DIAPHRAGM PUMP",0.0,Sin motor electrico (neumatica),0.2,,,
ARO-666080-3EB-A,ARO (Ingersoll Rand),666080-3EB-A,NEUMATICA_DOBLE_MEMBRANA,BARATA,0.154,3.09,70.3,1415.56,False,"PUMP ASM, 3/4"" METAL DIAPHRAGM PUMP",0.0,Sin motor electrico (neumatica),0.2,,,
ARO-PD05P-AAS-FTT,ARO (Ingersoll Rand),PD05P-AAS-FTT,NEUMATICA_DOBLE_MEMBRANA,BARATA,0.164,3.27,70.3,1416.47,False,1/2 METALLIC PUMP,0.0,Sin motor electrico (neumatica),0.2,Polipropileno (no metálica),PTFE (Teflón),
ARO-PD05R-BAS-SVV-B,ARO (Ingersoll Rand),PD05R-BAS-SVV-B,NEUMATICA_DOBLE_MEMBRANA,BARATA,0.136,2.724,70.3,1424.74,False,"1/2"" PUMP ASM. (METAL)",0.0,Sin motor electrico (neumatica),0.2,Polipropileno (centro) con cabezales metálicos,,
ARO-PD05A-AAS-FCC-B,ARO (Ingersoll Rand),PD05A-AAS-FCC-B,NEUMATICA_DOBLE_MEMBRANA,BARATA,0.136,2.724,70.3,1430.24,False,"1/2"" PUMP ASM. (METAL)",0.0,Sin motor electrico (neumatica),0.2,Aluminio,Hytrel,
ARO-666056-6A4,ARO (Ingersoll Rand),666056-6A4,NEUMATICA_DOBLE_MEMBRANA,BARATA,0.164,3.27,70.3,1433.92,False,"PUMP ASSEMBLY (1/2"" PLASTIC DIAPHRAGM PUMP)",0.0,Sin motor electrico (neumatica),0.2,Plástico (no metálico),,
ARO-66605H-6A4,ARO (Ingersoll Rand),66605H-6A4,NEUMATICA_DOBLE_MEMBRANA,BARATA,0.164,3.27,70.3,1448.6,False,"PUMP ASSEMBLY (1/2"" PLASTIC DIAPHRAGM PUMP)",0.0,Sin motor electrico (neumatica),0.2,Plástico (no metálico),,
ARO-6661AF-322-C,ARO (Ingersoll Rand),6661AF-322-C,NEUMATICA_DOBLE_MEMBRANA,BARATA,0.534,10.68,84.6,1456.87,False,"PLASTIC, 1"" DIAPHRAGM PUMP",0.0,Sin motor electrico (neumatica),0.2,Plástico (no metálico),,
ARO-PD07R-AAS-PCC,ARO (Ingersoll Rand),PD07R-AAS-PCC,NEUMATICA_DOBLE_MEMBRANA,BARATA,0.154,3.09,70.3,1456.87,False,PUMP ASM (ALUM),0.0,Sin motor electrico (neumatica),0.2,Polipropileno (centro) con cabezales metálicos,Hytrel,
ARO-PD05R-BAS-STT-B,ARO (Ingersoll Rand),PD05R-BAS-STT-B,NEUMATICA_DOBLE_MEMBRANA,BARATA,0.136,2.724,70.3,1457.78,False,"1/2"" PUMP ASM. (METAL)",0.0,Sin motor electrico (neumatica),0.2,Polipropileno (centro) con cabezales metálicos,PTFE (Teflón),
ARO-PD05R-BAS-SST-B,ARO (Ingersoll Rand),PD05R-BAS-SST-B,NEUMATICA_DOBLE_MEMBRANA,BARATA,0.136,2.724,70.3,1459.62,False,"1/2"" PUMP ASM. (METAL)",0.0,Sin motor electrico (neumatica),0.2,Polipropileno (centro) con cabezales metálicos,,
ARO-PD05P-BDS-DTT-B,ARO (Ingersoll Rand),PD05P-BDS-DTT-B,NEUMATICA_DOBLE_MEMBRANA,BARATA,0.164,3.27,70.3,1466.05,False,"1/2"" PUMP ASSEMBLY",0.0,Sin motor electrico (neumatica),0.2,Polipropileno (no metálica),PTFE (Teflón),
ARO-PD05A-AAS-SVV-B,ARO (Ingersoll Rand),PD05A-AAS-SVV-B,NEUMATICA_DOBLE_MEMBRANA,BARATA,0.136,2.724,70.3,1467.88,False,"1/2"" PUMP ASM. (METAL)",0.0,Sin motor electrico (neumatica),0.2,Aluminio,,
ARO-PD05A-AAS-PTT-B,ARO (Ingersoll Rand),PD05A-AAS-PTT-B,NEUMATICA_DOBLE_MEMBRANA,BARATA,0.136,2.724,70.3,1469.72,False,"1/2"" PUMP ASM. (METAL)",0.0,Sin motor electrico (neumatica),0.2,Aluminio,PTFE (Teflón),
ARO-PD05P-AES-STT-B,ARO (Ingersoll Rand),PD05P-AES-STT-B,NEUMATICA_DOBLE_MEMBRANA,BARATA,0.164,3.27,70.3,1482.57,False,"1/2"" PUMP ASSEMBLY",0.0,Sin motor electrico (neumatica),0.2,Polipropileno (no metálica),PTFE (Teflón),
ARO-PD07R-BAS-PTT,ARO (Ingersoll Rand),PD07R-BAS-PTT,NEUMATICA_DOBLE_MEMBRANA,BARATA,0.154,3.09,70.3,1491.75,False,DIAP PUMP-3/4IN-MET-BSP PD07R-BAS-PTT,0.0,Sin motor electrico (neumatica),0.2,Polipropileno (centro) con cabezales metálicos,PTFE (Teflón),
ARO-PD05P-AAS-PTT,ARO (Ingersoll Rand),PD05P-AAS-PTT,NEUMATICA_DOBLE_MEMBRANA,BARATA,0.164,3.27,70.3,1493.59,False,PUMP ASSEMBLY 1/2 PD05P-AAS-PTT,0.0,Sin motor electrico (neumatica),0.2,Polipropileno (no metálica),PTFE (Teflón),
ARO-PD05P-AAS-STT,ARO (Ingersoll Rand),PD05P-AAS-STT,NEUMATICA_DOBLE_MEMBRANA,BARATA,0.164,3.27,70.3,1501.85,False,1/2 ALUM PUMP ASM,0.0,Sin motor electrico (neumatica),0.2,Polipropileno (no metálica),PTFE (Teflón),
ARO-6661AP-3EB-C,ARO (Ingersoll Rand),6661AP-3EB-C,NEUMATICA_DOBLE_MEMBRANA,BARATA,0.534,10.68,84.6,1504.6,False,"PLASTIC, 1"" DIAPHRAGM PUMP",0.0,Sin motor electrico (neumatica),0.2,Plástico (no metálico),,
ARO-PE05R-BAS-FTT-BS0,ARO (Ingersoll Rand),PE05R-BAS-FTT-BS0,NEUMATICA_DOBLE_MEMBRANA,BARATA,0.136,2.724,70.3,1504.6,False,"1/2"" PUMP ASM",0.0,Sin motor electrico (neumatica),0.2,Polipropileno (centro) con cabezales metálicos,PTFE (Teflón),
ARO-666100-362-C,ARO (Ingersoll Rand),666100-362-C,NEUMATICA_DOBLE_MEMBRANA,BARATA,0.399,7.98,84.6,1506.44,False,"PUMP ASM, 1"" METAL DIAPHRAGM PUMP",0.0,Sin motor electrico (neumatica),0.2,,Nitrilo (NBR/Buna-N),
ARO-PD05R-BAS-FTL-B,ARO (Ingersoll Rand),PD05R-BAS-FTL-B,NEUMATICA_DOBLE_MEMBRANA,BARATA,0.136,2.724,70.3,1506.44,False,"1/2"" PUMP ASM. (METAL)",0.0,Sin motor electrico (neumatica),0.2,Polipropileno (centro) con cabezales metálicos,,
ARO-PD07R-BAS-FCC,ARO (Ingersoll Rand),PD07R-BAS-FCC,NEUMATICA_DOBLE_MEMBRANA,BARATA,0.154,3.09,70.3,1509.19,False,DIAP PUMP-3/4IN-MET-BSP PD07R-BAS-FCC,0.0,Sin motor electrico (neumatica),0.2,Polipropileno (centro) con cabezales metálicos,Hytrel,
ARO-666100-3C9-C,ARO (Ingersoll Rand),666100-3C9-C,NEUMATICA_DOBLE_MEMBRANA,BARATA,0.399,7.98,84.6,1511.95,False,"PUMP ASM, 1"" METAL DIAPHRAGM PUMP",0.0,Sin motor electrico (neumatica),0.2,,Hytrel,
ARO-PE05A-BAS-FAA-BD0,ARO (Ingersoll Rand),PE05A-BAS-FAA-BD0,NEUMATICA_DOBLE_MEMBRANA,BARATA,0.136,2.724,70.3,1511.95,False,"1/2"" PUMP ASSEMBLY",0.0,Sin motor electrico (neumatica),0.2,Aluminio (centro),Santoprene,
ARO-PD05P-BES-DTT-B,ARO (Ingersoll Rand),PD05P-BES-DTT-B,NEUMATICA_DOBLE_MEMBRANA,BARATA,0.164,3.27,70.3,1532.14,False,1/2 PUMP ASSEMBLY,0.0,Sin motor electrico (neumatica),0.2,Polipropileno (no metálica),PTFE (Teflón),
ARO-666100-311-C,ARO (Ingersoll Rand),666100-311-C,NEUMATICA_DOBLE_MEMBRANA,BARATA,0.399,7.98,84.6,1535.81,False,"PUMP ASM, 1"" METAL DIAPHRAGM PUMP",0.0,Sin motor electrico (neumatica),0.2,,Neopreno,
ARO-666100-322-C,ARO (Ingersoll Rand),666100-322-C,NEUMATICA_DOBLE_MEMBRANA,BARATA,0.399,7.98,84.6,1535.81,False,"PUMP ASM, 1"" METAL DIAPHRAGM PUMP",0.0,Sin motor electrico (neumatica),0.2,,Nitrilo (NBR/Buna-N),
ARO-666100-3EB-C,ARO (Ingersoll Rand),666100-3EB-C,NEUMATICA_DOBLE_MEMBRANA,BARATA,0.399,7.98,84.6,1535.81,False,"PUMP ASM, 1"" METAL DIAPHRAGM PUMP",0.0,Sin motor electrico (neumatica),0.2,,Santoprene,
ARO-666120-311-C,ARO (Ingersoll Rand),666120-311-C,NEUMATICA_DOBLE_MEMBRANA,BARATA,0.399,7.98,84.6,1535.81,False,"PUMP ASM, 1"" METAL DIAPHRAGM PUMP",0.0,Sin motor electrico (neumatica),0.2,,Neopreno,
ARO-666120-362-C,ARO (Ingersoll Rand),666120-362-C,NEUMATICA_DOBLE_MEMBRANA,BARATA,0.399,7.98,84.6,1535.81,False,"PUMP ASM, 1"" METAL DIAPHRAGM PUMP",0.0,Sin motor electrico (neumatica),0.2,,Nitrilo (NBR/Buna-N),
ARO-6661AJ-311-C,ARO (Ingersoll Rand),6661AJ-311-C,NEUMATICA_DOBLE_MEMBRANA,BARATA,0.534,10.68,84.6,1553.26,False,"PLASTIC, 1"" DIAPHRAGM PUMP",0.0,Sin motor electrico (neumatica),0.2,Plástico (no metálico),,
ARO-PD07R-AAS-FTT,ARO (Ingersoll Rand),PD07R-AAS-FTT,NEUMATICA_DOBLE_MEMBRANA,BARATA,0.154,3.09,70.3,1558.76,False,DIAP PUMP-3/4IN-MET PD07R-AAS-FTT,0.0,Sin motor electrico (neumatica),0.2,Polipropileno (centro) con cabezales metálicos,PTFE (Teflón),
ARO-PE05P-ARS-PTT-BDF,ARO (Ingersoll Rand),PE05P-ARS-PTT-BDF,NEUMATICA_DOBLE_MEMBRANA,BARATA,0.136,2.724,70.3,1561.52,False,"1/2"" PUMP ASSEMBLY",0.0,Sin motor electrico (neumatica),0.2,Polipropileno (no metálica),PTFE (Teflón),
ARO-666100-422-C,ARO (Ingersoll Rand),666100-422-C,NEUMATICA_DOBLE_MEMBRANA,BARATA,0.399,7.98,84.6,1562.44,False,"PUMP ASM, 1"" METAL DIAPHRAGM PUMP",0.0,Sin motor electrico (neumatica),0.2,,Nitrilo (NBR/Buna-N),
ARO-666100-4EB-C,ARO (Ingersoll Rand),666100-4EB-C,NEUMATICA_DOBLE_MEMBRANA,BARATA,0.399,7.98,84.6,1562.44,False,"PUMP ASM, 1"" METAL DIAPHRAGM PUMP",0.0,Sin motor electrico (neumatica),0.2,,Santoprene,
ARO-6661A3-349-C,ARO (Ingersoll Rand),6661A3-349-C,NEUMATICA_DOBLE_MEMBRANA,BARATA,0.534,10.68,84.6,1562.44,False,"PLASTIC, 1"" DIAPHRAGM PUMP",0.0,Sin motor electrico (neumatica),0.2,Plástico (no metálico),,
ARO-6661A3-34B-C,ARO (Ingersoll Rand),6661A3-34B-C,NEUMATICA_DOBLE_MEMBRANA,BARATA,0.534,10.68,84.6,1562.44,False,"PLASTIC, 1"" DIAPHRAGM PUMP",0.0,Sin motor electrico (neumatica),0.2,Plástico (no metálico),,
ARO-PD05A-AAS-STT-B,ARO (Ingersoll Rand),PD05A-AAS-STT-B,NEUMATICA_DOBLE_MEMBRANA,BARATA,0.136,2.724,70.3,1565.19,False,1/2 PUMP ASM. (METAL),0.0,Sin motor electrico (neumatica),0.2,Aluminio,PTFE (Teflón),
ARO-PD05P-BAS-STT,ARO (Ingersoll Rand),PD05P-BAS-STT,NEUMATICA_DOBLE_MEMBRANA,BARATA,0.164,3.27,70.3,1569.78,False,"1/2"" ALUMINUM PUMP",0.0,Sin motor electrico (neumatica),0.2,Aluminio,,
ARO-PD05A-AAS-SST-B,ARO (Ingersoll Rand),PD05A-AAS-SST-B,NEUMATICA_DOBLE_MEMBRANA,BARATA,0.136,2.724,70.3,1570.7,False,"1/2"" PUMP ASM. (METAL)",0.0,Sin motor electrico (neumatica),0.2,Aluminio,,
ARO-666120-122-C,ARO (Ingersoll Rand),666120-122-C,NEUMATICA_DOBLE_MEMBRANA,BARATA,0.399,7.98,84.6,1571.62,False,"PUMP ASM, 1"" METAL DIAPHRAGM PUMP",0.0,Sin motor electrico (neumatica),0.2,,Nitrilo (NBR/Buna-N),
ARO-666100-122-C,ARO (Ingersoll Rand),666100-122-C,NEUMATICA_DOBLE_MEMBRANA,BARATA,0.399,7.98,84.6,1578.96,False,"PUMP ASM, 1"" METAL DIAPHRAGM PUMP",0.0,Sin motor electrico (neumatica),0.2,,Nitrilo (NBR/Buna-N),
ARO-666120-344-C,ARO (Ingersoll Rand),666120-344-C,NEUMATICA_DOBLE_MEMBRANA,BARATA,0.399,7.98,84.6,1595.0,False,"PUMP ASM, 1"" METAL DIAPHRAGM PUMP",0.0,Sin motor electrico (neumatica),0.2,,PTFE (Teflón)/Santoprene,
ARO-666120-222-C,ARO (Ingersoll Rand),666120-222-C,NEUMATICA_DOBLE_MEMBRANA,BARATA,0.399,7.98,84.6,1601.91,False,"PUMP ASM, 1"" METAL DIAPHRAGM PUMP",0.0,Sin motor electrico (neumatica),0.2,,Nitrilo (NBR/Buna-N),
ARO-PD05A-AAS-FTT-B,ARO (Ingersoll Rand),PD05A-AAS-FTT-B,NEUMATICA_DOBLE_MEMBRANA,BARATA,0.136,2.724,70.3,1604.66,False,1/2 PUMP ASM. (METAL),0.0,Sin motor electrico (neumatica),0.2,Aluminio,PTFE (Teflón),
ARO-666100-111-C,ARO (Ingersoll Rand),666100-111-C,NEUMATICA_DOBLE_MEMBRANA,BARATA,0.399,7.98,84.6,1610.17,False,"PUMP ASM, 1"" METAL DIAPHRAGM PUMP",0.0,Sin motor electrico (neumatica),0.2,,Neopreno,
ARO-666100-1EB-C,ARO (Ingersoll Rand),666100-1EB-C,NEUMATICA_DOBLE_MEMBRANA,BARATA,0.399,7.98,84.6,1610.17,False,"PUMP ASM, 1"" METAL DIAPHRAGM PUMP",0.0,Sin motor electrico (neumatica),0.2,,Santoprene,
ARO-66610A-3EB-C,ARO (Ingersoll Rand),66610A-3EB-C,NEUMATICA_DOBLE_MEMBRANA,BARATA,0.399,7.98,84.6,1610.17,False,"PUMP ASM, 1"" METAL DIAPHRAGM PUMP",0.0,Sin motor electrico (neumatica),0.2,,Santoprene,
ARO-670271-A,ARO (Ingersoll Rand),670271-A,NEUMATICA_DOBLE_MEMBRANA,BARATA,0.399,7.98,84.6,1619.76,False,"1"" METAL DIAPHRAGM PUMP - OEM HENNECKE",0.0,Sin motor electrico (neumatica),0.2,,,
ARO-6661BF-3EB-C,ARO (Ingersoll Rand),6661BF-3EB-C,NEUMATICA_DOBLE_MEMBRANA,BARATA,0.534,10.68,84.6,1638.63,False,"PLASTIC 1"" DIAPHRAGM PUMP",0.0,Sin motor electrico (neumatica),0.2,Plástico (no metálico),,
ARO-PD07R-BAS-FTT,ARO (Ingersoll Rand),PD07R-BAS-FTT,NEUMATICA_DOBLE_MEMBRANA,BARATA,0.154,3.09,70.3,1638.63,False,"DIAP PUMP,3/4IN,MET,BSP",0.0,Sin motor electrico (neumatica),0.2,Polipropileno (centro) con cabezales metálicos,PTFE (Teflón),
ARO-PD05P-BES-SST-B,ARO (Ingersoll Rand),PD05P-BES-SST-B,NEUMATICA_DOBLE_MEMBRANA,BARATA,0.164,3.27,70.3,1649.65,False,"1/2"" PUMP ASSEMBLY",0.0,Sin motor electrico (neumatica),0.2,Polipropileno (no metálica),,
ARO-670278-A,ARO (Ingersoll Rand),670278-A,NEUMATICA_DOBLE_MEMBRANA,BARATA,0.399,7.98,84.6,1658.52,False,"1"" METAL DIAPHRAGM PUMP - OEM HENNECKE",0.0,Sin motor electrico (neumatica),0.2,,,
ARO-PE05R-BAS-FTT-B0F,ARO (Ingersoll Rand),PE05R-BAS-FTT-B0F,NEUMATICA_DOBLE_MEMBRANA,BARATA,0.136,2.724,70.3,1662.5,False,"1/2"" PUMP ASM. (METAL)",0.0,Sin motor electrico (neumatica),0.2,Polipropileno (centro) con cabezales metálicos,PTFE (Teflón),
ARO-PE01P-HKS-KTT-ADF,ARO (Ingersoll Rand),PE01P-HKS-KTT-ADF,NEUMATICA_DOBLE_MEMBRANA,BARATA,0.06,1.2,87.6,1665.66,False,"1/4"" PUMP",0.0,Sin motor electrico (neumatica),0.2,Polipropileno (no metálica),PTFE (Teflón),
ARO-666120-2EB-C,ARO (Ingersoll Rand),666120-2EB-C,NEUMATICA_DOBLE_MEMBRANA,BARATA,0.399,7.98,84.6,1676.27,False,"PUMP ASM, 1"" METAL DIAPHRAGM PUMP",0.0,Sin motor electrico (neumatica),0.2,,Santoprene,
ARO-666070-344-A,ARO (Ingersoll Rand),666070-344-A,NEUMATICA_DOBLE_MEMBRANA,BARATA,0.154,3.09,70.3,1683.61,False,"PUMP ASM, 3/4"" METAL DIAPHRAGM PUMP",0.0,Sin motor electrico (neumatica),0.2,,,
ARO-666080-344-A,ARO (Ingersoll Rand),666080-344-A,NEUMATICA_DOBLE_MEMBRANA,BARATA,0.154,3.09,70.3,1683.61,False,"PUMP ASM, 3/4"" METAL DIAPHRAGM PUMP",0.0,Sin motor electrico (neumatica),0.2,,,
ARO-6661B3-311-C,ARO (Ingersoll Rand),6661B3-311-C,NEUMATICA_DOBLE_MEMBRANA,BARATA,0.534,10.68,84.6,1688.2,False,"PLASTIC, 1"" DIAPHRAGM PUMP",0.0,Sin motor electrico (neumatica),0.2,Plástico (no metálico),,
ARO-6661B3-322-C,ARO (Ingersoll Rand),6661B3-322-C,NEUMATICA_DOBLE_MEMBRANA,BARATA,0.534,10.68,84.6,1688.2,False,"PLASTIC, 1"" DIAPHRAGM PUMP",0.0,Sin motor electrico (neumatica),0.2,Plástico (no metálico),,
ARO-6661B3-3EB-C,ARO (Ingersoll Rand),6661B3-3EB-C,NEUMATICA_DOBLE_MEMBRANA,BARATA,0.534,10.68,84.6,1688.2,False,"PLASTIC 1"" DIAPHRAGM PUMP",0.0,Sin motor electrico (neumatica),0.2,Plástico (no metálico),,
ARO-PD10P-FPS-PAA,ARO (Ingersoll Rand),PD10P-FPS-PAA,NEUMATICA_DOBLE_MEMBRANA,BARATA,0.534,10.68,84.6,1690.0,False,1 NON-METALLIC DIAPH PUMP ASM,0.0,Sin motor electrico (neumatica),0.2,Polipropileno (no metálica),Santoprene,
ARO-6661AJ-3EB-C,ARO (Ingersoll Rand),6661AJ-3EB-C,NEUMATICA_DOBLE_MEMBRANA,BARATA,0.534,10.68,84.6,1690.96,False,"PLASTIC, 1"" DIAPHRAGM PUMP",0.0,Sin motor electrico (neumatica),0.2,Plástico (no metálico),,
ARO-666100-211-C,ARO (Ingersoll Rand),666100-211-C,NEUMATICA_DOBLE_MEMBRANA,BARATA,0.399,7.98,84.6,1706.56,False,"PUMP ASM, 1"" METAL DIAPHRAGM PUMP",0.0,Sin motor electrico (neumatica),0.2,,Neopreno,
ARO-666100-2EB-C,ARO (Ingersoll Rand),666100-2EB-C,NEUMATICA_DOBLE_MEMBRANA,BARATA,0.399,7.98,84.6,1706.56,False,"PUMP ASM, 1"" METAL DIAPHRAGM PUMP",0.0,Sin motor electrico (neumatica),0.2,,Santoprene,
ARO-666120-211-C,ARO (Ingersoll Rand),666120-211-C,NEUMATICA_DOBLE_MEMBRANA,BARATA,0.399,7.98,84.6,1706.56,False,"PUMP ASM, 1"" METAL DIAPHRAGM PUMP",0.0,Sin motor electrico (neumatica),0.2,,Neopreno,
ARO-66607A-344-A,ARO (Ingersoll Rand),66607A-344-A,NEUMATICA_DOBLE_MEMBRANA,BARATA,0.154,3.09,70.3,1713.91,False,"PUMP ASM, 3/4"" METAL DIAPHRAGM PUMP",0.0,Sin motor electrico (neumatica),0.2,,,
ARO-666122-322-C,ARO (Ingersoll Rand),666122-322-C,NEUMATICA_DOBLE_MEMBRANA,BARATA,0.399,7.98,84.6,1720.0,False,"PUMP ASM, 1"" METAL DIAPHRAGM PUMP",0.0,Sin motor electrico (neumatica),0.2,,Nitrilo (NBR/Buna-N),
ARO-666070-144-A,ARO (Ingersoll Rand),666070-144-A,NEUMATICA_DOBLE_MEMBRANA,BARATA,0.154,3.09,70.3,1721.25,False,"PUMP ASM, 3/4"" METAL DIAPHRAGM PUMP",0.0,Sin motor electrico (neumatica),0.2,,,
ARO-PD10P-APS-PAA,ARO (Ingersoll Rand),PD10P-APS-PAA,NEUMATICA_DOBLE_MEMBRANA,BARATA,0.534,10.68,84.6,1721.76,False,"1"" NON-METALLIC DIAPH PUMP ASM",0.0,Sin motor electrico (neumatica),0.2,Polipropileno (no metálica),Santoprene,
ARO-PD10P-APS-PGG,ARO (Ingersoll Rand),PD10P-APS-PGG,NEUMATICA_DOBLE_MEMBRANA,BARATA,0.534,10.68,84.6,1721.76,False,"1"" NON-METALLIC DIAPH PUMP ASM",0.0,Sin motor electrico (neumatica),0.2,Polipropileno (no metálica),Nitrilo (NBR/Buna-N),
ARO-PE05P-BDS-DTT-BH0,ARO (Ingersoll Rand),PE05P-BDS-DTT-BH0,NEUMATICA_DOBLE_MEMBRANA,BARATA,0.136,2.724,70.3,1728.59,False,"1/2"" PUMP ASSEMBLY",0.0,Sin motor electrico (neumatica),0.2,Polipropileno (no metálica),PTFE (Teflón),
ARO-666170-322-C,ARO (Ingersoll Rand),666170-322-C,NEUMATICA_DOBLE_MEMBRANA,BARATA,1.022,20.442,84.6,1740.0,False,"1-1/2"" DIAPHRAGM PUMP",0.0,Sin motor electrico (neumatica),0.2,,Nitrilo (NBR/Buna-N),
ARO-6661AL-322-C,ARO (Ingersoll Rand),6661AL-322-C,NEUMATICA_DOBLE_MEMBRANA,BARATA,0.534,10.68,84.6,1758.89,False,"PLASTIC, 1"" DIAPHRAGM PUMP",0.0,Sin motor electrico (neumatica),0.2,Plástico (no metálico),,
ARO-PE05P-BRS-PTT-BDF,ARO (Ingersoll Rand),PE05P-BRS-PTT-BDF,NEUMATICA_DOBLE_MEMBRANA,BARATA,0.136,2.724,70.3,1758.89,False,"PE05P-BRS-PTT-BDF 1/2"" PUMP ASSEMBLY",0.0,Sin motor electrico (neumatica),0.2,Polipropileno (no metálica),PTFE (Teflón),
ARO-66605H-2A4,ARO (Ingersoll Rand),66605H-2A4,NEUMATICA_DOBLE_MEMBRANA,BARATA,0.164,3.27,70.3,1762.56,False,"PUMP ASSEMBLY (1/2"" PLASTIC DIAPHRAGM PUMP)",0.0,Sin motor electrico (neumatica),0.2,Plástico (no metálico),,
ARO-66610A-1EB-C,ARO (Ingersoll Rand),66610A-1EB-C,NEUMATICA_DOBLE_MEMBRANA,BARATA,0.399,7.98,84.6,1770.72,False,"PUMP ASM, 1"" METAL DIAPHRAGM PUMP",0.0,Sin motor electrico (neumatica),0.2,,Santoprene,
ARO-666080-144-A,ARO (Ingersoll Rand),666080-144-A,NEUMATICA_DOBLE_MEMBRANA,BARATA,0.154,3.09,70.3,1771.74,False,"PUMP ASM, 3/4"" METAL DIAPHRAGM PUMP",0.0,Sin motor electrico (neumatica),0.2,,,
ARO-PE05P-BKS-KTT-BS0,ARO (Ingersoll Rand),PE05P-BKS-KTT-BS0,NEUMATICA_DOBLE_MEMBRANA,BARATA,0.136,2.724,70.3,1771.74,False,"1/2"" PUMP ASM-RESTRICTED",0.0,Sin motor electrico (neumatica),0.2,Polipropileno (no metálica),PTFE (Teflón),
ARO-6661AL-3EB-C,ARO (Ingersoll Rand),6661AL-3EB-C,NEUMATICA_DOBLE_MEMBRANA,BARATA,0.534,10.68,84.6,1778.17,False,"PLASTIC, 1"" DIAPHRAGM PUMP",0.0,Sin motor electrico (neumatica),0.2,Plástico (no metálico),,
ARO-PD10P-FPS-PGG,ARO (Ingersoll Rand),PD10P-FPS-PGG,NEUMATICA_DOBLE_MEMBRANA,BARATA,0.534,10.68,84.6,1778.88,False,1 NON-METALLIC DIAPH PUMP ASM,0.0,Sin motor electrico (neumatica),0.2,Polipropileno (no metálica),Nitrilo (NBR/Buna-N),
ARO-PD10P-YPS-PGG,ARO (Ingersoll Rand),PD10P-YPS-PGG,NEUMATICA_DOBLE_MEMBRANA,BARATA,0.534,10.68,84.6,1778.88,False,1 NON-METALLIC DIAPH PUMP ASM,0.0,Sin motor electrico (neumatica),0.2,Polipropileno (no metálica),Nitrilo (NBR/Buna-N),
ARO-66610A-222-C,ARO (Ingersoll Rand),66610A-222-C,NEUMATICA_DOBLE_MEMBRANA,BARATA,0.399,7.98,84.6,1780.0,False,"PUMP ASM, 1"" METAL DIAPHRAGM PUMP",0.0,Sin motor electrico (neumatica),0.2,,Nitrilo (NBR/Buna-N),
ARO-PD10P-FPS-PCC,ARO (Ingersoll Rand),PD10P-FPS-PCC,NEUMATICA_DOBLE_MEMBRANA,BARATA,0.534,10.68,84.6,1785.0,False,"1"" NON-METALLIC DIAPH PUMP ASM",0.0,Sin motor electrico (neumatica),0.2,Polipropileno (no metálica),Hytrel,
ARO-PD10P-YPS-PCC,ARO (Ingersoll Rand),PD10P-YPS-PCC,NEUMATICA_DOBLE_MEMBRANA,BARATA,0.534,10.68,84.6,1785.0,False,"1"" NON-METALLIC DIAPH PUMP ASM",0.0,Sin motor electrico (neumatica),0.2,Polipropileno (no metálica),Hytrel,
ARO-6661A3-311-C,ARO (Ingersoll Rand),6661A3-311-C,NEUMATICA_DOBLE_MEMBRANA,BARATA,0.534,10.68,84.6,1796.53,False,"PLASTIC, 1"" DIAPHRAGM PUMP",0.0,Sin motor electrico (neumatica),0.2,Plástico (no metálico),,
ARO-PE05P-BKS-KTT-BD0,ARO (Ingersoll Rand),PE05P-BKS-KTT-BD0,NEUMATICA_DOBLE_MEMBRANA,BARATA,0.136,2.724,70.3,1806.62,False,"1/2"" PUMP ASM-RESTRICTED",0.0,Sin motor electrico (neumatica),0.2,Polipropileno (no metálica),PTFE (Teflón),
ARO-666172-3EB-C,ARO (Ingersoll Rand),666172-3EB-C,NEUMATICA_DOBLE_MEMBRANA,BARATA,1.022,20.442,84.6,1815.0,False,"1-1/2"" DIAPHRAGM PUMP",0.0,Sin motor electrico (neumatica),0.2,,Santoprene,
ARO-PD05P-AKS-KTT-B,ARO (Ingersoll Rand),PD05P-AKS-KTT-B,NEUMATICA_DOBLE_MEMBRANA,BARATA,0.164,3.27,70.3,1831.41,False,"1/2"" PUMP ASSEMBLY - RESTRICTED",0.0,Sin motor electrico (neumatica),0.2,Polipropileno (no metálica),PTFE (Teflón),
ARO-666100-344-C,ARO (Ingersoll Rand),666100-344-C,NEUMATICA_DOBLE_MEMBRANA,BARATA,0.399,7.98,84.6,1834.16,False,"PUMP ASM, 1"" METAL DIAPHRAGM PUMP",0.0,Sin motor electrico (neumatica),0.2,,PTFE (Teflón)/Santoprene,
ARO-666102-3EB-C,ARO (Ingersoll Rand),666102-3EB-C,NEUMATICA_DOBLE_MEMBRANA,BARATA,0.399,7.98,84.6,1850.69,False,"PUMP ASM, 1"" METAL DIAPHRAGM PUMP",0.0,Sin motor electrico (neumatica),0.2,,Santoprene,
ARO-6661AP-344-C,ARO (Ingersoll Rand),6661AP-344-C,NEUMATICA_DOBLE_MEMBRANA,BARATA,0.534,10.68,84.6,1850.69,False,"PLASTIC, 1"" DIAPHRAGM PUMP",0.0,Sin motor electrico (neumatica),0.2,Plástico (no metálico),,
ARO-PD05P-BKS-KAA-B,ARO (Ingersoll Rand),PD05P-BKS-KAA-B,NEUMATICA_DOBLE_MEMBRANA,BARATA,0.164,3.27,70.3,1866.29,False,"1/2"" PUMP ASSEMBLY",0.0,Sin motor electrico (neumatica),0.2,Polipropileno (no metálica),Santoprene,
ARO-666100-444-C,ARO (Ingersoll Rand),666100-444-C,NEUMATICA_DOBLE_MEMBRANA,BARATA,0.399,7.98,84.6,1867.21,False,"PUMP ASM, 1"" METAL DIAPHRAGM PUMP",0.0,Sin motor electrico (neumatica),0.2,,PTFE (Teflón)/Santoprene,
ARO-666122-3EB-C,ARO (Ingersoll Rand),666122-3EB-C,NEUMATICA_DOBLE_MEMBRANA,BARATA,0.399,7.98,84.6,1874.56,False,"PUMP ASM, 1"" METAL DIAPHRAGM PUMP",0.0,Sin motor electrico (neumatica),0.2,,Santoprene,
ARO-666120-144-C,ARO (Ingersoll Rand),666120-144-C,NEUMATICA_DOBLE_MEMBRANA,BARATA,0.399,7.98,84.6,1925.05,False,"PUMP ASM, 1"" METAL DIAPHRAGM PUMP",0.0,Sin motor electrico (neumatica),0.2,,PTFE (Teflón)/Santoprene,
ARO-666056-2A4,ARO (Ingersoll Rand),666056-2A4,NEUMATICA_DOBLE_MEMBRANA,BARATA,0.164,3.27,70.3,1932.39,False,"PUMP ASM (1/2"" PLASTIC DIAPHRAGM PUMP)",0.0,Sin motor electrico (neumatica),0.2,Plástico (no metálico),,
ARO-666100-144-C,ARO (Ingersoll Rand),666100-144-C,NEUMATICA_DOBLE_MEMBRANA,BARATA,0.399,7.98,84.6,1934.23,False,"PUMP ASM, 1"" METAL DIAPHRAGM PUMP",0.0,Sin motor electrico (neumatica),0.2,,PTFE (Teflón)/Santoprene,
ARO-666150-322-C,ARO (Ingersoll Rand),666150-322-C,NEUMATICA_DOBLE_MEMBRANA,BARATA,1.022,20.442,84.6,1934.94,False,"1-1/2"" DIAPHRAGM PUMP",0.0,Sin motor electrico (neumatica),0.2,,Nitrilo (NBR/Buna-N),
ARO-666150-361-C,ARO (Ingersoll Rand),666150-361-C,NEUMATICA_DOBLE_MEMBRANA,BARATA,1.022,20.442,84.6,1934.94,False,"1-1/2"" DIAPHRAGM PUMP",0.0,Sin motor electrico (neumatica),0.2,,Neopreno,
ARO-666150-362-C,ARO (Ingersoll Rand),666150-362-C,NEUMATICA_DOBLE_MEMBRANA,BARATA,1.022,20.442,84.6,1934.94,False,"1-1/2"" DIAPHRAGM PUMP",0.0,Sin motor electrico (neumatica),0.2,,Nitrilo (NBR/Buna-N),
ARO-666150-3C9-C,ARO (Ingersoll Rand),666150-3C9-C,NEUMATICA_DOBLE_MEMBRANA,BARATA,1.022,20.442,84.6,1941.06,False,"1-1/2"" DIAPHRAGM PUMP",0.0,Sin motor electrico (neumatica),0.2,,Hytrel,
ARO-66612C-322-C,ARO (Ingersoll Rand),66612C-322-C,NEUMATICA_DOBLE_MEMBRANA,BARATA,0.399,7.98,84.6,1944.32,False,"PUMP ASM, 1"" METAL DIAPHRAGM PUMP",0.0,Sin motor electrico (neumatica),0.2,,Nitrilo (NBR/Buna-N),
ARO-PD10P-APS-PVV,ARO (Ingersoll Rand),PD10P-APS-PVV,NEUMATICA_DOBLE_MEMBRANA,BARATA,0.534,10.68,84.6,1957.38,False,"1"" NON-METALLIC DIAPH PUMP ASM",0.0,Sin motor electrico (neumatica),0.2,Polipropileno (no metálica),,
ARO-666120-444-C,ARO (Ingersoll Rand),666120-444-C,NEUMATICA_DOBLE_MEMBRANA,BARATA,0.399,7.98,84.6,1984.72,False,"PUMP ASM, 1"" METAL DIAPHRAGM PUMP",0.0,Sin motor electrico (neumatica),0.2,,PTFE (Teflón)/Santoprene,
ARO-6661AF-3EB-C,ARO (Ingersoll Rand),6661AF-3EB-C,NEUMATICA_DOBLE_MEMBRANA,BARATA,0.534,10.68,84.6,1985.0,False,"PLASTIC, 1"" DIAPHRAGM PUMP",0.0,Sin motor electrico (neumatica),0.2,Plástico (no metálico),,
ARO-6661BF-344-C,ARO (Ingersoll Rand),6661BF-344-C,NEUMATICA_DOBLE_MEMBRANA,BARATA,0.534,10.68,84.6,1987.47,False,"PLASTIC, 1"" DIAPHRAGM PUMP",0.0,Sin motor electrico (neumatica),0.2,Plástico (no metálico),,
ARO-6661B3-344-C,ARO (Ingersoll Rand),6661B3-344-C,NEUMATICA_DOBLE_MEMBRANA,BARATA,0.534,10.68,84.6,1995.73,False,"PLASTIC, 1"" DIAPHRAGM PUMP",0.0,Sin motor electrico (neumatica),0.2,Plástico (no metálico),,
ARO-PD10P-BPS-PCC,ARO (Ingersoll Rand),PD10P-BPS-PCC,NEUMATICA_DOBLE_MEMBRANA,BARATA,0.534,10.68,84.6,2000.22,False,"1"" NON-METALLIC DIAPH PUMP ASM",0.0,Sin motor electrico (neumatica),0.2,Polipropileno (no metálica),Hytrel,
ARO-PD10P-FPS-PVV,ARO (Ingersoll Rand),PD10P-FPS-PVV,NEUMATICA_DOBLE_MEMBRANA,BARATA,0.534,10.68,84.6,2015.52,False,"1"" NON-METALLIC DIAPH PUMP ASM",0.0,Sin motor electrico (neumatica),0.2,Polipropileno (no metálica),,
ARO-PD10P-YPS-PVV,ARO (Ingersoll Rand),PD10P-YPS-PVV,NEUMATICA_DOBLE_MEMBRANA,BARATA,0.534,10.68,84.6,2015.52,False,"1"" NON-METALLIC DIAPH PUMP ASM",0.0,Sin motor electrico (neumatica),0.2,Polipropileno (no metálica),,
ARO-PD10P-YPS-PAA,ARO (Ingersoll Rand),PD10P-YPS-PAA,NEUMATICA_DOBLE_MEMBRANA,BARATA,0.534,10.68,84.6,2017.56,False,1 NON-METALLIC DIAPH PUMP ASM,0.0,Sin motor electrico (neumatica),0.2,Polipropileno (no metálica),Santoprene,
ARO-666150-122-C,ARO (Ingersoll Rand),666150-122-C,NEUMATICA_DOBLE_MEMBRANA,BARATA,1.022,20.442,84.6,2018.58,False,"1-1/2"" DIAPHRAGM PUMP",0.0,Sin motor electrico (neumatica),0.2,,Nitrilo (NBR/Buna-N),
ARO-666150-161-C,ARO (Ingersoll Rand),666150-161-C,NEUMATICA_DOBLE_MEMBRANA,BARATA,1.022,20.442,84.6,2018.58,False,"1-1/2"" DIAPHRAGM PUMP",0.0,Sin motor electrico (neumatica),0.2,,Neopreno,
ARO-PE10P-BPS-PAA-AP0,ARO (Ingersoll Rand),PE10P-BPS-PAA-AP0,NEUMATICA_DOBLE_MEMBRANA,BARATA,0.399,7.98,84.6,2035.92,False,"1"" NON METALLIC PUMP",0.0,Sin motor electrico (neumatica),0.2,Polipropileno (no metálica),Santoprene,
ARO-666070-2A4-A,ARO (Ingersoll Rand),666070-2A4-A,NEUMATICA_DOBLE_MEMBRANA,BARATA,0.154,3.09,70.3,2042.55,False,"PUMP ASM, 3/4"" METAL DIAPHRAGM PUMP",0.0,Sin motor electrico (neumatica),0.2,,,
ARO-666080-2A4-A,ARO (Ingersoll Rand),666080-2A4-A,NEUMATICA_DOBLE_MEMBRANA,BARATA,0.154,3.09,70.3,2042.55,False,"PUMP ASM, 3/4"" METAL DIAPHRAGM PUMP",0.0,Sin motor electrico (neumatica),0.2,,,
ARO-NM2202A-11-C31,ARO (Ingersoll Rand),NM2202A-11-C31,NEUMATICA_DOBLE_MEMBRANA,BARATA,1.953,39.06,84.6,2046.12,False,"PUMP ASM (2"" AM, CS, 2:1 RATIO)",0.0,Sin motor electrico (neumatica),0.2,Acero al carbono,,
ARO-PD10A-BAP-FAA,ARO (Ingersoll Rand),PD10A-BAP-FAA,NEUMATICA_DOBLE_MEMBRANA,BARATA,0.399,7.98,84.6,2055.3,False,"1"" METAL PUMP ASM",0.0,Sin motor electrico (neumatica),0.2,Aluminio (centro),Santoprene,
ARO-666100-244-C,ARO (Ingersoll Rand),666100-244-C,NEUMATICA_DOBLE_MEMBRANA,BARATA,0.399,7.98,84.6,2056.32,False,"PUMP ASM, 1"" METAL DIAPHRAGM PUMP",0.0,Sin motor electrico (neumatica),0.2,,PTFE (Teflón)/Santoprene,
ARO-PD10P-APS-PTT,ARO (Ingersoll Rand),PD10P-APS-PTT,NEUMATICA_DOBLE_MEMBRANA,BARATA,0.534,10.68,84.6,2061.42,False,1 NON-METALLIC DIAPH PUMP ASM,0.0,Sin motor electrico (neumatica),0.2,Polipropileno (no metálica),PTFE (Teflón),
ARO-PD10P-BPS-PGG,ARO (Ingersoll Rand),PD10P-BPS-PGG,NEUMATICA_DOBLE_MEMBRANA,BARATA,0.534,10.68,84.6,2063.46,False,1 NON-METALLIC DIAPH PUMP ASM,0.0,Sin motor electrico (neumatica),0.2,Polipropileno (no metálica),Nitrilo (NBR/Buna-N),
ARO-666120-244-C,ARO (Ingersoll Rand),666120-244-C,NEUMATICA_DOBLE_MEMBRANA,BARATA,0.399,7.98,84.6,2068.25,False,"PUMP ASM, 1"" METAL DIAPHRAGM PUMP",0.0,Sin motor electrico (neumatica),0.2,,PTFE (Teflón)/Santoprene,
ARO-666150-3EB-C,ARO (Ingersoll Rand),666150-3EB-C,NEUMATICA_DOBLE_MEMBRANA,BARATA,1.022,20.442,84.6,2073.66,False,"1-1/2"" DIAPHRAGM PUMP",0.0,Sin motor electrico (neumatica),0.2,,Santoprene,
ARO-66612C-2EB-C,ARO (Ingersoll Rand),66612C-2EB-C,NEUMATICA_DOBLE_MEMBRANA,BARATA,0.399,7.98,84.6,2074.68,False,"PUMP ASM, 1"" METAL DIAPHRAGM PUMP",0.0,Sin motor electrico (neumatica),0.2,,Santoprene,
ARO-PD10P-FPS-PTT,ARO (Ingersoll Rand),PD10P-FPS-PTT,NEUMATICA_DOBLE_MEMBRANA,BARATA,0.534,10.68,84.6,2085.0,False,1 NON-METALLIC DIAPH PUMP ASM,0.0,Sin motor electrico (neumatica),0.2,Polipropileno (no metálica),PTFE (Teflón),
ARO-666170-1EB-C,ARO (Ingersoll Rand),666170-1EB-C,NEUMATICA_DOBLE_MEMBRANA,BARATA,1.022,20.442,84.6,2085.9,False,"1-1/2"" DIAPHRAGM PUMP",0.0,Sin motor electrico (neumatica),0.2,,Santoprene,
ARO-PD10P-BPS-PAA,ARO (Ingersoll Rand),PD10P-BPS-PAA,NEUMATICA_DOBLE_MEMBRANA,BARATA,0.534,10.68,84.6,2085.9,False,1 NON-METALLIC DIAPH PUMP ASM,0.0,Sin motor electrico (neumatica),0.2,Polipropileno (no metálica),Santoprene,
ARO-PE01P-HPS-PTT-ADE,ARO (Ingersoll Rand),PE01P-HPS-PTT-ADE,NEUMATICA_DOBLE_MEMBRANA,BARATA,0.06,1.2,87.6,2098.14,False,"1/4"" NON-METALLIC PUMP",0.0,Sin motor electrico (neumatica),0.2,Polipropileno (no metálica),PTFE (Teflón),
ARO-PD10A-BAP-GGG-AM0,ARO (Ingersoll Rand),PD10A-BAP-GGG-AM0,NEUMATICA_DOBLE_MEMBRANA,BARATA,0.399,7.98,84.6,2100.18,False,"1"" METAL DIAPH PUMP",0.0,Sin motor electrico (neumatica),0.2,Aluminio (centro),Nitrilo (NBR/Buna-N),
ARO-666057-4EB,ARO (Ingersoll Rand),666057-4EB,NEUMATICA_DOBLE_MEMBRANA,BARATA,0.164,3.27,70.3,2102.22,False,"PUMP ASSEMBLY (1/2"" PLASTIC DIAPHRAGM PUMP)",0.0,Sin motor electrico (neumatica),0.2,Plástico (no metálico),,
ARO-6661A3-844-C,ARO (Ingersoll Rand),6661A3-844-C,NEUMATICA_DOBLE_MEMBRANA,BARATA,0.534,10.68,84.6,2118.74,False,"PLASTIC, 1"" DIAPHRAGM PUMP",0.0,Sin motor electrico (neumatica),0.2,Plástico (no metálico),,
ARO-666170-362-C,ARO (Ingersoll Rand),666170-362-C,NEUMATICA_DOBLE_MEMBRANA,BARATA,1.022,20.442,84.6,2125.68,False,"1-1/2"" DIAPHRAGM PUMP",0.0,Sin motor electrico (neumatica),0.2,,Nitrilo (NBR/Buna-N),
ARO-66612A-244-C,ARO (Ingersoll Rand),66612A-244-C,NEUMATICA_DOBLE_MEMBRANA,BARATA,0.399,7.98,84.6,2128.84,False,"PUMP ASM, 1"" METAL DIAPHRAGM PUMP",0.0,Sin motor electrico (neumatica),0.2,,PTFE (Teflón)/Santoprene,
ARO-666102-822-C,ARO (Ingersoll Rand),666102-822-C,NEUMATICA_DOBLE_MEMBRANA,BARATA,0.399,7.98,84.6,2138.02,False,"PUMP ASM, 1"" METAL DIAPHRAGM PUMP",0.0,Sin motor electrico (neumatica),0.2,,Nitrilo (NBR/Buna-N),
ARO-666122-8EB-C,ARO (Ingersoll Rand),666122-8EB-C,NEUMATICA_DOBLE_MEMBRANA,BARATA,0.399,7.98,84.6,2138.02,False,"PUMP ASM, 1"" METAL DIAPHRAGM PUMP",0.0,Sin motor electrico (neumatica),0.2,,Santoprene,
ARO-NM2202A-41-C31,ARO (Ingersoll Rand),NM2202A-41-C31,NEUMATICA_DOBLE_MEMBRANA,BARATA,1.953,39.06,84.6,2144.04,False,"PUMP ASM (2"" AM, CS, 2:1 RATIO)",0.0,Sin motor electrico (neumatica),0.2,Acero al carbono,,
ARO-PD05P-BKS-KTT-B,ARO (Ingersoll Rand),PD05P-BKS-KTT-B,NEUMATICA_DOBLE_MEMBRANA,BARATA,0.164,3.27,70.3,2149.04,False,"1/2"" PUMP ASSEMBLY - RESTRICTED",0.0,Sin motor electrico (neumatica),0.2,Polipropileno (no metálica),PTFE (Teflón),
ARO-666150-222-C,ARO (Ingersoll Rand),666150-222-C,NEUMATICA_DOBLE_MEMBRANA,BARATA,1.022,20.442,84.6,2151.18,False,"1-1/2"" DIAPHRAGM PUMP",0.0,Sin motor electrico (neumatica),0.2,,Nitrilo (NBR/Buna-N),
ARO-666150-2EB-C,ARO (Ingersoll Rand),666150-2EB-C,NEUMATICA_DOBLE_MEMBRANA,BARATA,1.022,20.442,84.6,2151.18,False,"1-1/2"" DIAPHRAGM PUMP",0.0,Sin motor electrico (neumatica),0.2,,Santoprene,
ARO-666170-2EB-C,ARO (Ingersoll Rand),666170-2EB-C,NEUMATICA_DOBLE_MEMBRANA,BARATA,1.022,20.442,84.6,2151.18,False,"1-1/2"" DIAPHRAGM PUMP",0.0,Sin motor electrico (neumatica),0.2,,Santoprene,
ARO-666170-3C9-C,ARO (Ingersoll Rand),666170-3C9-C,NEUMATICA_DOBLE_MEMBRANA,BARATA,1.022,20.442,84.6,2161.38,False,"1-1/2"" DIAPHRAGM PUMP",0.0,Sin motor electrico (neumatica),0.2,,Hytrel,
ARO-PE10P-APS-PAA-ADF,ARO (Ingersoll Rand),PE10P-APS-PAA-ADF,NEUMATICA_DOBLE_MEMBRANA,BARATA,0.399,7.98,84.6,2162.4,False,"1"" DIAPHRAGM PUMP",0.0,Sin motor electrico (neumatica),0.2,Polipropileno (no metálica),Santoprene,
ARO-PE07R-BAS-FTT-ADF,ARO (Ingersoll Rand),PE07R-BAS-FTT-ADF,NEUMATICA_DOBLE_MEMBRANA,BARATA,0.154,3.09,70.3,2166.48,False,"3/4"" PUMP ASM",0.0,Sin motor electrico (neumatica),0.2,Polipropileno (centro) con cabezales metálicos,PTFE (Teflón),
ARO-PD05P-BLS-KTT-B,ARO (Ingersoll Rand),PD05P-BLS-KTT-B,NEUMATICA_DOBLE_MEMBRANA,BARATA,0.164,3.27,70.3,2174.74,False,"1/2"" PUMP ASSEMBLY - RESTRICTED",0.0,Sin motor electrico (neumatica),0.2,Polipropileno (no metálica),PTFE (Teflón),
ARO-PZ10A-BAP-AAA-A,ARO (Ingersoll Rand),PZ10A-BAP-AAA-A,NEUMATICA_DOBLE_MEMBRANA,BARATA,0.399,7.98,84.6,2184.84,False,"1"" DIAPHRAGM PUMP ASM (METALLIC)",0.0,Sin motor electrico (neumatica),0.2,,,
ARO-PD10P-YPS-KTT,ARO (Ingersoll Rand),PD10P-YPS-KTT,NEUMATICA_DOBLE_MEMBRANA,BARATA,0.534,10.68,84.6,2190.96,False,"1"" NON-METALLIC DIAPH PUMP ASM",0.0,Sin motor electrico (neumatica),0.2,Polipropileno (no metálica),PTFE (Teflón),
ARO-666170-3EB-C,ARO (Ingersoll Rand),666170-3EB-C,NEUMATICA_DOBLE_MEMBRANA,BARATA,1.022,20.442,84.6,2191.98,False,"1-1/2"" DIAPHRAGM PUMP",0.0,Sin motor electrico (neumatica),0.2,,Santoprene,
ARO-PD05P-ALS-KTT-B,ARO (Ingersoll Rand),PD05P-ALS-KTT-B,NEUMATICA_DOBLE_MEMBRANA,BARATA,0.164,3.27,70.3,2192.18,False,1/2 PUMP ASSEMBLY - RESTRICTED,0.0,Sin motor electrico (neumatica),0.2,Polipropileno (no metálica),PTFE (Teflón),
ARO-PE10P-FPS-PTT-AP0,ARO (Ingersoll Rand),PE10P-FPS-PTT-AP0,NEUMATICA_DOBLE_MEMBRANA,BARATA,0.399,7.98,84.6,2203.2,False,"1"" DIAPHRAGM PUMP",0.0,Sin motor electrico (neumatica),0.2,Polipropileno (no metálica),PTFE (Teflón),
ARO-666100-133-C,ARO (Ingersoll Rand),666100-133-C,NEUMATICA_DOBLE_MEMBRANA,BARATA,0.399,7.98,84.6,2210.34,False,"1"" PUMP ASM",0.0,Sin motor electrico (neumatica),0.2,,Viton (FKM),
ARO-PD05R-ASS-SGG-B,ARO (Ingersoll Rand),PD05R-ASS-SGG-B,NEUMATICA_DOBLE_MEMBRANA,BARATA,0.136,2.724,70.3,2217.89,False,1/2 PUMP ASM. (METAL),0.0,Sin motor electrico (neumatica),0.2,Polipropileno (centro) con cabezales metálicos,Nitrilo (NBR/Buna-N),
ARO-666170-122-C,ARO (Ingersoll Rand),666170-122-C,NEUMATICA_DOBLE_MEMBRANA,BARATA,1.022,20.442,84.6,2226.66,False,"1-1/2"" DIAPHRAGM PUMP",0.0,Sin motor electrico (neumatica),0.2,,Nitrilo (NBR/Buna-N),
ARO-666112-2EB-C,ARO (Ingersoll Rand),666112-2EB-C,NEUMATICA_DOBLE_MEMBRANA,BARATA,0.399,7.98,84.6,2227.07,False,"PUMP ASM, 1"" METAL DIAPHRAGM PUMP",0.0,Sin motor electrico (neumatica),0.2,,Santoprene,
ARO-PE10P-YPS-PTT-AD0,ARO (Ingersoll Rand),PE10P-YPS-PTT-AD0,NEUMATICA_DOBLE_MEMBRANA,BARATA,0.399,7.98,84.6,2234.82,False,"1"" PUMP ASM",0.0,Sin motor electrico (neumatica),0.2,Polipropileno (no metálica),PTFE (Teflón),
ARO-6661AT-344-C,ARO (Ingersoll Rand),6661AT-344-C,NEUMATICA_DOBLE_MEMBRANA,BARATA,0.534,10.68,84.6,2243.59,False,"PLASTIC, 1"" DIAPHRAGM PUMP",0.0,Sin motor electrico (neumatica),0.2,Plástico (no metálico),,
ARO-PD05R-BSS-SAA-B,ARO (Ingersoll Rand),PD05R-BSS-SAA-B,NEUMATICA_DOBLE_MEMBRANA,BARATA,0.136,2.724,70.3,2250.02,False,"1/2"" PUMP ASM. (METAL)",0.0,Sin motor electrico (neumatica),0.2,Polipropileno (centro) con cabezales metálicos,Santoprene,
ARO-6661AL-344-C,ARO (Ingersoll Rand),6661AL-344-C,NEUMATICA_DOBLE_MEMBRANA,BARATA,0.534,10.68,84.6,2256.44,False,"PLASTIC, 1"" DIAPHRAGM PUMP",0.0,Sin motor electrico (neumatica),0.2,Plástico (no metálico),,
ARO-666122-2C9-C,ARO (Ingersoll Rand),666122-2C9-C,NEUMATICA_DOBLE_MEMBRANA,BARATA,0.399,7.98,84.6,2277.56,False,"PUMP ASM, 1"" METAL DIAPHRAGM PUMP",0.0,Sin motor electrico (neumatica),0.2,,Hytrel,
ARO-666057-444,ARO (Ingersoll Rand),666057-444,NEUMATICA_DOBLE_MEMBRANA,BARATA,0.164,3.27,70.3,2283.98,False,"PUMP ASSEMBLY (1/2"" PLASTIC DIAPHRAGM PUMP)",0.0,Sin motor electrico (neumatica),0.2,Plástico (no metálico),,
ARO-666172-322-C,ARO (Ingersoll Rand),666172-322-C,NEUMATICA_DOBLE_MEMBRANA,BARATA,1.022,20.442,84.6,2285.0,False,"1-1/2"" DIAPHRAGM PUMP",0.0,Sin motor electrico (neumatica),0.2,,Nitrilo (NBR/Buna-N),
ARO-666120-2A4-C,ARO (Ingersoll Rand),666120-2A4-C,NEUMATICA_DOBLE_MEMBRANA,BARATA,0.399,7.98,84.6,2317.03,False,"PUMP ASM, 1"" METAL DIAPHRAGM PUMP",0.0,Sin motor electrico (neumatica),0.2,,PTFE (Teflón)/Santoprene,
ARO-PD10P-FPS-PTL,ARO (Ingersoll Rand),PD10P-FPS-PTL,NEUMATICA_DOBLE_MEMBRANA,BARATA,0.534,10.68,84.6,2334.78,False,"1"" NON-METALLIC DIAPH PUMP ASM",0.0,Sin motor electrico (neumatica),0.2,Polipropileno (no metálica),,
ARO-666152-3EB-C,ARO (Ingersoll Rand),666152-3EB-C,NEUMATICA_DOBLE_MEMBRANA,BARATA,1.022,20.442,84.6,2335.8,False,"1-1/2"" DIAPHRAGM PUMP",0.0,Sin motor electrico (neumatica),0.2,,Santoprene,
ARO-PD05R-BSS-STT-B,ARO (Ingersoll Rand),PD05R-BSS-STT-B,NEUMATICA_DOBLE_MEMBRANA,BARATA,0.136,2.724,70.3,2345.0,False,"1/2"" PUMP ASM. (METAL)",0.0,Sin motor electrico (neumatica),0.2,Polipropileno (centro) con cabezales metálicos,PTFE (Teflón),
ARO-66605K-444,ARO (Ingersoll Rand),66605K-444,NEUMATICA_DOBLE_MEMBRANA,BARATA,0.164,3.27,70.3,2350.08,False,"PUMP ASSEMBLY (1/2"" PLASTIC DIAPHRAGM PUMP)",0.0,Sin motor electrico (neumatica),0.2,Plástico (no metálico),,
ARO-PE05P-BKS-KTT-B0F,ARO (Ingersoll Rand),PE05P-BKS-KTT-B0F,NEUMATICA_DOBLE_MEMBRANA,BARATA,0.136,2.724,70.3,2352.83,False,"1/2"" PUMP ASSEMBLY - RESTRICTED",0.0,Sin motor electrico (neumatica),0.2,Polipropileno (no metálica),PTFE (Teflón),
ARO-PW10A-AAP-FTT,ARO (Ingersoll Rand),PW10A-AAP-FTT,NEUMATICA_DOBLE_MEMBRANA,BARATA,0.399,7.98,84.6,2370.48,False,"1"" DIAPHRAGM PUMP ASM.",0.0,Sin motor electrico (neumatica),0.2,,,
ARO-PD05A-ASS-SAA-B,ARO (Ingersoll Rand),PD05A-ASS-SAA-B,NEUMATICA_DOBLE_MEMBRANA,BARATA,0.136,2.724,70.3,2381.29,False,"1/2"" PUMP ASM. (METAL)",0.0,Sin motor electrico (neumatica),0.2,Aluminio (centro) / Acero inoxidable (cabezales-mojado),Santoprene,
ARO-PD20A-BAP-AAA-B,ARO (Ingersoll Rand),PD20A-BAP-AAA-B,NEUMATICA_DOBLE_MEMBRANA,BARATA,1.953,39.06,84.6,2385.0,False,2 DIAPHRAGM PUMP ASM,0.0,Sin motor electrico (neumatica),0.2,Aluminio (centro),Santoprene,
ARO-PD05R-ASS-SVV-B,ARO (Ingersoll Rand),PD05R-ASS-SVV-B,NEUMATICA_DOBLE_MEMBRANA,BARATA,0.136,2.724,70.3,2393.23,False,"1/2"" PUMP ASM. (METAL)",0.0,Sin motor electrico (neumatica),0.2,Polipropileno (centro) con cabezales metálicos,,
ARO-6661BL-344-C,ARO (Ingersoll Rand),6661BL-344-C,NEUMATICA_DOBLE_MEMBRANA,BARATA,0.534,10.68,84.6,2395.06,False,"PLASTIC, 1"" DIAPHRAGM PUMP",0.0,Sin motor electrico (neumatica),0.2,Plástico (no metálico),,
ARO-PD05P-ASS-SST,ARO (Ingersoll Rand),PD05P-ASS-SST,NEUMATICA_DOBLE_MEMBRANA,BARATA,0.164,3.27,70.3,2411.59,False,PUMP-DIAPH PD05P-ASS-SST,0.0,Sin motor electrico (neumatica),0.2,Polipropileno (no metálica),,
ARO-PD05R-ASS-STT-B,ARO (Ingersoll Rand),PD05R-ASS-STT-B,NEUMATICA_DOBLE_MEMBRANA,BARATA,0.136,2.724,70.3,2413.42,False,1/2 PUMP ASM. (METAL),0.0,Sin motor electrico (neumatica),0.2,Polipropileno (centro) con cabezales metálicos,PTFE (Teflón),
ARO-PD10P-YPS-PTL,ARO (Ingersoll Rand),PD10P-YPS-PTL,NEUMATICA_DOBLE_MEMBRANA,BARATA,0.534,10.68,84.6,2451.06,False,"1"" NON-METALLIC DIAPH PUMP ASM",0.0,Sin motor electrico (neumatica),0.2,Polipropileno (no metálica),,
ARO-PD05P-ASS-SGG,ARO (Ingersoll Rand),PD05P-ASS-SGG,NEUMATICA_DOBLE_MEMBRANA,BARATA,0.164,3.27,70.3,2485.94,False,PUMP-DIAPH PD05P-ASS-SGG,0.0,Sin motor electrico (neumatica),0.2,Polipropileno (no metálica),Nitrilo (NBR/Buna-N),
ARO-666150-344-C,ARO (Ingersoll Rand),666150-344-C,NEUMATICA_DOBLE_MEMBRANA,BARATA,1.022,20.442,84.6,2497.98,False,"1-1/2"" DIAPHRAGM PUMP",0.0,Sin motor electrico (neumatica),0.2,,PTFE (Teflón)/Santoprene,
ARO-666172-361-C,ARO (Ingersoll Rand),666172-361-C,NEUMATICA_DOBLE_MEMBRANA,BARATA,1.022,20.442,84.6,2501.04,False,"1-1/2"" DIAPHRAGM PUMP",0.0,Sin motor electrico (neumatica),0.2,,Neopreno,
ARO-PD15A-BAP-FAA,ARO (Ingersoll Rand),PD15A-BAP-FAA,NEUMATICA_DOBLE_MEMBRANA,BARATA,1.022,20.442,84.6,2502.06,False,"1.5"" METAL PUMP ASM, PD15A-BAP-FAA",0.0,Sin motor electrico (neumatica),0.2,Aluminio (centro),Santoprene,
ARO-PD10P-BPS-PTT,ARO (Ingersoll Rand),PD10P-BPS-PTT,NEUMATICA_DOBLE_MEMBRANA,BARATA,0.534,10.68,84.6,2506.14,False,1 NON-METALLIC DIAPH PUMP ASM,0.0,Sin motor electrico (neumatica),0.2,Polipropileno (no metálica),PTFE (Teflón),
ARO-PE10A-BAP-AAA-ADF,ARO (Ingersoll Rand),PE10A-BAP-AAA-ADF,NEUMATICA_DOBLE_MEMBRANA,BARATA,0.399,7.98,84.6,2517.36,False,"1"" DIAPHRAGM PUMP",0.0,Sin motor electrico (neumatica),0.2,Aluminio (centro),Santoprene,
ARO-670205-A,ARO (Ingersoll Rand),670205-A,NEUMATICA_DOBLE_MEMBRANA,BARATA,0.164,3.27,70.3,2520.83,False,"1/2"" PLASTIC DIAPHRAGM PUMP",0.0,Sin motor electrico (neumatica),0.2,Plástico (no metálico),,
ARO-PD10P-YPS-PTT,ARO (Ingersoll Rand),PD10P-YPS-PTT,NEUMATICA_DOBLE_MEMBRANA,BARATA,0.534,10.68,84.6,2529.6,False,1 NON-METALLIC DIAPH PUMP ASM,0.0,Sin motor electrico (neumatica),0.2,Polipropileno (no metálica),PTFE (Teflón),
ARO-PD05A-BSS-SGG-B,ARO (Ingersoll Rand),PD05A-BSS-SGG-B,NEUMATICA_DOBLE_MEMBRANA,BARATA,0.136,2.724,70.3,2545.61,False,"1/2"" PUMP ASM. (METAL)",0.0,Sin motor electrico (neumatica),0.2,Acero inoxidable (partes mojadas),Nitrilo (NBR/Buna-N),
ARO-666112-244-C,ARO (Ingersoll Rand),666112-244-C,NEUMATICA_DOBLE_MEMBRANA,BARATA,0.399,7.98,84.6,2551.12,False,"PUMP ASM, 1"" METAL DIAPHRAGM PUMP",0.0,Sin motor electrico (neumatica),0.2,,PTFE (Teflón)/Santoprene,
ARO-666250-EEB-C,ARO (Ingersoll Rand),666250-EEB-C,NEUMATICA_DOBLE_MEMBRANA,BARATA,1.953,39.06,84.6,2556.12,False,"2"" METALLIC PUMP",0.0,Sin motor electrico (neumatica),0.2,,,
ARO-PE10P-FPS-PTT-A0F,ARO (Ingersoll Rand),PE10P-FPS-PTT-A0F,NEUMATICA_DOBLE_MEMBRANA,BARATA,0.399,7.98,84.6,2558.16,False,"1"" NON METALLIC PUMP",0.0,Sin motor electrico (neumatica),0.2,Polipropileno (no metálica),PTFE (Teflón),
ARO-666162-361-C,ARO (Ingersoll Rand),666162-361-C,NEUMATICA_DOBLE_MEMBRANA,BARATA,1.022,20.442,84.6,2564.28,False,"1-1/2"" DIAPHRAGM PUMP",0.0,Sin motor electrico (neumatica),0.2,,Neopreno,
ARO-66612C-244-C,ARO (Ingersoll Rand),66612C-244-C,NEUMATICA_DOBLE_MEMBRANA,BARATA,0.399,7.98,84.6,2569.48,False,"PUMP ASM, 1"" METAL DIAPHRAGM PUMP",0.0,Sin motor electrico (neumatica),0.2,,PTFE (Teflón)/Santoprene,
ARO-PD05R-BSS-SST-B,ARO (Ingersoll Rand),PD05R-BSS-SST-B,NEUMATICA_DOBLE_MEMBRANA,BARATA,0.136,2.724,70.3,2594.27,False,"1/2"" PUMP ASM. (METAL)",0.0,Sin motor electrico (neumatica),0.2,Polipropileno (centro) con cabezales metálicos,,
ARO-666150-144-C,ARO (Ingersoll Rand),666150-144-C,NEUMATICA_DOBLE_MEMBRANA,BARATA,1.022,20.442,84.6,2614.26,False,"1-1/2"" DIAPHRAGM PUMP",0.0,Sin motor electrico (neumatica),0.2,,PTFE (Teflón)/Santoprene,
ARO-PE10P-FPS-PTT-ADF,ARO (Ingersoll Rand),PE10P-FPS-PTT-ADF,NEUMATICA_DOBLE_MEMBRANA,BARATA,0.399,7.98,84.6,2645.88,False,"1"" DIAPHRAGM PUMP",0.0,Sin motor electrico (neumatica),0.2,Polipropileno (no metálica),PTFE (Teflón),
ARO-PE10P-YPS-PTT-ADF,ARO (Ingersoll Rand),PE10P-YPS-PTT-ADF,NEUMATICA_DOBLE_MEMBRANA,BARATA,0.399,7.98,84.6,2645.88,False,"1"" DIAPHRAGM PUMP",0.0,Sin motor electrico (neumatica),0.2,Polipropileno (no metálica),PTFE (Teflón),
ARO-PE10P-BPS-PAA-ADF,ARO (Ingersoll Rand),PE10P-BPS-PAA-ADF,NEUMATICA_DOBLE_MEMBRANA,BARATA,0.399,7.98,84.6,2648.94,False,"1"" DIAPHRAGM PUMP",0.0,Sin motor electrico (neumatica),0.2,Polipropileno (no metálica),Santoprene,
ARO-666170-344-C,ARO (Ingersoll Rand),666170-344-C,NEUMATICA_DOBLE_MEMBRANA,BARATA,1.022,20.442,84.6,2655.0,False,"1-1/2"" DIAPHRAGM PUMP",0.0,Sin motor electrico (neumatica),0.2,,PTFE (Teflón)/Santoprene,
ARO-666250-G22-C,ARO (Ingersoll Rand),666250-G22-C,NEUMATICA_DOBLE_MEMBRANA,BARATA,1.953,39.06,84.6,2665.26,False,"2"" METALLIC PUMP",0.0,Sin motor electrico (neumatica),0.2,,,
ARO-666152-8EB-C,ARO (Ingersoll Rand),666152-8EB-C,NEUMATICA_DOBLE_MEMBRANA,CALIDAD_PRECIO,1.022,20.442,84.6,2687.7,False,"1-1/2"" DIAPHRAGM PUMP",0.0,Sin motor electrico (neumatica),0.2,,Santoprene,
ARO-666172-2EB-C,ARO (Ingersoll Rand),666172-2EB-C,NEUMATICA_DOBLE_MEMBRANA,CALIDAD_PRECIO,1.022,20.442,84.6,2711.16,False,"1-1/2"" DIAPHRAGM PUMP",0.0,Sin motor electrico (neumatica),0.2,,Santoprene,
ARO-PE10A-BAP-FTT-AH0,ARO (Ingersoll Rand),PE10A-BAP-FTT-AH0,NEUMATICA_DOBLE_MEMBRANA,CALIDAD_PRECIO,0.399,7.98,84.6,2722.38,False,"1"" DIAPHRAGM PUMP",0.0,Sin motor electrico (neumatica),0.2,Aluminio (centro),PTFE (Teflón),
ARO-PD20A-BAP-GGG-B,ARO (Ingersoll Rand),PD20A-BAP-GGG-B,NEUMATICA_DOBLE_MEMBRANA,CALIDAD_PRECIO,1.953,39.06,84.6,2725.0,False,2 DIAPHRAGM PUMP ASM,0.0,Sin motor electrico (neumatica),0.2,Aluminio (centro),Nitrilo (NBR/Buna-N),
ARO-PD05P-ASS-STT,ARO (Ingersoll Rand),PD05P-ASS-STT,NEUMATICA_DOBLE_MEMBRANA,CALIDAD_PRECIO,0.164,3.27,70.3,2736.56,False,1/2DIAPHRAGM PUMP ASM,0.0,Sin motor electrico (neumatica),0.2,Polipropileno (no metálica),PTFE (Teflón),
ARO-666120-146-C,ARO (Ingersoll Rand),666120-146-C,NEUMATICA_DOBLE_MEMBRANA,CALIDAD_PRECIO,0.399,7.98,84.6,2739.31,False,"PUMP ASM, 1"" METAL DIAPHRAGM PUMP",0.0,Sin motor electrico (neumatica),0.2,,PTFE compuesto,
ARO-66613C-244-C,ARO (Ingersoll Rand),66613C-244-C,NEUMATICA_DOBLE_MEMBRANA,CALIDAD_PRECIO,0.399,7.98,84.6,2752.16,False,"PUMP ASM, 1"" METAL DIAPHRAGM PUMP",0.0,Sin motor electrico (neumatica),0.2,,PTFE (Teflón)/Santoprene,
ARO-NM2202B-11-731,ARO (Ingersoll Rand),NM2202B-11-731,NEUMATICA_DOBLE_MEMBRANA,CALIDAD_PRECIO,1.953,39.06,84.6,2774.4,False,"PUMP ASM (2"" AM, SS, 2:1 RATIO)",0.0,Sin motor electrico (neumatica),0.2,,,
ARO-PE10A-BAP-FTT-AS0,ARO (Ingersoll Rand),PE10A-BAP-FTT-AS0,NEUMATICA_DOBLE_MEMBRANA,CALIDAD_PRECIO,0.399,7.98,84.6,2775.42,False,"1"" DIAPHRAGM PUMP",0.0,Sin motor electrico (neumatica),0.2,Aluminio (centro),PTFE (Teflón),
ARO-PD20A-AAP-AAA-B,ARO (Ingersoll Rand),PD20A-AAP-AAA-B,NEUMATICA_DOBLE_MEMBRANA,CALIDAD_PRECIO,1.953,39.06,84.6,2783.58,False,2 DIAPHRAGM PUMP ASM,0.0,Sin motor electrico (neumatica),0.2,Aluminio,Santoprene,
ARO-666109-311-C,ARO (Ingersoll Rand),666109-311-C,NEUMATICA_DOBLE_MEMBRANA,CALIDAD_PRECIO,0.399,7.98,84.6,2789.8,False,"PUMP ASM, 1"" METAL DIAPHRAGM PUMP",0.0,Sin motor electrico (neumatica),0.2,,Neopreno,
ARO-666172-222-C,ARO (Ingersoll Rand),666172-222-C,NEUMATICA_DOBLE_MEMBRANA,CALIDAD_PRECIO,1.022,20.442,84.6,2791.74,False,"1-1/2"" DIAPHRAGM PUMP",0.0,Sin motor electrico (neumatica),0.2,,Nitrilo (NBR/Buna-N),
ARO-670268-A,ARO (Ingersoll Rand),670268-A,NEUMATICA_DOBLE_MEMBRANA,CALIDAD_PRECIO,0.399,7.98,84.6,2806.02,False,"PUMP ASM, 1"" METAL DIAPHRAGM PUMP",0.0,Sin motor electrico (neumatica),0.2,,,
ARO-PE05R-BSS-STT-BH0,ARO (Ingersoll Rand),PE05R-BSS-STT-BH0,NEUMATICA_DOBLE_MEMBRANA,CALIDAD_PRECIO,0.136,2.724,70.3,2806.33,False,"1/2"" PUMP ASM",0.0,Sin motor electrico (neumatica),0.2,Polipropileno (centro) con cabezales metálicos,PTFE (Teflón),
ARO-PE05R-ASS-STT-BDF,ARO (Ingersoll Rand),PE05R-ASS-STT-BDF,NEUMATICA_DOBLE_MEMBRANA,CALIDAD_PRECIO,0.136,2.724,70.3,2812.75,False,"1/2"" PUMP ASM. (METAL)",0.0,Sin motor electrico (neumatica),0.2,Polipropileno (centro) con cabezales metálicos,PTFE (Teflón),
ARO-666150-244-C,ARO (Ingersoll Rand),666150-244-C,NEUMATICA_DOBLE_MEMBRANA,CALIDAD_PRECIO,1.022,20.442,84.6,2814.18,False,"1-1/2"" DIAPHRAGM PUMP",0.0,Sin motor electrico (neumatica),0.2,,PTFE (Teflón)/Santoprene,
ARO-666182-3EB-C,ARO (Ingersoll Rand),666182-3EB-C,NEUMATICA_DOBLE_MEMBRANA,CALIDAD_PRECIO,1.022,20.442,84.6,2820.3,False,"1-1/2"" DIAPHRAGM PUMP",0.0,Sin motor electrico (neumatica),0.2,,Santoprene,
ARO-PD10E-FES-PAA,ARO (Ingersoll Rand),PD10E-FES-PAA,NEUMATICA_DOBLE_MEMBRANA,CALIDAD_PRECIO,0.399,7.98,84.6,2821.32,False,1 IN EXP NON METALLIC DIAPH PUMP,0.0,Sin motor electrico (neumatica),0.2,,,
ARO-PD05A-ASS-STT-B,ARO (Ingersoll Rand),PD05A-ASS-STT-B,NEUMATICA_DOBLE_MEMBRANA,CALIDAD_PRECIO,0.136,2.724,70.3,2825.6,False,1/2 PUMP ASM. (METAL),0.0,Sin motor electrico (neumatica),0.2,Aluminio (centro) / Acero inoxidable (cabezales-mojado),PTFE (Teflón),
ARO-PD10P-BPS-PST,ARO (Ingersoll Rand),PD10P-BPS-PST,NEUMATICA_DOBLE_MEMBRANA,CALIDAD_PRECIO,0.534,10.68,84.6,2863.14,False,"1"" NON-METALLIC DIAPH PUMP ASM",0.0,Sin motor electrico (neumatica),0.2,Polipropileno (no metálica),,
ARO-PD10E-FES-PGG,ARO (Ingersoll Rand),PD10E-FES-PGG,NEUMATICA_DOBLE_MEMBRANA,CALIDAD_PRECIO,0.399,7.98,84.6,2877.42,True,1 IN EXP NON METALLIC ATEX DIAPH PUMP,0.0,Sin motor electrico (neumatica),0.2,,,
ARO-PE05R-BAS-FTT-BDE,ARO (Ingersoll Rand),PE05R-BAS-FTT-BDE,NEUMATICA_DOBLE_MEMBRANA,CALIDAD_PRECIO,0.136,2.724,70.3,2881.6,False,"1/2"" PUMP ASM. (METAL)",0.0,Sin motor electrico (neumatica),0.2,Polipropileno (centro) con cabezales metálicos,PTFE (Teflón),
ARO-666101-222-C,ARO (Ingersoll Rand),666101-222-C,NEUMATICA_DOBLE_MEMBRANA,CALIDAD_PRECIO,0.399,7.98,84.6,2882.52,False,"PUMP ASM, 1"" METAL DIAPHRAGM PUMP",0.0,Sin motor electrico (neumatica),0.2,,Nitrilo (NBR/Buna-N),
ARO-PD05A-BSS-STT-B,ARO (Ingersoll Rand),PD05A-BSS-STT-B,NEUMATICA_DOBLE_MEMBRANA,CALIDAD_PRECIO,0.136,2.724,70.3,2895.37,False,"1/2"" PUMP ASM. (METAL)",0.0,Sin motor electrico (neumatica),0.2,Acero inoxidable (partes mojadas),PTFE (Teflón),
ARO-666111-3EB-C,ARO (Ingersoll Rand),666111-3EB-C,NEUMATICA_DOBLE_MEMBRANA,CALIDAD_PRECIO,0.399,7.98,84.6,2919.24,False,"PUMP ASM, 1"" METAL DIAPHRAGM PUMP",0.0,Sin motor electrico (neumatica),0.2,,Santoprene,
ARO-PE10A-BAP-FTT-A0F,ARO (Ingersoll Rand),PE10A-BAP-FTT-A0F,NEUMATICA_DOBLE_MEMBRANA,CALIDAD_PRECIO,0.399,7.98,84.6,2919.24,False,"1"" DIAPHRAGM PUMP",0.0,Sin motor electrico (neumatica),0.2,Aluminio (centro),PTFE (Teflón),
ARO-666101-344-C,ARO (Ingersoll Rand),666101-344-C,NEUMATICA_DOBLE_MEMBRANA,CALIDAD_PRECIO,0.399,7.98,84.6,2923.83,False,"PUMP ASM, 1"" METAL DIAPHRAGM PUMP",0.0,Sin motor electrico (neumatica),0.2,,PTFE (Teflón)/Santoprene,
ARO-PE05R-BSS-STT-BS0,ARO (Ingersoll Rand),PE05R-BSS-STT-BS0,NEUMATICA_DOBLE_MEMBRANA,CALIDAD_PRECIO,0.136,2.724,70.3,2927.4,False,"1/2"" PUMP ASM",0.0,Sin motor electrico (neumatica),0.2,Polipropileno (centro) con cabezales metálicos,PTFE (Teflón),
ARO-PZ10A-BAP-FTT-A,ARO (Ingersoll Rand),PZ10A-BAP-FTT-A,NEUMATICA_DOBLE_MEMBRANA,CALIDAD_PRECIO,0.399,7.98,84.6,2930.46,False,"1"" DIAPHRAGM PUMP ASM (METALLIC)",0.0,Sin motor electrico (neumatica),0.2,,,
ARO-PD20A-AAP-CCC-B,ARO (Ingersoll Rand),PD20A-AAP-CCC-B,NEUMATICA_DOBLE_MEMBRANA,CALIDAD_PRECIO,1.953,39.06,84.6,2937.6,False,"2"" DIAPHRAGM PUMP ASM",0.0,Sin motor electrico (neumatica),0.2,Aluminio,Hytrel,
ARO-666172-2C9-C,ARO (Ingersoll Rand),666172-2C9-C,NEUMATICA_DOBLE_MEMBRANA,CALIDAD_PRECIO,1.022,20.442,84.6,2958.0,False,"1-1/2"" DIAPHRAGM PUMP",0.0,Sin motor electrico (neumatica),0.2,,Hytrel,
ARO-666101-444-C,ARO (Ingersoll Rand),666101-444-C,NEUMATICA_DOBLE_MEMBRANA,CALIDAD_PRECIO,0.399,7.98,84.6,2962.39,False,"PUMP ASM, 1"" METAL DIAPHRAGM PUMP",0.0,Sin motor electrico (neumatica),0.2,,PTFE (Teflón)/Santoprene,
ARO-666150-844-C,ARO (Ingersoll Rand),666150-844-C,NEUMATICA_DOBLE_MEMBRANA,CALIDAD_PRECIO,1.022,20.442,84.6,2978.4,False,"1-1/2"" DIAPHRAGM PUMP",0.0,Sin motor electrico (neumatica),0.2,,PTFE (Teflón)/Santoprene,
ARO-666250-9C9-C,ARO (Ingersoll Rand),666250-9C9-C,NEUMATICA_DOBLE_MEMBRANA,CALIDAD_PRECIO,1.953,39.06,84.6,2989.62,False,"2"" METALLIC PUMP",0.0,Sin motor electrico (neumatica),0.2,,,
ARO-PD20A-AAS-GGG-B,ARO (Ingersoll Rand),PD20A-AAS-GGG-B,NEUMATICA_DOBLE_MEMBRANA,CALIDAD_PRECIO,1.953,39.06,84.6,2990.64,False,"2"" DIAPHRAGM PUMP ASM",0.0,Sin motor electrico (neumatica),0.2,Aluminio,Nitrilo (NBR/Buna-N),
ARO-NM2304A-11-311,ARO (Ingersoll Rand),NM2304A-11-311,NEUMATICA_DOBLE_MEMBRANA,CALIDAD_PRECIO,2.691,53.82,84.6,3002.88,False,"PUMP ASM, 3"" AIR MOTOR, 4:1 RATIO, CARBON STEEL",0.0,Sin motor electrico (neumatica),0.2,Acero al carbono,,
ARO-NM2304A-11-C11,ARO (Ingersoll Rand),NM2304A-11-C11,NEUMATICA_DOBLE_MEMBRANA,CALIDAD_PRECIO,2.691,53.82,84.6,3002.88,False,"PUMP ASM, 3"" AIR MOTOR, 4:1 RATIO, CARBON STEEL",0.0,Sin motor electrico (neumatica),0.2,Acero al carbono,,
ARO-NM2202B-41-J31,ARO (Ingersoll Rand),NM2202B-41-J31,NEUMATICA_DOBLE_MEMBRANA,CALIDAD_PRECIO,1.953,39.06,84.6,3010.02,False,"NM2202B-41-J31 PUMP ASM (2"" AM, SS, 2:1 RATIO)",0.0,Sin motor electrico (neumatica),0.2,,,
ARO-666170-144-C,ARO (Ingersoll Rand),666170-144-C,NEUMATICA_DOBLE_MEMBRANA,CALIDAD_PRECIO,1.022,20.442,84.6,3021.24,False,"1-1/2"" DIAPHRAGM PUMP",0.0,Sin motor electrico (neumatica),0.2,,PTFE (Teflón)/Santoprene,
ARO-66612B-222-C,ARO (Ingersoll Rand),66612B-222-C,NEUMATICA_DOBLE_MEMBRANA,CALIDAD_PRECIO,0.399,7.98,84.6,3027.56,False,"PUMP ASM, 1"" METAL DIAPHRAGM PUMP",0.0,Sin motor electrico (neumatica),0.2,,Nitrilo (NBR/Buna-N),
ARO-PD20A-BCP-AAA-B,ARO (Ingersoll Rand),PD20A-BCP-AAA-B,NEUMATICA_DOBLE_MEMBRANA,CALIDAD_PRECIO,1.953,39.06,84.6,3040.0,False,2 DIAPHRAGM PUMP ASM,0.0,Sin motor electrico (neumatica),0.2,Aluminio (centro),Santoprene,
ARO-PD20A-AAS-AAA-B,ARO (Ingersoll Rand),PD20A-AAS-AAA-B,NEUMATICA_DOBLE_MEMBRANA,CALIDAD_PRECIO,1.953,39.06,84.6,3040.62,False,"2"" DIAPHRAGM PUMP ASM",0.0,Sin motor electrico (neumatica),0.2,Aluminio,Santoprene,
ARO-PD10P-BPS-PTL,ARO (Ingersoll Rand),PD10P-BPS-PTL,NEUMATICA_DOBLE_MEMBRANA,CALIDAD_PRECIO,0.534,10.68,84.6,3043.68,False,"1"" NON-METALLIC DIAPH PUMP ASM",0.0,Sin motor electrico (neumatica),0.2,Polipropileno (no metálica),,
ARO-PE03P-BDS-DTT-AHE,ARO (Ingersoll Rand),PE03P-BDS-DTT-AHE,NEUMATICA_DOBLE_MEMBRANA,CALIDAD_PRECIO,0.12,2.406,70.3,3056.94,False,"3/8"" PUMP ASM",0.0,Sin motor electrico (neumatica),0.2,Polipropileno (no metálica),PTFE (Teflón),
ARO-PD20A-BAP-CCC-B,ARO (Ingersoll Rand),PD20A-BAP-CCC-B,NEUMATICA_DOBLE_MEMBRANA,CALIDAD_PRECIO,1.953,39.06,84.6,3062.04,False,"2"" DIAPHRAGM PUMP ASM",0.0,Sin motor electrico (neumatica),0.2,Aluminio (centro),Hytrel,
ARO-PD20A-BAS-AAA-B,ARO (Ingersoll Rand),PD20A-BAS-AAA-B,NEUMATICA_DOBLE_MEMBRANA,CALIDAD_PRECIO,1.953,39.06,84.6,3062.04,False,2 DIAPHRAGM PUMP ASM,0.0,Sin motor electrico (neumatica),0.2,Aluminio (centro),Santoprene,
ARO-PE15A-BAP-AAA-ADF,ARO (Ingersoll Rand),PE15A-BAP-AAA-ADF,NEUMATICA_DOBLE_MEMBRANA,CALIDAD_PRECIO,1.022,20.442,84.6,3063.06,False,"1-1/2"" DIAPHRAGM PUMP",0.0,Sin motor electrico (neumatica),0.2,Aluminio (centro),Santoprene,
ARO-666111-2EB-C,ARO (Ingersoll Rand),666111-2EB-C,NEUMATICA_DOBLE_MEMBRANA,CALIDAD_PRECIO,0.399,7.98,84.6,3088.15,False,"PUMP ASM, 1"" METAL DIAPHRAGM PUMP",0.0,Sin motor electrico (neumatica),0.2,,Santoprene,
ARO-6661A4-422-C,ARO (Ingersoll Rand),6661A4-422-C,NEUMATICA_DOBLE_MEMBRANA,CALIDAD_PRECIO,0.534,10.68,84.6,3091.82,False,"PLASTIC, 1"" DIAPHRAGM PUMP",0.0,Sin motor electrico (neumatica),0.2,Plástico (no metálico),,
ARO-666182-2EB-C,ARO (Ingersoll Rand),666182-2EB-C,NEUMATICA_DOBLE_MEMBRANA,CALIDAD_PRECIO,1.022,20.442,84.6,3103.86,False,"1-1/2"" DIAPHRAGM PUMP",0.0,Sin motor electrico (neumatica),0.2,,Santoprene,
ARO-PD20A-BAS-GGG-B,ARO (Ingersoll Rand),PD20A-BAS-GGG-B,NEUMATICA_DOBLE_MEMBRANA,CALIDAD_PRECIO,1.953,39.06,84.6,3105.9,False,"2"" DIAPHRAGM PUMP ASM",0.0,Sin motor electrico (neumatica),0.2,Aluminio (centro),Nitrilo (NBR/Buna-N),
ARO-66M250-1EB-C,ARO (Ingersoll Rand),66M250-1EB-C,NEUMATICA_DOBLE_MEMBRANA,CALIDAD_PRECIO,1.953,39.06,84.6,3130.38,False,"2"" MINING PUMP",0.0,Sin motor electrico (neumatica),0.2,,,
ARO-PE05R-BSS-STT-BDF,ARO (Ingersoll Rand),PE05R-BSS-STT-BDF,NEUMATICA_DOBLE_MEMBRANA,CALIDAD_PRECIO,0.136,2.724,70.3,3142.31,False,"1/2"" PUMP ASM",0.0,Sin motor electrico (neumatica),0.2,Polipropileno (centro) con cabezales metálicos,PTFE (Teflón),
ARO-666121-3EB-C,ARO (Ingersoll Rand),666121-3EB-C,NEUMATICA_DOBLE_MEMBRANA,CALIDAD_PRECIO,0.399,7.98,84.6,3159.76,False,"PUMP ASM, 1"" METAL DIAPHRAGM PUMP",0.0,Sin motor electrico (neumatica),0.2,,Santoprene,
ARO-66612B-2EB-C,ARO (Ingersoll Rand),66612B-2EB-C,NEUMATICA_DOBLE_MEMBRANA,CALIDAD_PRECIO,0.399,7.98,84.6,3160.0,False,"PUMP ASM, 1"" METAL DIAPHRAGM PUMP",0.0,Sin motor electrico (neumatica),0.2,,Santoprene,
ARO-666101-244-C,ARO (Ingersoll Rand),666101-244-C,NEUMATICA_DOBLE_MEMBRANA,CALIDAD_PRECIO,0.399,7.98,84.6,3174.44,False,"PUMP ASM, 1"" METAL DIAPHRAGM PUMP",0.0,Sin motor electrico (neumatica),0.2,,PTFE (Teflón)/Santoprene,
ARO-PD05A-ASS-SVV,ARO (Ingersoll Rand),PD05A-ASS-SVV,NEUMATICA_DOBLE_MEMBRANA,CALIDAD_PRECIO,0.136,2.724,70.3,3175.26,False,"0.5"" PUMP",0.0,Sin motor electrico (neumatica),0.2,Aluminio (centro) / Acero inoxidable (cabezales-mojado),,
ARO-PD20A-AAP-GGG-B,ARO (Ingersoll Rand),PD20A-AAP-GGG-B,NEUMATICA_DOBLE_MEMBRANA,CALIDAD_PRECIO,1.953,39.06,84.6,3185.46,False,2 DIAPHRAGM PUMP ASM,0.0,Sin motor electrico (neumatica),0.2,Aluminio,Nitrilo (NBR/Buna-N),
ARO-66610B-244-C,ARO (Ingersoll Rand),66610B-244-C,NEUMATICA_DOBLE_MEMBRANA,CALIDAD_PRECIO,0.399,7.98,84.6,3187.3,False,"PUMP ASM, 1"" METAL DIAPHRAGM PUMP",0.0,Sin motor electrico (neumatica),0.2,,PTFE (Teflón)/Santoprene,
ARO-PE10A-BAP-AAA-AHG,ARO (Ingersoll Rand),PE10A-BAP-AAA-AHG,NEUMATICA_DOBLE_MEMBRANA,CALIDAD_PRECIO,0.399,7.98,84.6,3189.54,False,"1"" DIAPHRAGM PUMP ASM.",0.0,Sin motor electrico (neumatica),0.2,Aluminio (centro),Santoprene,
ARO-666121-2EB-C,ARO (Ingersoll Rand),666121-2EB-C,NEUMATICA_DOBLE_MEMBRANA,CALIDAD_PRECIO,0.399,7.98,84.6,3201.98,False,"PUMP ASM, 1"" METAL DIAPHRAGM PUMP",0.0,Sin motor electrico (neumatica),0.2,,Santoprene,
ARO-NM2304A-41-C11,ARO (Ingersoll Rand),NM2304A-41-C11,NEUMATICA_DOBLE_MEMBRANA,CALIDAD_PRECIO,2.691,53.82,84.6,3204.84,False,"PUMP ASM, 3"" AIR MOTOR, 4:1 RATIO, CARBON STEEL",0.0,Sin motor electrico (neumatica),0.2,Acero al carbono,,
ARO-666170-444-C,ARO (Ingersoll Rand),666170-444-C,NEUMATICA_DOBLE_MEMBRANA,CALIDAD_PRECIO,1.022,20.442,84.6,3223.2,False,"1-1/2"" DIAPHRAGM PUMP",0.0,Sin motor electrico (neumatica),0.2,,PTFE (Teflón)/Santoprene,
ARO-66M250-122-C,ARO (Ingersoll Rand),66M250-122-C,NEUMATICA_DOBLE_MEMBRANA,CALIDAD_PRECIO,1.953,39.06,84.6,3248.7,False,"2"" MINING PUMP",0.0,Sin motor electrico (neumatica),0.2,,,
ARO-666270-G22-C,ARO (Ingersoll Rand),666270-G22-C,NEUMATICA_DOBLE_MEMBRANA,CALIDAD_PRECIO,1.953,39.06,84.6,3274.2,False,"2"" METALLIC PUMP",0.0,Sin motor electrico (neumatica),0.2,,,
ARO-PZ10A-BAP-STT-A,ARO (Ingersoll Rand),PZ10A-BAP-STT-A,NEUMATICA_DOBLE_MEMBRANA,CALIDAD_PRECIO,0.399,7.98,84.6,3285.42,False,"1"" DIAPHRAGM PUMP ASM (METALLIC)",0.0,Sin motor electrico (neumatica),0.2,,,
ARO-666101-2A4-C,ARO (Ingersoll Rand),666101-2A4-C,NEUMATICA_DOBLE_MEMBRANA,CALIDAD_PRECIO,0.399,7.98,84.6,3285.52,False,"PUMP ASM, 1"" METAL DIAPHRAGM PUMP",0.0,Sin motor electrico (neumatica),0.2,,PTFE (Teflón)/Santoprene,
ARO-PD20A-BAP-FGG-B,ARO (Ingersoll Rand),PD20A-BAP-FGG-B,NEUMATICA_DOBLE_MEMBRANA,CALIDAD_PRECIO,1.953,39.06,84.6,3303.78,False,"2"" DIAPHRAGM PUMP ASM",0.0,Sin motor electrico (neumatica),0.2,Aluminio (centro),Nitrilo (NBR/Buna-N),
ARO-66612B-8EB-C,ARO (Ingersoll Rand),66612B-8EB-C,NEUMATICA_DOBLE_MEMBRANA,CALIDAD_PRECIO,0.399,7.98,84.6,3313.06,False,"PUMP ASM, 1"" METAL DIAPHRAGM PUMP",0.0,Sin motor electrico (neumatica),0.2,,Santoprene,
ARO-666109-244-C,ARO (Ingersoll Rand),666109-244-C,NEUMATICA_DOBLE_MEMBRANA,CALIDAD_PRECIO,0.399,7.98,84.6,3313.98,False,"PUMP ASM, 1"" METAL DIAPHRAGM PUMP",0.0,Sin motor electrico (neumatica),0.2,,PTFE (Teflón)/Santoprene,
ARO-66627C-9C9-C,ARO (Ingersoll Rand),66627C-9C9-C,NEUMATICA_DOBLE_MEMBRANA,CALIDAD_PRECIO,1.953,39.06,84.6,3319.08,False,"2"" METALLIC PUMP",0.0,Sin motor electrico (neumatica),0.2,,,
ARO-PD20A-BAP-FAA-B,ARO (Ingersoll Rand),PD20A-BAP-FAA-B,NEUMATICA_DOBLE_MEMBRANA,CALIDAD_PRECIO,1.953,39.06,84.6,3337.44,False,"2"" DIAPHRAGM PUMP",0.0,Sin motor electrico (neumatica),0.2,Aluminio (centro),Santoprene,
ARO-650110-C,ARO (Ingersoll Rand),650110-C,NEUMATICA_DOBLE_MEMBRANA,CALIDAD_PRECIO,1.953,39.06,84.6,3349.68,False,"PAINT PUMP ASM, 2"" AIR MOTOR, 2:1 RATIO, 55 GALLON",0.0,Sin motor electrico (neumatica),0.2,,,
ARO-66611B-444-C,ARO (Ingersoll Rand),66611B-444-C,NEUMATICA_DOBLE_MEMBRANA,CALIDAD_PRECIO,0.399,7.98,84.6,3354.37,False,"PUMP ASM, 1"" METAL DIAPHRAGM PUMP",0.0,Sin motor electrico (neumatica),0.2,,PTFE (Teflón)/Santoprene,
ARO-666111-244-C,ARO (Ingersoll Rand),666111-244-C,NEUMATICA_DOBLE_MEMBRANA,CALIDAD_PRECIO,0.399,7.98,84.6,3371.81,False,"PUMP ASM, 1"" METAL DIAPHRAGM PUMP",0.0,Sin motor electrico (neumatica),0.2,,PTFE (Teflón)/Santoprene,
ARO-PE15A-BAP-FTT-AS0,ARO (Ingersoll Rand),PE15A-BAP-FTT-AS0,NEUMATICA_DOBLE_MEMBRANA,CALIDAD_PRECIO,1.022,20.442,84.6,3387.42,False,"1-1/2"" DIAPHRAGM PUMP",0.0,Sin motor electrico (neumatica),0.2,Aluminio (centro),PTFE (Teflón),
ARO-PE10P-YPS-PTT-AH0,ARO (Ingersoll Rand),PE10P-YPS-PTT-AH0,NEUMATICA_DOBLE_MEMBRANA,CALIDAD_PRECIO,0.399,7.98,84.6,3392.52,False,"1"" DIAPHRAGM PUMP",0.0,Sin motor electrico (neumatica),0.2,Polipropileno (no metálica),PTFE (Teflón),
ARO-PE20A-BAP-AAA-BS0,ARO (Ingersoll Rand),PE20A-BAP-AAA-BS0,NEUMATICA_DOBLE_MEMBRANA,CALIDAD_PRECIO,1.953,39.06,84.6,3404.76,False,"2"" DIAPHRAGM PUMP",0.0,Sin motor electrico (neumatica),0.2,Aluminio (centro),Santoprene,
ARO-66611B-244-C,ARO (Ingersoll Rand),66611B-244-C,NEUMATICA_DOBLE_MEMBRANA,CALIDAD_PRECIO,0.399,7.98,84.6,3418.63,False,"PUMP ASM, 1"" METAL DIAPHRAGM PUMP",0.0,Sin motor electrico (neumatica),0.2,,PTFE (Teflón)/Santoprene,
ARO-PZ20A-BAP-AAA-B,ARO (Ingersoll Rand),PZ20A-BAP-AAA-B,NEUMATICA_DOBLE_MEMBRANA,CALIDAD_PRECIO,1.953,39.06,84.6,3426.18,False,"2"" DIAPHRAGM PUMP ASM (METALLIC)",0.0,Sin motor electrico (neumatica),0.2,,,
ARO-666172-344-C,ARO (Ingersoll Rand),666172-344-C,NEUMATICA_DOBLE_MEMBRANA,CALIDAD_PRECIO,1.022,20.442,84.6,3445.0,False,"1-1/2"" DIAPHRAGM PUMP",0.0,Sin motor electrico (neumatica),0.2,,PTFE (Teflón)/Santoprene,
ARO-PD15A-BAP-SSG,ARO (Ingersoll Rand),PD15A-BAP-SSG,NEUMATICA_DOBLE_MEMBRANA,CALIDAD_PRECIO,1.022,20.442,84.6,3446.58,False,1.5IN EXP MET DIAP PUMP PD15A-BAP-SSG,0.0,Sin motor electrico (neumatica),0.2,Aluminio (centro),,
ARO-66617A-144-C,ARO (Ingersoll Rand),66617A-144-C,NEUMATICA_DOBLE_MEMBRANA,CALIDAD_PRECIO,1.022,20.442,84.6,3450.66,False,"1-1/2"" DIAPHRAGM PUMP",0.0,Sin motor electrico (neumatica),0.2,,PTFE (Teflón)/Santoprene,
ARO-6661T3-311-C,ARO (Ingersoll Rand),6661T3-311-C,NEUMATICA_DOBLE_MEMBRANA,CALIDAD_PRECIO,0.164,3.27,70.3,3452.7,False,"PUMP ASSEMBLY, 1 1/2"" PLASTIC",0.0,Sin motor electrico (neumatica),0.2,Plástico (no metálico),,
ARO-6661T3-322-C,ARO (Ingersoll Rand),6661T3-322-C,NEUMATICA_DOBLE_MEMBRANA,CALIDAD_PRECIO,0.164,3.27,70.3,3452.7,False,"PUMP ASSEMBLY, 1 1/2"" PLASTIC",0.0,Sin motor electrico (neumatica),0.2,Plástico (no metálico),,
ARO-666152-244-C,ARO (Ingersoll Rand),666152-244-C,NEUMATICA_DOBLE_MEMBRANA,CALIDAD_PRECIO,1.022,20.442,84.6,3465.96,False,"1-1/2"" DIAPHRAGM PUMP",0.0,Sin motor electrico (neumatica),0.2,,PTFE (Teflón)/Santoprene,
ARO-PE10P-FPS-PTT-ADL,ARO (Ingersoll Rand),PE10P-FPS-PTT-ADL,NEUMATICA_DOBLE_MEMBRANA,CALIDAD_PRECIO,0.399,7.98,84.6,3480.24,False,"1"" DIAPHRAGM PUMP",0.0,Sin motor electrico (neumatica),0.2,Polipropileno (no metálica),PTFE (Teflón),
ARO-6661T3-389-C,ARO (Ingersoll Rand),6661T3-389-C,NEUMATICA_DOBLE_MEMBRANA,CALIDAD_PRECIO,0.164,3.27,70.3,3481.26,False,"PUMP ASSEMBLY, 1 1/2"" PLASTIC",0.0,Sin motor electrico (neumatica),0.2,Plástico (no metálico),,
ARO-PE10A-BAP-FTT-ADL,ARO (Ingersoll Rand),PE10A-BAP-FTT-ADL,NEUMATICA_DOBLE_MEMBRANA,CALIDAD_PRECIO,0.399,7.98,84.6,3495.54,False,"1"" DIAPHRAGM PUMP",0.0,Sin motor electrico (neumatica),0.2,Aluminio (centro),PTFE (Teflón),
ARO-PZ05A-BSS-STT-B,ARO (Ingersoll Rand),PZ05A-BSS-STT-B,NEUMATICA_DOBLE_MEMBRANA,CALIDAD_PRECIO,0.136,2.724,70.3,3520.02,False,"1/2"" DIAPHRAGM PUMP ASM (METALLIC)",0.0,Sin motor electrico (neumatica),0.2,,,
ARO-PD20A-ACP-AAA-B,ARO (Ingersoll Rand),PD20A-ACP-AAA-B,NEUMATICA_DOBLE_MEMBRANA,CALIDAD_PRECIO,1.953,39.06,84.6,3521.04,False,2 DIAPHRAGM PUMP ASM,0.0,Sin motor electrico (neumatica),0.2,Aluminio (centro),Santoprene,
ARO-66612B-244-C,ARO (Ingersoll Rand),66612B-244-C,NEUMATICA_DOBLE_MEMBRANA,CALIDAD_PRECIO,0.399,7.98,84.6,3525.0,False,"PUMP ASM, 1"" METAL DIAPHRAGM PUMP",0.0,Sin motor electrico (neumatica),0.2,,PTFE (Teflón)/Santoprene,
ARO-PD10P-FKS-KTT,ARO (Ingersoll Rand),PD10P-FKS-KTT,NEUMATICA_DOBLE_MEMBRANA,CALIDAD_PRECIO,0.534,10.68,84.6,3540.0,False,1 NON-METALLIC DIAPH PUMP ASM (RESTRICTED),0.0,Sin motor electrico (neumatica),0.2,Polipropileno (no metálica),PTFE (Teflón),
ARO-PE20A-BAP-AAA-BDF,ARO (Ingersoll Rand),PE20A-BAP-AAA-BDF,NEUMATICA_DOBLE_MEMBRANA,CALIDAD_PRECIO,1.953,39.06,84.6,3544.5,False,"2"" DIAPHRAGM PUMP",0.0,Sin motor electrico (neumatica),0.2,Aluminio (centro),Santoprene,
ARO-PD15P-FPS-PAA,ARO (Ingersoll Rand),PD15P-FPS-PAA,NEUMATICA_DOBLE_MEMBRANA,CALIDAD_PRECIO,1.136,22.71,84.6,3545.0,False,PUMP ASM (1 1/2 NON-METALLIC),0.0,Sin motor electrico (neumatica),0.2,Polipropileno (no metálica),Santoprene,
ARO-666121-444-C,ARO (Ingersoll Rand),666121-444-C,NEUMATICA_DOBLE_MEMBRANA,CALIDAD_PRECIO,0.399,7.98,84.6,3548.07,False,"PUMP ASM, 1"" METAL DIAPHRAGM PUMP",0.0,Sin motor electrico (neumatica),0.2,,PTFE (Teflón)/Santoprene,
ARO-666170-244-C,ARO (Ingersoll Rand),666170-244-C,NEUMATICA_DOBLE_MEMBRANA,CALIDAD_PRECIO,1.022,20.442,84.6,3563.88,False,"1-1/2"" DIAPHRAGM PUMP",0.0,Sin motor electrico (neumatica),0.2,,PTFE (Teflón)/Santoprene,
ARO-PD20A-BCP-GGG-B,ARO (Ingersoll Rand),PD20A-BCP-GGG-B,NEUMATICA_DOBLE_MEMBRANA,CALIDAD_PRECIO,1.953,39.06,84.6,3605.0,False,"2"" DIAPHRAGM PUMP ASM",0.0,Sin motor electrico (neumatica),0.2,Aluminio (centro),Nitrilo (NBR/Buna-N),
ARO-NM2304B-11-311,ARO (Ingersoll Rand),NM2304B-11-311,NEUMATICA_DOBLE_MEMBRANA,CALIDAD_PRECIO,2.691,53.82,84.6,3615.0,False,"PUMP ASM, 3"" AIR MOTOR, 4:1 RATIO, STAINLESS STEEL",0.0,Sin motor electrico (neumatica),0.2,Acero inoxidable,,
ARO-666272-EEB-C,ARO (Ingersoll Rand),666272-EEB-C,NEUMATICA_DOBLE_MEMBRANA,CALIDAD_PRECIO,1.953,39.06,84.6,3622.02,False,"2"" METALLIC PUMP",0.0,Sin motor electrico (neumatica),0.2,,,
ARO-NM2202B-11-C31,ARO (Ingersoll Rand),NM2202B-11-C31,NEUMATICA_DOBLE_MEMBRANA,CALIDAD_PRECIO,1.953,39.06,84.6,3624.06,False,"PUMP ASM (2"" AM, SS, 2:1 RATIO)",0.0,Sin motor electrico (neumatica),0.2,,,
ARO-PE15A-AAP-FTT-ADF,ARO (Ingersoll Rand),PE15A-AAP-FTT-ADF,NEUMATICA_DOBLE_MEMBRANA,CALIDAD_PRECIO,1.022,20.442,84.6,3624.06,False,"1-1/2"" DIAPHRAGM PUMP",0.0,Sin motor electrico (neumatica),0.2,Aluminio,PTFE (Teflón),
ARO-666121-244-C,ARO (Ingersoll Rand),666121-244-C,NEUMATICA_DOBLE_MEMBRANA,CALIDAD_PRECIO,0.399,7.98,84.6,3629.77,False,"PUMP ASM, 1"" METAL DIAPHRAGM PUMP",0.0,Sin motor electrico (neumatica),0.2,,PTFE (Teflón)/Santoprene,
ARO-PD20A-ACP-GGG-B,ARO (Ingersoll Rand),PD20A-ACP-GGG-B,NEUMATICA_DOBLE_MEMBRANA,CALIDAD_PRECIO,1.953,39.06,84.6,3639.36,False,2 DIAPHRAGM PUMP ASM,0.0,Sin motor electrico (neumatica),0.2,Aluminio (centro),Nitrilo (NBR/Buna-N),
ARO-666170-133-C,ARO (Ingersoll Rand),666170-133-C,NEUMATICA_DOBLE_MEMBRANA,CALIDAD_PRECIO,1.022,20.442,84.6,3652.62,False,"1-1/2"" DIAPHRAGM PUMP",0.0,Sin motor electrico (neumatica),0.2,,Viton (FKM),
ARO-PD10P-AKS-KAA,ARO (Ingersoll Rand),PD10P-AKS-KAA,NEUMATICA_DOBLE_MEMBRANA,CALIDAD_PRECIO,0.534,10.68,84.6,3653.64,False,1 NON-METALLIC DIAPH PUMP ASM,0.0,Sin motor electrico (neumatica),0.2,Polipropileno (no metálica),Santoprene,
ARO-6661U3-311-C,ARO (Ingersoll Rand),6661U3-311-C,NEUMATICA_DOBLE_MEMBRANA,CALIDAD_PRECIO,0.164,3.27,70.3,3680.16,False,"PUMP ASSEMBLY, 1 1/2"" PLASTIC",0.0,Sin motor electrico (neumatica),0.2,Plástico (no metálico),,
ARO-6661U3-3EB-C,ARO (Ingersoll Rand),6661U3-3EB-C,NEUMATICA_DOBLE_MEMBRANA,CALIDAD_PRECIO,0.164,3.27,70.3,3680.16,False,"PUMP ASSEMBLY, 1 1/2"" PLASTIC",0.0,Sin motor electrico (neumatica),0.2,Plástico (no metálico),,
ARO-66M270-122-C,ARO (Ingersoll Rand),66M270-122-C,NEUMATICA_DOBLE_MEMBRANA,CALIDAD_PRECIO,1.953,39.06,84.6,3682.2,False,"2"" MINING PUMP",0.0,Sin motor electrico (neumatica),0.2,,,
ARO-PD15A-BCP-SAA,ARO (Ingersoll Rand),PD15A-BCP-SAA,NEUMATICA_DOBLE_MEMBRANA,CALIDAD_PRECIO,1.022,20.442,84.6,3693.42,False,"1-1/2"" PUMP ASSY",0.0,Sin motor electrico (neumatica),0.2,Aluminio (centro),Santoprene,
ARO-666162-244-C,ARO (Ingersoll Rand),666162-244-C,NEUMATICA_DOBLE_MEMBRANA,CALIDAD_PRECIO,1.022,20.442,84.6,3695.46,False,"1-1/2"" DIAPHRAGM PUMP",0.0,Sin motor electrico (neumatica),0.2,,PTFE (Teflón)/Santoprene,
ARO-PD10E-FES-PTT,ARO (Ingersoll Rand),PD10E-FES-PTT,NEUMATICA_DOBLE_MEMBRANA,CALIDAD_PRECIO,0.399,7.98,84.6,3714.84,False,"1"" NON-METALLIC DIAPH PUMP ASM",0.0,Sin motor electrico (neumatica),0.2,,,
ARO-PD10P-FKS-KAA,ARO (Ingersoll Rand),PD10P-FKS-KAA,NEUMATICA_DOBLE_MEMBRANA,CALIDAD_PRECIO,0.534,10.68,84.6,3716.88,False,1 NON-METALLIC DIAPH PUMP ASM,0.0,Sin motor electrico (neumatica),0.2,Polipropileno (no metálica),Santoprene,
ARO-666250-144-C,ARO (Ingersoll Rand),666250-144-C,NEUMATICA_DOBLE_MEMBRANA,CALIDAD_PRECIO,1.953,39.06,84.6,3718.92,False,"2"" METALLIC PUMP",0.0,Sin motor electrico (neumatica),0.2,,PTFE (Teflón)/Santoprene,
ARO-666172-244-C,ARO (Ingersoll Rand),666172-244-C,NEUMATICA_DOBLE_MEMBRANA,CALIDAD_PRECIO,1.022,20.442,84.6,3742.38,False,"1-1/2"" DIAPHRAGM PUMP",0.0,Sin motor electrico (neumatica),0.2,,PTFE (Teflón)/Santoprene,
ARO-66611B-3EB-C,ARO (Ingersoll Rand),66611B-3EB-C,NEUMATICA_DOBLE_MEMBRANA,CALIDAD_PRECIO,0.399,7.98,84.6,3746.46,False,"1"" PUMP ASM",0.0,Sin motor electrico (neumatica),0.2,,Santoprene,
ARO-PD20A-BAP-KTT-B,ARO (Ingersoll Rand),PD20A-BAP-KTT-B,NEUMATICA_DOBLE_MEMBRANA,CALIDAD_PRECIO,1.953,39.06,84.6,3755.0,False,2 DIAPHRAGM PUMP ASM,0.0,Sin motor electrico (neumatica),0.2,Aluminio (centro),PTFE (Teflón),
ARO-PD15A-BAS-FTT,ARO (Ingersoll Rand),PD15A-BAS-FTT,NEUMATICA_DOBLE_MEMBRANA,CALIDAD_PRECIO,1.022,20.442,84.6,3756.66,False,1.5IN EXP MET DIAP PUMP PD15A-BAS-FTT,0.0,Sin motor electrico (neumatica),0.2,Aluminio (centro),PTFE (Teflón),
ARO-66612B-2A4-C,ARO (Ingersoll Rand),66612B-2A4-C,NEUMATICA_DOBLE_MEMBRANA,CALIDAD_PRECIO,0.399,7.98,84.6,3772.06,False,"PUMP ASM, 1"" METAL DIAPHRAGM PUMP",0.0,Sin motor electrico (neumatica),0.2,,PTFE (Teflón)/Santoprene,
ARO-PE10A-BAP-FTT-AHG,ARO (Ingersoll Rand),PE10A-BAP-FTT-AHG,NEUMATICA_DOBLE_MEMBRANA,CALIDAD_PRECIO,0.399,7.98,84.6,3779.1,False,"1"" DIAPHRAGM PUMP ASM.",0.0,Sin motor electrico (neumatica),0.2,Aluminio (centro),PTFE (Teflón),
ARO-PE15P-FPS-PAA-AD0,ARO (Ingersoll Rand),PE15P-FPS-PAA-AD0,NEUMATICA_DOBLE_MEMBRANA,CALIDAD_PRECIO,0.136,2.724,70.3,3780.12,False,"PUMP ASM (1 1/2"" NON-METALLIC)",0.0,Sin motor electrico (neumatica),0.2,Polipropileno (no metálica),Santoprene,
ARO-66612B-233-C,ARO (Ingersoll Rand),66612B-233-C,NEUMATICA_DOBLE_MEMBRANA,CALIDAD_PRECIO,0.399,7.98,84.6,3891.4,False,"PUMP ASM, 1"" METAL DIAPHRAGM PUMP",0.0,Sin motor electrico (neumatica),0.2,,Viton (FKM),
ARO-PE10P-FPS-PTT-ADE,ARO (Ingersoll Rand),PE10P-FPS-PTT-ADE,NEUMATICA_DOBLE_MEMBRANA,CALIDAD_PRECIO,0.399,7.98,84.6,3908.64,False,"1"" DIAPHRAGM PUMP",0.0,Sin motor electrico (neumatica),0.2,Polipropileno (no metálica),PTFE (Teflón),
ARO-PD30A-BAP-GGG-C,ARO (Ingersoll Rand),PD30A-BAP-GGG-C,NEUMATICA_DOBLE_MEMBRANA,CALIDAD_PRECIO,2.691,53.82,84.6,3955.0,False,"PUMP, DIAPHRAGM BSP EXP 3",0.0,Sin motor electrico (neumatica),0.2,Aluminio (centro),Nitrilo (NBR/Buna-N),
ARO-PD10P-YKS-KVV,ARO (Ingersoll Rand),PD10P-YKS-KVV,NEUMATICA_DOBLE_MEMBRANA,CALIDAD_PRECIO,0.534,10.68,84.6,3963.72,False,"1"" NON-METALLIC DIAPH PUMP ASM (RESTRICTED)",0.0,Sin motor electrico (neumatica),0.2,Polipropileno (no metálica),,
ARO-66613B-244-C,ARO (Ingersoll Rand),66613B-244-C,NEUMATICA_DOBLE_MEMBRANA,CALIDAD_PRECIO,0.399,7.98,84.6,3977.69,False,"PUMP ASM, 1"" METAL DIAPHRAGM PUMP",0.0,Sin motor electrico (neumatica),0.2,,PTFE (Teflón)/Santoprene,
ARO-SD10R-CSS-STT-B00,ARO (Ingersoll Rand),SD10R-CSS-STT-B00,NEUMATICA_DOBLE_MEMBRANA,CALIDAD_PRECIO,0.399,7.98,84.6,3980.0,False,"1"" SANITARY DIAPH PUMP",0.0,Sin motor electrico (neumatica),0.2,,,
ARO-66M270-1EB-C,ARO (Ingersoll Rand),66M270-1EB-C,NEUMATICA_DOBLE_MEMBRANA,CALIDAD_PRECIO,1.953,39.06,84.6,4017.78,False,"2"" MINING PUMP",0.0,Sin motor electrico (neumatica),0.2,,,
ARO-670257-A,ARO (Ingersoll Rand),670257-A,NEUMATICA_DOBLE_MEMBRANA,CALIDAD_PRECIO,0.136,2.724,70.3,4037.16,False,"1/2"" DIAPHRAGM PUMP",0.0,Sin motor electrico (neumatica),0.2,,,
ARO-PD20A-AAP-FTT-B,ARO (Ingersoll Rand),PD20A-AAP-FTT-B,NEUMATICA_DOBLE_MEMBRANA,CALIDAD_PRECIO,1.953,39.06,84.6,4051.44,False,2 DIAPHRAGM PUMP ASM,0.0,Sin motor electrico (neumatica),0.2,Aluminio,PTFE (Teflón),
ARO-PD30A-BAP-AAA-C,ARO (Ingersoll Rand),PD30A-BAP-AAA-C,NEUMATICA_DOBLE_MEMBRANA,CALIDAD_PRECIO,2.691,53.82,84.6,4060.0,False,"PUMP, DIAPHRAGM BSP-EXP-3",0.0,Sin motor electrico (neumatica),0.2,Aluminio (centro),Santoprene,
ARO-NM2304B-11-C11,ARO (Ingersoll Rand),NM2304B-11-C11,NEUMATICA_DOBLE_MEMBRANA,CALIDAD_PRECIO,2.691,53.82,84.6,4062.66,False,"PUMP ASM, 3"" AIR MOTOR, 4:1 RATIO, STAINLESS STEEL",0.0,Sin motor electrico (neumatica),0.2,Acero inoxidable,,
ARO-66M270-1C9-C,ARO (Ingersoll Rand),66M270-1C9-C,NEUMATICA_DOBLE_MEMBRANA,CALIDAD_PRECIO,1.953,39.06,84.6,4076.94,False,"2"" MINING PUMP",0.0,Sin motor electrico (neumatica),0.2,,,
ARO-PD10P-BKS-KTT,ARO (Ingersoll Rand),PD10P-BKS-KTT,NEUMATICA_DOBLE_MEMBRANA,CALIDAD_PRECIO,0.534,10.68,84.6,4137.12,False,"1"" NON-METALLIC DIAPH PUMP ASM (RESTRICTED)",0.0,Sin motor electrico (neumatica),0.2,Polipropileno (no metálica),PTFE (Teflón),
ARO-66612D-244-C,ARO (Ingersoll Rand),66612D-244-C,NEUMATICA_DOBLE_MEMBRANA,CALIDAD_PRECIO,0.399,7.98,84.6,4141.1,False,"PUMP ASM, 1"" METAL DIAPHRAGM PUMP",0.0,Sin motor electrico (neumatica),0.2,,PTFE (Teflón)/Santoprene,
ARO-PD10P-YKS-KTT,ARO (Ingersoll Rand),PD10P-YKS-KTT,NEUMATICA_DOBLE_MEMBRANA,CALIDAD_PRECIO,0.534,10.68,84.6,4162.62,False,"1"" NON-METALLIC DIAPH PUMP ASM (RESTRICTED)",0.0,Sin motor electrico (neumatica),0.2,Polipropileno (no metálica),PTFE (Teflón),
ARO-NM2328A-11-311,ARO (Ingersoll Rand),NM2328A-11-311,NEUMATICA_DOBLE_MEMBRANA,CALIDAD_PRECIO,2.691,53.82,84.6,4199.34,False,"3"" 28:1 PUMP ASM (SST) NM2328A-11-311",0.0,Sin motor electrico (neumatica),0.2,,,
ARO-PD20A-BCP-KTT-B,ARO (Ingersoll Rand),PD20A-BCP-KTT-B,NEUMATICA_DOBLE_MEMBRANA,CALIDAD_PRECIO,1.953,39.06,84.6,4200.0,False,"2"" DIAPHRAGM PUMP ASM",0.0,Sin motor electrico (neumatica),0.2,Aluminio (centro),PTFE (Teflón),
ARO-NM2328A-11-G11,ARO (Ingersoll Rand),NM2328A-11-G11,NEUMATICA_DOBLE_MEMBRANA,CALIDAD_PRECIO,2.691,53.82,84.6,4225.86,False,"PUMP ASM, 3"" AIR MOTOR, 28:1 RATIO",0.0,Sin motor electrico (neumatica),0.2,,,
ARO-6661B4-444-C,ARO (Ingersoll Rand),6661B4-444-C,NEUMATICA_DOBLE_MEMBRANA,CALIDAD_PRECIO,0.534,10.68,84.6,4248.5,False,"PLASTIC, 1"" DIAPHRAGM PUMP",0.0,Sin motor electrico (neumatica),0.2,Plástico (no metálico),,
ARO-PE10P-FKS-KTT-AD0,ARO (Ingersoll Rand),PE10P-FKS-KTT-AD0,NEUMATICA_DOBLE_MEMBRANA,CALIDAD_PRECIO,0.399,7.98,84.6,4253.4,False,"1"" DIAPHRAGM PUMP - RESTRICTED",0.0,Sin motor electrico (neumatica),0.2,Polipropileno (no metálica),PTFE (Teflón),
ARO-PE15A-BAP-FTT-ADF,ARO (Ingersoll Rand),PE15A-BAP-FTT-ADF,NEUMATICA_DOBLE_MEMBRANA,CALIDAD_PRECIO,1.022,20.442,84.6,4253.4,False,"1-1/2"" DIAPHRAGM PUMP",0.0,Sin motor electrico (neumatica),0.2,Aluminio (centro),PTFE (Teflón),
ARO-PD15P-FPS-PGG,ARO (Ingersoll Rand),PD15P-FPS-PGG,NEUMATICA_DOBLE_MEMBRANA,CALIDAD_PRECIO,1.136,22.71,84.6,4270.74,False,"PUMP ASM (1 1/2"" NON-METALLIC)",0.0,Sin motor electrico (neumatica),0.2,Polipropileno (no metálica),Nitrilo (NBR/Buna-N),
ARO-PD15P-YPS-PGG,ARO (Ingersoll Rand),PD15P-YPS-PGG,NEUMATICA_DOBLE_MEMBRANA,CALIDAD_PRECIO,1.136,22.71,84.6,4270.74,False,"PUMP ASM (1 1/2"" NON-METALLIC)",0.0,Sin motor electrico (neumatica),0.2,Polipropileno (no metálica),Nitrilo (NBR/Buna-N),
ARO-SD10R-CSS-SMM-B00,ARO (Ingersoll Rand),SD10R-CSS-SMM-B00,NEUMATICA_DOBLE_MEMBRANA,CALIDAD_PRECIO,0.399,7.98,84.6,4273.8,False,"1"" SANITARY DIAPH PUMP",0.0,Sin motor electrico (neumatica),0.2,,,
ARO-PE10P-FKS-KTT-AS0,ARO (Ingersoll Rand),PE10P-FKS-KTT-AS0,NEUMATICA_DOBLE_MEMBRANA,CALIDAD_PRECIO,0.399,7.98,84.6,4297.26,False,"1"" DIAPHRAGM PUMP - RESTRICTED",0.0,Sin motor electrico (neumatica),0.2,Polipropileno (no metálica),PTFE (Teflón),
ARO-666170-146-C,ARO (Ingersoll Rand),666170-146-C,NEUMATICA_DOBLE_MEMBRANA,CALIDAD_PRECIO,1.022,20.442,84.6,4346.22,False,"1-1/2"" DIAPHRAGM PUMP",0.0,Sin motor electrico (neumatica),0.2,,PTFE compuesto,
ARO-PF20A-AAP-SGG-B,ARO (Ingersoll Rand),PF20A-AAP-SGG-B,NEUMATICA_DOBLE_MEMBRANA,CALIDAD_PRECIO,1.953,39.06,84.6,4367.64,False,"2"" DIAPHRAGM PUMP (FLAP)",0.0,Sin motor electrico (neumatica),0.2,,,
ARO-NM2304B-11-W11,ARO (Ingersoll Rand),NM2304B-11-W11,NEUMATICA_DOBLE_MEMBRANA,CALIDAD_PRECIO,2.691,53.82,84.6,4408.44,False,"PUMP ASM, 3"" AIR MOTOR, 4:1 RATIO, STAINLESS STEEL",0.0,Sin motor electrico (neumatica),0.2,Acero inoxidable,,
ARO-6661A4-444-C,ARO (Ingersoll Rand),6661A4-444-C,NEUMATICA_DOBLE_MEMBRANA,CALIDAD_PRECIO,0.534,10.68,84.6,4435.78,False,"PLASTIC, 1"" DIAPHRAGM PUMP",0.0,Sin motor electrico (neumatica),0.2,Plástico (no metálico),,
ARO-NM2304B-41-C11,ARO (Ingersoll Rand),NM2304B-41-C11,NEUMATICA_DOBLE_MEMBRANA,CALIDAD_PRECIO,2.691,53.82,84.6,4437.0,False,"PUMP ASM, 3"" AIR MOTOR, 4:1 RATIO, STAINLESS STEEL",0.0,Sin motor electrico (neumatica),0.2,Acero inoxidable,,
ARO-PF20A-BAP-SGG-B,ARO (Ingersoll Rand),PF20A-BAP-SGG-B,NEUMATICA_DOBLE_MEMBRANA,CALIDAD_PRECIO,1.953,39.06,84.6,4495.0,False,"2"" DIAPHRAGM PUMP (FLAP)",0.0,Sin motor electrico (neumatica),0.2,,,
ARO-PE15A-BAP-FTT-ADL,ARO (Ingersoll Rand),PE15A-BAP-FTT-ADL,NEUMATICA_DOBLE_MEMBRANA,CALIDAD_PRECIO,1.022,20.442,84.6,4534.92,False,"1-1/2"" DIAPHRAGM PUMP",0.0,Sin motor electrico (neumatica),0.2,Aluminio (centro),PTFE (Teflón),
ARO-66610B-246-C,ARO (Ingersoll Rand),66610B-246-C,NEUMATICA_DOBLE_MEMBRANA,CALIDAD_PRECIO,0.399,7.98,84.6,4535.84,False,"PUMP ASM, 1"" METAL DIAPHRAGM PUMP",0.0,Sin motor electrico (neumatica),0.2,,PTFE compuesto,
ARO-PE10E-FES-PTT-AHG,ARO (Ingersoll Rand),PE10E-FES-PTT-AHG,NEUMATICA_DOBLE_MEMBRANA,CALIDAD_PRECIO,0.399,7.98,84.6,4540.02,False,"1"" NON-METALLIC DIAPH PUMP ASM",0.0,Sin motor electrico (neumatica),0.2,,,
ARO-PD10E-FNS-KAA-A,ARO (Ingersoll Rand),PD10E-FNS-KAA-A,NEUMATICA_DOBLE_MEMBRANA,CALIDAD_PRECIO,0.399,7.98,84.6,4554.3,False,"1"" DIAPHRAGM PUMP",0.0,Sin motor electrico (neumatica),0.2,,,
ARO-47692858001,ARO (Ingersoll Rand),47692858001,NEUMATICA_DOBLE_MEMBRANA,CALIDAD_PRECIO,0.136,2.724,70.3,4598.16,False,"1/2"" PUMP WITH CERTS",0.0,Sin motor electrico (neumatica),0.2,,,
ARO-PD15P-YPS-PAA,ARO (Ingersoll Rand),PD15P-YPS-PAA,NEUMATICA_DOBLE_MEMBRANA,CALIDAD_PRECIO,1.136,22.71,84.6,4604.28,False,PUMP ASM (1 1/2 NON-METALLIC),0.0,Sin motor electrico (neumatica),0.2,Polipropileno (no metálica),Santoprene,
ARO-6661AG-444-C,ARO (Ingersoll Rand),6661AG-444-C,NEUMATICA_DOBLE_MEMBRANA,CALIDAD_PRECIO,0.534,10.68,84.6,4617.54,False,"PLASTIC, 1"" DIAPHRAGM PUMP",0.0,Sin motor electrico (neumatica),0.2,Plástico (no metálico),,
ARO-PD20A-BAP-FTT-B,ARO (Ingersoll Rand),PD20A-BAP-FTT-B,NEUMATICA_DOBLE_MEMBRANA,CALIDAD_PRECIO,1.953,39.06,84.6,4635.9,False,2 DIAPHRAGM PUMP ASM,0.0,Sin motor electrico (neumatica),0.2,Aluminio (centro),PTFE (Teflón),
ARO-666320-9C9-C,ARO (Ingersoll Rand),666320-9C9-C,NEUMATICA_DOBLE_MEMBRANA,CALIDAD_PRECIO,2.691,53.82,84.6,4673.64,False,"3"" METALLIC PUMP",0.0,Sin motor electrico (neumatica),0.2,,,
ARO-PD30A-AAP-AAA-C,ARO (Ingersoll Rand),PD30A-AAP-AAA-C,NEUMATICA_DOBLE_MEMBRANA,CALIDAD_PRECIO,2.691,53.82,84.6,4677.72,False,3 AL/SANTOPRENE PUMP,0.0,Sin motor electrico (neumatica),0.2,Aluminio,Santoprene,
ARO-NM2304B-41-311,ARO (Ingersoll Rand),NM2304B-41-311,NEUMATICA_DOBLE_MEMBRANA,CALIDAD_PRECIO,2.691,53.82,84.6,4701.18,False,"PUMP ASM, 3"" AIR MOTOR, 4:1 RATIO, STAINLESS STEEL",0.0,Sin motor electrico (neumatica),0.2,Acero inoxidable,,
ARO-PE15P-FPS-PAA-ADF,ARO (Ingersoll Rand),PE15P-FPS-PAA-ADF,NEUMATICA_DOBLE_MEMBRANA,CALIDAD_PRECIO,0.136,2.724,70.3,4713.42,False,"PUMP ASM (1 1/2"" NON-METALLIC)",0.0,Sin motor electrico (neumatica),0.2,Polipropileno (no metálica),Santoprene,
ARO-SD10R-CSS-SMM-BDF,ARO (Ingersoll Rand),SD10R-CSS-SMM-BDF,NEUMATICA_DOBLE_MEMBRANA,CALIDAD_PRECIO,0.399,7.98,84.6,4713.42,False,"1"" SANITARY DIAPH PUMP",0.0,Sin motor electrico (neumatica),0.2,,,
ARO-666300-9C9-C,ARO (Ingersoll Rand),666300-9C9-C,NEUMATICA_DOBLE_MEMBRANA,CALIDAD_PRECIO,2.691,53.82,84.6,4715.46,False,"3"" METALLIC PUMP",0.0,Sin motor electrico (neumatica),0.2,,,
ARO-PD15P-FPS-PCC,ARO (Ingersoll Rand),PD15P-FPS-PCC,NEUMATICA_DOBLE_MEMBRANA,CALIDAD_PRECIO,1.136,22.71,84.6,4727.7,False,"PUMP ASM (1 1/2"" NON-METALLIC)",0.0,Sin motor electrico (neumatica),0.2,Polipropileno (no metálica),Hytrel,
ARO-666151-2EB-C,ARO (Ingersoll Rand),666151-2EB-C,NEUMATICA_DOBLE_MEMBRANA,CALIDAD_PRECIO,1.022,20.442,84.6,4745.04,False,"1-1/2"" DIAPHRAGM PUMP",0.0,Sin motor electrico (neumatica),0.2,,Santoprene,
ARO-PD15E-FES-PAA,ARO (Ingersoll Rand),PD15E-FES-PAA,NEUMATICA_DOBLE_MEMBRANA,CALIDAD_PRECIO,1.022,20.442,84.6,4802.16,False,"PUMP ASM (1 1/2"" NON-METALLIC)",0.0,Sin motor electrico (neumatica),0.2,,,
ARO-PD30A-BAP-CCC-C,ARO (Ingersoll Rand),PD30A-BAP-CCC-C,NEUMATICA_DOBLE_MEMBRANA,CALIDAD_PRECIO,2.691,53.82,84.6,4808.28,False,DIAP PUMP-BSP-EXP-3IN,0.0,Sin motor electrico (neumatica),0.2,Aluminio (centro),Hytrel,
ARO-SD10S-CSS-CCC-B00,ARO (Ingersoll Rand),SD10S-CSS-CCC-B00,NEUMATICA_DOBLE_MEMBRANA,CALIDAD_PRECIO,0.399,7.98,84.6,4820.52,False,"1"" SANITARY DIAPH PUMP",0.0,Sin motor electrico (neumatica),0.2,,,
ARO-66612B-246-C,ARO (Ingersoll Rand),66612B-246-C,NEUMATICA_DOBLE_MEMBRANA,CALIDAD_PRECIO,0.399,7.98,84.6,4825.01,False,"PUMP ASM, 1"" METAL DIAPHRAGM PUMP",0.0,Sin motor electrico (neumatica),0.2,,PTFE compuesto,
ARO-PE30A-BAP-AAA-CD0,ARO (Ingersoll Rand),PE30A-BAP-AAA-CD0,NEUMATICA_DOBLE_MEMBRANA,CALIDAD_PRECIO,2.691,53.82,84.6,4854.18,False,"3"" DIAPHRAGM PUMP",0.0,Sin motor electrico (neumatica),0.2,Aluminio (centro),Santoprene,
ARO-666320-122-C,ARO (Ingersoll Rand),666320-122-C,NEUMATICA_DOBLE_MEMBRANA,CALIDAD_PRECIO,2.691,53.82,84.6,4861.32,False,"3"" METALLIC PUMP",0.0,Sin motor electrico (neumatica),0.2,,Nitrilo (NBR/Buna-N),
ARO-NM2322E-11-P43,ARO (Ingersoll Rand),NM2322E-11-P43,NEUMATICA_DOBLE_MEMBRANA,CALIDAD_PRECIO,2.691,53.82,84.6,4880.7,False,"PUMP ASM, 3"" AIR MOTOR, 22:1",0.0,Sin motor electrico (neumatica),0.2,,,
ARO-PD20A-BCP-SCC-B,ARO (Ingersoll Rand),PD20A-BCP-SCC-B,NEUMATICA_DOBLE_MEMBRANA,CALIDAD_PRECIO,1.953,39.06,84.6,4894.98,False,"2"" DIAPHRAGM PUMP ASM",0.0,Sin motor electrico (neumatica),0.2,Aluminio (centro),Hytrel,
ARO-SD10R-CSS-STK-B00,ARO (Ingersoll Rand),SD10R-CSS-STK-B00,NEUMATICA_DOBLE_MEMBRANA,CALIDAD_PRECIO,0.399,7.98,84.6,4909.26,False,"1"" SANITARY DIAPH PUMP",0.0,Sin motor electrico (neumatica),0.2,,,
ARO-PE20A-BAP-FTT-BDF,ARO (Ingersoll Rand),PE20A-BAP-FTT-BDF,NEUMATICA_DOBLE_MEMBRANA,CALIDAD_PRECIO,1.953,39.06,84.6,4911.3,False,"2"" DIAPHRAGM PUMP",0.0,Sin motor electrico (neumatica),0.2,Aluminio (centro),PTFE (Teflón),
ARO-PD30A-BCP-GGG-C,ARO (Ingersoll Rand),PD30A-BCP-GGG-C,NEUMATICA_DOBLE_MEMBRANA,CALIDAD_PRECIO,2.691,53.82,84.6,4960.0,False,3 IN EXP METALLIC DIAPH PUMP BSP,0.0,Sin motor electrico (neumatica),0.2,Aluminio (centro),Nitrilo (NBR/Buna-N),
ARO-PE15A-BAP-FTT-ADE,ARO (Ingersoll Rand),PE15A-BAP-FTT-ADE,NEUMATICA_DOBLE_MEMBRANA,CALIDAD_PRECIO,1.022,20.442,84.6,4965.36,False,"1-1/2"" DIAPHRAGM PUMP",0.0,Sin motor electrico (neumatica),0.2,Aluminio (centro),PTFE (Teflón),
ARO-666161-2EB-C,ARO (Ingersoll Rand),666161-2EB-C,NEUMATICA_DOBLE_MEMBRANA,CALIDAD_PRECIO,1.022,20.442,84.6,4971.48,False,"1-1/2"" DIAPHRAGM PUMP",0.0,Sin motor electrico (neumatica),0.2,,Santoprene,
ARO-PD15P-FPS-PVV,ARO (Ingersoll Rand),PD15P-FPS-PVV,NEUMATICA_DOBLE_MEMBRANA,CALIDAD_PRECIO,1.136,22.71,84.6,4978.62,False,"PUMP ASM (1 1/2"" NON-METALLIC)",0.0,Sin motor electrico (neumatica),0.2,Polipropileno (no metálica),,
ARO-PD15P-YPS-PVV,ARO (Ingersoll Rand),PD15P-YPS-PVV,NEUMATICA_DOBLE_MEMBRANA,CALIDAD_PRECIO,1.136,22.71,84.6,4978.62,False,"PUMP ASM (1 1/2"" NON-METALLIC)",0.0,Sin motor electrico (neumatica),0.2,Polipropileno (no metálica),,
ARO-PD20A-BAP-KVV-B,ARO (Ingersoll Rand),PD20A-BAP-KVV-B,NEUMATICA_DOBLE_MEMBRANA,CALIDAD_PRECIO,1.953,39.06,84.6,5027.58,False,"2"" DIAPHRAGM PUMP ASM",0.0,Sin motor electrico (neumatica),0.2,Aluminio (centro),,
ARO-PD20A-BAP-FTL-B,ARO (Ingersoll Rand),PD20A-BAP-FTL-B,NEUMATICA_DOBLE_MEMBRANA,CALIDAD_PRECIO,1.953,39.06,84.6,5050.02,False,"2"" DIAPHRAGM PUMP ASM",0.0,Sin motor electrico (neumatica),0.2,Aluminio (centro),,
ARO-SD10S-CSS-SMM-B00,ARO (Ingersoll Rand),SD10S-CSS-SMM-B00,NEUMATICA_DOBLE_MEMBRANA,CALIDAD_PRECIO,0.399,7.98,84.6,5066.34,False,"1"" SANITARY DIAPH PUMP",0.0,Sin motor electrico (neumatica),0.2,,,
ARO-PD30A-AAP-GGG-C,ARO (Ingersoll Rand),PD30A-AAP-GGG-C,NEUMATICA_DOBLE_MEMBRANA,CALIDAD_PRECIO,2.691,53.82,84.6,5088.78,False,"PD30A-AAP-GGG-C PUMP, DIAPHRAGM EXP",0.0,Sin motor electrico (neumatica),0.2,Aluminio,Nitrilo (NBR/Buna-N),
ARO-PD20A-BAP-STT-B,ARO (Ingersoll Rand),PD20A-BAP-STT-B,NEUMATICA_DOBLE_MEMBRANA,CALIDAD_PRECIO,1.953,39.06,84.6,5102.04,False,"2"" DIAPHRAGM PUMP ASM",0.0,Sin motor electrico (neumatica),0.2,Aluminio (centro),PTFE (Teflón),
ARO-PD15P-FPS-PTT,ARO (Ingersoll Rand),PD15P-FPS-PTT,NEUMATICA_DOBLE_MEMBRANA,CALIDAD_PRECIO,1.136,22.71,84.6,5115.0,False,PUMP ASM (1 1/2 NON-METALLIC),0.0,Sin motor electrico (neumatica),0.2,Polipropileno (no metálica),PTFE (Teflón),
ARO-PD20A-BAP-FVV-B,ARO (Ingersoll Rand),PD20A-BAP-FVV-B,NEUMATICA_DOBLE_MEMBRANA,CALIDAD_PRECIO,1.953,39.06,84.6,5122.44,False,"2"" DIAPHRAGM PUMP ASM",0.0,Sin motor electrico (neumatica),0.2,Aluminio (centro),,
ARO-PE30A-BAP-AAA-CDF,ARO (Ingersoll Rand),PE30A-BAP-AAA-CDF,NEUMATICA_DOBLE_MEMBRANA,CALIDAD_PRECIO,2.691,53.82,84.6,5128.56,False,"3"" DIAPHRAGM PUMP",0.0,Sin motor electrico (neumatica),0.2,Aluminio (centro),Santoprene,
ARO-PD30A-AAP-CCC-C,ARO (Ingersoll Rand),PD30A-AAP-CCC-C,NEUMATICA_DOBLE_MEMBRANA,CALIDAD_PRECIO,2.691,53.82,84.6,5135.7,False,3 IN EXP METALLIC DIAPH PUMP,0.0,Sin motor electrico (neumatica),0.2,Aluminio,Hytrel,
ARO-PD20P-FPS-PAA,ARO (Ingersoll Rand),PD20P-FPS-PAA,NEUMATICA_DOBLE_MEMBRANA,CALIDAD_PRECIO,1.646,32.928,84.6,5150.0,False,2 PUMP ASM,0.0,Sin motor electrico (neumatica),0.2,Polipropileno (no metálica),Santoprene,
ARO-66M300-1EB-C,ARO (Ingersoll Rand),66M300-1EB-C,NEUMATICA_DOBLE_MEMBRANA,CALIDAD_PRECIO,2.691,53.82,84.6,5168.34,False,"3"" MINING PUMP ASM",0.0,Sin motor electrico (neumatica),0.2,,,
ARO-PZ30A-BAP-AAA-C,ARO (Ingersoll Rand),PZ30A-BAP-AAA-C,NEUMATICA_DOBLE_MEMBRANA,CALIDAD_PRECIO,2.691,53.82,84.6,5171.4,False,"3"" DIAPHRAGM PUMP ASM (METALLIC)",0.0,Sin motor electrico (neumatica),0.2,,,
ARO-PD20A-BAS-STT-B,ARO (Ingersoll Rand),PD20A-BAS-STT-B,NEUMATICA_DOBLE_MEMBRANA,CALIDAD_PRECIO,1.953,39.06,84.6,5174.46,False,"2"" DIAPHRAGM PUMP ASM",0.0,Sin motor electrico (neumatica),0.2,Aluminio (centro),PTFE (Teflón),
ARO-PF20A-ACP-SGG-B,ARO (Ingersoll Rand),PF20A-ACP-SGG-B,NEUMATICA_DOBLE_MEMBRANA,CALIDAD_PRECIO,1.953,39.06,84.6,5185.68,False,"2"" DIAPHRAGM PUMP (FLAP)",0.0,Sin motor electrico (neumatica),0.2,,,
ARO-PE10A-BSS-STT-AD0,ARO (Ingersoll Rand),PE10A-BSS-STT-AD0,NEUMATICA_DOBLE_MEMBRANA,CALIDAD_PRECIO,0.399,7.98,84.6,5189.76,False,"1"" DIAPHRAGM PUMP",0.0,Sin motor electrico (neumatica),0.2,Acero inoxidable (partes mojadas),PTFE (Teflón),
ARO-PF20A-ACP-SAA-B,ARO (Ingersoll Rand),PF20A-ACP-SAA-B,NEUMATICA_DOBLE_MEMBRANA,CALIDAD_PRECIO,1.953,39.06,84.6,5193.84,False,"2"" DIAPHRAGM PUMP (FLAP)",0.0,Sin motor electrico (neumatica),0.2,,,
ARO-PD30A-ACP-AAA-C,ARO (Ingersoll Rand),PD30A-ACP-AAA-C,NEUMATICA_DOBLE_MEMBRANA,CALIDAD_PRECIO,2.691,53.82,84.6,5257.08,False,EXP DIAPHRAGM PUMP,0.0,Sin motor electrico (neumatica),0.2,Aluminio (centro),Santoprene,
ARO-PD10E-FNS-KVV-A,ARO (Ingersoll Rand),PD10E-FNS-KVV-A,NEUMATICA_DOBLE_MEMBRANA,CALIDAD_PRECIO,0.399,7.98,84.6,5294.82,False,"1"" DIAPHRAGM PUMP - RESTRICTED",0.0,Sin motor electrico (neumatica),0.2,,,
ARO-PE10A-BSS-CCC-AP0,ARO (Ingersoll Rand),PE10A-BSS-CCC-AP0,NEUMATICA_DOBLE_MEMBRANA,CALIDAD_PRECIO,0.399,7.98,84.6,5297.88,False,"1"" METAL DIAPHRAGM PUMP",0.0,Sin motor electrico (neumatica),0.2,Acero inoxidable (partes mojadas),Hytrel,
ARO-PD10E-FNS-KTL-A,ARO (Ingersoll Rand),PD10E-FNS-KTL-A,NEUMATICA_DOBLE_MEMBRANA,CALIDAD_PRECIO,0.399,7.98,84.6,5399.88,False,"1"" DIAPHRAGM PUMP - RESTRICTED",0.0,Sin motor electrico (neumatica),0.2,,,
ARO-47801922001,ARO (Ingersoll Rand),47801922001,NEUMATICA_DOBLE_MEMBRANA,CALIDAD_PRECIO,0.399,7.98,84.6,5433.54,False,"1"" PUMP WITH CERTS",0.0,Sin motor electrico (neumatica),0.2,,,
ARO-PD20A-BAP-SVV-B,ARO (Ingersoll Rand),PD20A-BAP-SVV-B,NEUMATICA_DOBLE_MEMBRANA,CALIDAD_PRECIO,1.953,39.06,84.6,5440.68,False,"2"" DIAPHRAGM PUMP ASM",0.0,Sin motor electrico (neumatica),0.2,Aluminio (centro),,
ARO-666151-444-C,ARO (Ingersoll Rand),666151-444-C,NEUMATICA_DOBLE_MEMBRANA,CALIDAD_PRECIO,1.022,20.442,84.6,5487.6,False,"1-1/2"" DIAPHRAGM PUMP",0.0,Sin motor electrico (neumatica),0.2,,PTFE (Teflón)/Santoprene,
ARO-PD15P-FPS-STT,ARO (Ingersoll Rand),PD15P-FPS-STT,NEUMATICA_DOBLE_MEMBRANA,CALIDAD_PRECIO,1.136,22.71,84.6,5497.8,False,"PUMP ASM (1 1/2"" NON-METALLIC)",0.0,Sin motor electrico (neumatica),0.2,Polipropileno (no metálica),PTFE (Teflón),
ARO-PZ20A-BAP-FTT-B,ARO (Ingersoll Rand),PZ20A-BAP-FTT-B,NEUMATICA_DOBLE_MEMBRANA,CALIDAD_PRECIO,1.953,39.06,84.6,5499.84,False,"2"" DIAPHRAGM PUMP ASM (METALLIC)",0.0,Sin motor electrico (neumatica),0.2,,,
ARO-SD10S-CSS-SMM-BDF,ARO (Ingersoll Rand),SD10S-CSS-SMM-BDF,NEUMATICA_DOBLE_MEMBRANA,CALIDAD_PRECIO,0.399,7.98,84.6,5506.98,False,"1"" SANITARY DIAPH PUMP",0.0,Sin motor electrico (neumatica),0.2,,,
ARO-PF20A-AAP-SVT-B,ARO (Ingersoll Rand),PF20A-AAP-SVT-B,NEUMATICA_DOBLE_MEMBRANA,CALIDAD_PRECIO,1.953,39.06,84.6,5540.64,False,"2"" DIAPHRAGM PUMP (FLAP)",0.0,Sin motor electrico (neumatica),0.2,,,
ARO-PF20A-BAP-SVT-B,ARO (Ingersoll Rand),PF20A-BAP-SVT-B,NEUMATICA_DOBLE_MEMBRANA,CALIDAD_PRECIO,1.953,39.06,84.6,5540.64,False,"2"" PUMP ASM",0.0,Sin motor electrico (neumatica),0.2,,,
ARO-6662A3-311-C,ARO (Ingersoll Rand),6662A3-311-C,NEUMATICA_DOBLE_MEMBRANA,CALIDAD_PRECIO,1.646,32.928,84.6,5549.82,False,"PUMP ASM 2"" PLASTIC",0.0,Sin motor electrico (neumatica),0.2,Plástico (no metálico),,
ARO-PD10E-FNS-KTT-A,ARO (Ingersoll Rand),PD10E-FNS-KTT-A,NEUMATICA_DOBLE_MEMBRANA,CALIDAD_PRECIO,0.399,7.98,84.6,5570.22,False,"1"" DIAPHRAGM PUMP - RESTRICTED",0.0,Sin motor electrico (neumatica),0.2,,,
ARO-PD15P-YPS-PTT,ARO (Ingersoll Rand),PD15P-YPS-PTT,NEUMATICA_DOBLE_MEMBRANA,CALIDAD_PRECIO,1.136,22.71,84.6,5587.56,False,PUMP ASM (1 1/2 NON-METALLIC),0.0,Sin motor electrico (neumatica),0.2,Polipropileno (no metálica),PTFE (Teflón),
ARO-66M320-1EB-C,ARO (Ingersoll Rand),66M320-1EB-C,NEUMATICA_DOBLE_MEMBRANA,CALIDAD_PRECIO,2.691,53.82,84.6,5614.08,False,"3"" MINING PUMP ASM",0.0,Sin motor electrico (neumatica),0.2,,,
ARO-PE20A-BAP-FTT-BDL,ARO (Ingersoll Rand),PE20A-BAP-FTT-BDL,NEUMATICA_DOBLE_MEMBRANA,CALIDAD_PRECIO,1.953,39.06,84.6,5614.08,False,"2"" DIAPHRAGM PUMP",0.0,Sin motor electrico (neumatica),0.2,Aluminio (centro),PTFE (Teflón),
ARO-NM2322E-71-P43,ARO (Ingersoll Rand),NM2322E-71-P43,NEUMATICA_DOBLE_MEMBRANA,CALIDAD_PRECIO,2.691,53.82,84.6,5645.7,False,"PUMP ASM, 3"" AIR MOTOR, 22:1",0.0,Sin motor electrico (neumatica),0.2,,,
ARO-6662A3-322-C,ARO (Ingersoll Rand),6662A3-322-C,NEUMATICA_DOBLE_MEMBRANA,CALIDAD_PRECIO,1.646,32.928,84.6,5680.38,False,"PUMP ASM 2"" PLASTIC",0.0,Sin motor electrico (neumatica),0.2,Plástico (no metálico),,
ARO-PD20A-BCP-STT-B,ARO (Ingersoll Rand),PD20A-BCP-STT-B,NEUMATICA_DOBLE_MEMBRANA,CALIDAD_PRECIO,1.953,39.06,84.6,5692.62,False,"2"" DIAPHRAGM PUMP ASM",0.0,Sin motor electrico (neumatica),0.2,Aluminio (centro),PTFE (Teflón),
ARO-SD10S-CSS-STK-B00,ARO (Ingersoll Rand),SD10S-CSS-STK-B00,NEUMATICA_DOBLE_MEMBRANA,CALIDAD_PRECIO,0.399,7.98,84.6,5699.76,False,"1"" SANITARY DIAPH PUMP",0.0,Sin motor electrico (neumatica),0.2,,,
ARO-PE15P-FPS-PTT-ADF,ARO (Ingersoll Rand),PE15P-FPS-PTT-ADF,NEUMATICA_DOBLE_MEMBRANA,CALIDAD_PRECIO,0.136,2.724,70.3,5702.82,False,"PUMP ASM (1 1/2"" NON-METALLIC)",0.0,Sin motor electrico (neumatica),0.2,Polipropileno (no metálica),PTFE (Teflón),
ARO-66615B-244-C,ARO (Ingersoll Rand),66615B-244-C,NEUMATICA_DOBLE_MEMBRANA,CALIDAD_PRECIO,1.022,20.442,84.6,5731.38,False,"1-1/2"" DIAPHRAGM PUMP",0.0,Sin motor electrico (neumatica),0.2,,PTFE (Teflón)/Santoprene,
ARO-666151-844-C,ARO (Ingersoll Rand),666151-844-C,NEUMATICA_DOBLE_MEMBRANA,CALIDAD_PRECIO,1.022,20.442,84.6,5785.44,False,"1-1/2"" DIAPHRAGM PUMP",0.0,Sin motor electrico (neumatica),0.2,,PTFE (Teflón)/Santoprene,
ARO-66M320-122-C,ARO (Ingersoll Rand),66M320-122-C,NEUMATICA_DOBLE_MEMBRANA,CALIDAD_PRECIO,2.691,53.82,84.6,5808.9,False,"3"" MINING PUMP ASM",0.0,Sin motor electrico (neumatica),0.2,,,
ARO-NM2304B-11-31B,ARO (Ingersoll Rand),NM2304B-11-31B,NEUMATICA_DOBLE_MEMBRANA,CALIDAD_PRECIO,2.691,53.82,84.6,5823.18,False,"PUMP ASM, 3"" AIR MOTOR, 4:1 RATIO, STAINLESS STEEL",0.0,Sin motor electrico (neumatica),0.2,Acero inoxidable,,
ARO-PF20A-BCP-SGG-B,ARO (Ingersoll Rand),PF20A-BCP-SGG-B,NEUMATICA_DOBLE_MEMBRANA,CALIDAD_PRECIO,1.953,39.06,84.6,5851.74,False,"2"" DIAPHRAGM PUMP (FLAP)",0.0,Sin motor electrico (neumatica),0.2,,,
ARO-666161-244-C,ARO (Ingersoll Rand),666161-244-C,NEUMATICA_DOBLE_MEMBRANA,CALIDAD_PRECIO,1.022,20.442,84.6,5877.24,False,"1-1/2"" DIAPHRAGM PUMP",0.0,Sin motor electrico (neumatica),0.2,,PTFE (Teflón)/Santoprene,
ARO-PF20A-BCP-SAA-B,ARO (Ingersoll Rand),PF20A-BCP-SAA-B,NEUMATICA_DOBLE_MEMBRANA,CALIDAD_PRECIO,1.953,39.06,84.6,5943.54,False,"2"" DIAPHRAGM PUMP (FLAP)",0.0,Sin motor electrico (neumatica),0.2,,,
ARO-66M320-1C9-C,ARO (Ingersoll Rand),66M320-1C9-C,NEUMATICA_DOBLE_MEMBRANA,CALIDAD_PRECIO,2.691,53.82,84.6,5945.58,False,"3"" MINING PUMP ASM",0.0,Sin motor electrico (neumatica),0.2,,,
ARO-66616B-244-C,ARO (Ingersoll Rand),66616B-244-C,NEUMATICA_DOBLE_MEMBRANA,CALIDAD_PRECIO,1.022,20.442,84.6,5958.84,False,"1-1/2"" DIAPHRAGM PUMP",0.0,Sin motor electrico (neumatica),0.2,,PTFE (Teflón)/Santoprene,
ARO-6662A3-8EB-C,ARO (Ingersoll Rand),6662A3-8EB-C,NEUMATICA_DOBLE_MEMBRANA,CALIDAD_PRECIO,1.646,32.928,84.6,6003.72,False,"PUMP ASM 2"" PLASTIC",0.0,Sin motor electrico (neumatica),0.2,Plástico (no metálico),,
ARO-PE20A-BAP-FTT-BDE,ARO (Ingersoll Rand),PE20A-BAP-FTT-BDE,NEUMATICA_DOBLE_MEMBRANA,CALIDAD_PRECIO,1.953,39.06,84.6,6046.56,False,"2"" DIAPHRAGM PUMP",0.0,Sin motor electrico (neumatica),0.2,Aluminio (centro),PTFE (Teflón),
ARO-PE10A-BSS-STT-ADF,ARO (Ingersoll Rand),PE10A-BSS-STT-ADF,NEUMATICA_DOBLE_MEMBRANA,CALIDAD_PRECIO,0.399,7.98,84.6,6086.34,False,"1"" DIAPHRAGM PUMP",0.0,Sin motor electrico (neumatica),0.2,Acero inoxidable (partes mojadas),PTFE (Teflón),
ARO-NM2304B-11-C1B,ARO (Ingersoll Rand),NM2304B-11-C1B,NEUMATICA_DOBLE_MEMBRANA,CALIDAD_PRECIO,2.691,53.82,84.6,6100.62,False,"PUMP ASM, 3"" AIR MOTOR, 4:1 RATIO, STAINLESS STEEL",0.0,Sin motor electrico (neumatica),0.2,Acero inoxidable,,
ARO-PD15P-FPS-PTL,ARO (Ingersoll Rand),PD15P-FPS-PTL,NEUMATICA_DOBLE_MEMBRANA,CALIDAD_PRECIO,1.136,22.71,84.6,6146.52,False,"PUMP ASM (1 1/2"" NON-METALLIC)",0.0,Sin motor electrico (neumatica),0.2,Polipropileno (no metálica),,
ARO-PE15E-FES-PTT-AH0,ARO (Ingersoll Rand),PE15E-FES-PTT-AH0,NEUMATICA_DOBLE_MEMBRANA,CALIDAD_PRECIO,0.136,2.724,70.3,6146.52,False,"PUMP ASM (1 1/2"" NON-METALLIC)",0.0,Sin motor electrico (neumatica),0.2,,,
ARO-E2P10-AAAAA-AA-A0A,ARO (Ingersoll Rand),E2P10-AAAAA-AA-A0A,NEUMATICA_DOBLE_MEMBRANA,CALIDAD_PRECIO,0.399,7.98,84.6,6273.0,False,"1"" EVO 200 PUMP ASSY (METALLIC)",0.0,Sin motor electrico (neumatica),0.2,,,
ARO-E2P10-AAAAA-BA-A0A,ARO (Ingersoll Rand),E2P10-AAAAA-BA-A0A,NEUMATICA_DOBLE_MEMBRANA,CALIDAD_PRECIO,0.399,7.98,84.6,6273.0,False,"1"" EVO 200 PUMP ASSY (METALLIC)",0.0,Sin motor electrico (neumatica),0.2,,,
ARO-E2P10-AAAAA-CA-A0A,ARO (Ingersoll Rand),E2P10-AAAAA-CA-A0A,NEUMATICA_DOBLE_MEMBRANA,CALIDAD_PRECIO,0.399,7.98,84.6,6273.0,False,"1"" EVO 200 PUMP ASSY (METALLIC)",0.0,Sin motor electrico (neumatica),0.2,,,
ARO-E2P10-ABAAA-AB-A0A,ARO (Ingersoll Rand),E2P10-ABAAA-AB-A0A,NEUMATICA_DOBLE_MEMBRANA,CALIDAD_PRECIO,0.399,7.98,84.6,6273.0,False,"1"" EVO 200 PUMP ASSY (METALLIC)",0.0,Sin motor electrico (neumatica),0.2,,,
ARO-E2P10-ABAAA-BB-A0A,ARO (Ingersoll Rand),E2P10-ABAAA-BB-A0A,NEUMATICA_DOBLE_MEMBRANA,CALIDAD_PRECIO,0.399,7.98,84.6,6273.0,False,"1"" EVO 200 PUMP ASSY (METALLIC)",0.0,Sin motor electrico (neumatica),0.2,,,
ARO-E2P10-ABAAA-CB-A0A,ARO (Ingersoll Rand),E2P10-ABAAA-CB-A0A,NEUMATICA_DOBLE_MEMBRANA,CALIDAD_PRECIO,0.399,7.98,84.6,6273.0,False,"1"" EVO 200 PUMP ASSY (METALLIC)",0.0,Sin motor electrico (neumatica),0.2,,,
ARO-PF20A-ACP-SVT-B,ARO (Ingersoll Rand),PF20A-ACP-SVT-B,NEUMATICA_DOBLE_MEMBRANA,CALIDAD_PRECIO,1.953,39.06,84.6,6305.64,False,"2"" DIAPHRAGM PUMP (FLAP)",0.0,Sin motor electrico (neumatica),0.2,,,
ARO-66617B-2EB-C,ARO (Ingersoll Rand),66617B-2EB-C,NEUMATICA_DOBLE_MEMBRANA,CALIDAD_PRECIO,1.022,20.442,84.6,6341.34,False,"1-1/2"" DIAPHRAGM PUMP",0.0,Sin motor electrico (neumatica),0.2,,Santoprene,
ARO-PE10A-BSS-STT-ADL,ARO (Ingersoll Rand),PE10A-BSS-STT-ADL,NEUMATICA_DOBLE_MEMBRANA,CALIDAD_PRECIO,0.399,7.98,84.6,6363.78,False,"1"" DIAPHRAGM PUMP",0.0,Sin motor electrico (neumatica),0.2,Acero inoxidable (partes mojadas),PTFE (Teflón),
ARO-66617B-222-C,ARO (Ingersoll Rand),66617B-222-C,NEUMATICA_DOBLE_MEMBRANA,CALIDAD_PRECIO,1.022,20.442,84.6,6376.02,False,"1-1/2"" DIAPHRAGM PUMP",0.0,Sin motor electrico (neumatica),0.2,,Nitrilo (NBR/Buna-N),
ARO-PZ10A-BSS-STT-A,ARO (Ingersoll Rand),PZ10A-BSS-STT-A,NEUMATICA_DOBLE_MEMBRANA,CALIDAD_PRECIO,0.399,7.98,84.6,6395.4,False,"1"" DIAPHRAGM PUMP ASM (METALLIC)",0.0,Sin motor electrico (neumatica),0.2,,,
ARO-PE15P-YPS-SVV-ADF,ARO (Ingersoll Rand),PE15P-YPS-SVV-ADF,NEUMATICA_DOBLE_MEMBRANA,CALIDAD_PRECIO,0.136,2.724,70.3,6494.34,False,"PUMP ASM (1 1/2"" NON-METALLIC)",0.0,Sin motor electrico (neumatica),0.2,Polipropileno (no metálica),,
ARO-666151-244-C,ARO (Ingersoll Rand),666151-244-C,NEUMATICA_DOBLE_MEMBRANA,CALIDAD_PRECIO,1.022,20.442,84.6,6518.82,False,"1-1/2"" DIAPHRAGM PUMP",0.0,Sin motor electrico (neumatica),0.2,,PTFE (Teflón)/Santoprene,
ARO-666171-244-C,ARO (Ingersoll Rand),666171-244-C,NEUMATICA_DOBLE_MEMBRANA,CALIDAD_PRECIO,1.022,20.442,84.6,6520.86,False,"1-1/2"" DIAPHRAGM PUMP",0.0,Sin motor electrico (neumatica),0.2,,PTFE (Teflón)/Santoprene,
ARO-666300-144-C,ARO (Ingersoll Rand),666300-144-C,NEUMATICA_DOBLE_MEMBRANA,CALIDAD_PRECIO,2.691,53.82,84.6,6521.88,False,"3"" METALLIC PUMP",0.0,Sin motor electrico (neumatica),0.2,,PTFE (Teflón)/Santoprene,
ARO-666270-246-C,ARO (Ingersoll Rand),666270-246-C,NEUMATICA_DOBLE_MEMBRANA,CALIDAD_PRECIO,1.953,39.06,84.6,6539.22,False,"2"" METALLIC PUMP",0.0,Sin motor electrico (neumatica),0.2,,PTFE compuesto,
ARO-PE15P-FPS-PTT-ASL,ARO (Ingersoll Rand),PE15P-FPS-PTT-ASL,NEUMATICA_DOBLE_MEMBRANA,CALIDAD_PRECIO,0.136,2.724,70.3,6558.6,False,"PUMP ASM (1 1/2"" NON-METALLIC)",0.0,Sin motor electrico (neumatica),0.2,Polipropileno (no metálica),PTFE (Teflón),
ARO-PE15P-FPS-PTT-ADL,ARO (Ingersoll Rand),PE15P-FPS-PTT-ADL,NEUMATICA_DOBLE_MEMBRANA,CALIDAD_PRECIO,0.136,2.724,70.3,6574.92,False,"PUMP ASM (1 1/2"" NON-METALLIC)",0.0,Sin motor electrico (neumatica),0.2,Polipropileno (no metálica),PTFE (Teflón),
ARO-PD20P-FPS-PTA,ARO (Ingersoll Rand),PD20P-FPS-PTA,NEUMATICA_DOBLE_MEMBRANA,CALIDAD_PRECIO,1.646,32.928,84.6,6582.06,False,"2"" PUMP ASM",0.0,Sin motor electrico (neumatica),0.2,Polipropileno (no metálica),,
ARO-PD30A-BCP-AAA-C,ARO (Ingersoll Rand),PD30A-BCP-AAA-C,NEUMATICA_DOBLE_MEMBRANA,CALIDAD_PRECIO,2.691,53.82,84.6,6606.54,False,3 IN EXP METALLIC DIAPH PUMP BSP,0.0,Sin motor electrico (neumatica),0.2,Aluminio (centro),Santoprene,
ARO-SD10S-CSS-STT-B00,ARO (Ingersoll Rand),SD10S-CSS-STT-B00,NEUMATICA_DOBLE_MEMBRANA,CALIDAD_PRECIO,0.399,7.98,84.6,6611.64,False,"1"" SANITARY DIAPH PUMP",0.0,Sin motor electrico (neumatica),0.2,,,
ARO-PD20P-FPS-PTT,ARO (Ingersoll Rand),PD20P-FPS-PTT,NEUMATICA_DOBLE_MEMBRANA,CALIDAD_PRECIO,1.646,32.928,84.6,6680.0,False,2 PUMP ASM,0.0,Sin motor electrico (neumatica),0.2,Polipropileno (no metálica),PTFE (Teflón),
ARO-666271-EEB-C,ARO (Ingersoll Rand),666271-EEB-C,NEUMATICA_DOBLE_MEMBRANA,CALIDAD_PRECIO,1.953,39.06,84.6,6757.5,False,"2"" PUMP ASM",0.0,Sin motor electrico (neumatica),0.2,,,
ARO-666171-444-C,ARO (Ingersoll Rand),666171-444-C,NEUMATICA_DOBLE_MEMBRANA,CALIDAD_PRECIO,1.022,20.442,84.6,6764.64,False,"1-1/2"" DIAPHRAGM PUMP",0.0,Sin motor electrico (neumatica),0.2,,PTFE (Teflón)/Santoprene,
ARO-PW20P-YPS-PAA,ARO (Ingersoll Rand),PW20P-YPS-PAA,NEUMATICA_DOBLE_MEMBRANA,CALIDAD_PRECIO,1.953,39.06,84.6,6766.68,False,"2"" PUMP ASM",0.0,Sin motor electrico (neumatica),0.2,,,
ARO-PE10A-BSS-STT-ADE,ARO (Ingersoll Rand),PE10A-BSS-STT-ADE,NEUMATICA_DOBLE_MEMBRANA,CALIDAD_PRECIO,0.399,7.98,84.6,6796.26,False,"1"" DIAPHRAGM PUMP",0.0,Sin motor electrico (neumatica),0.2,Acero inoxidable (partes mojadas),PTFE (Teflón),
ARO-PP20A-BAS-AAA,ARO (Ingersoll Rand),PP20A-BAS-AAA,NEUMATICA_DOBLE_MEMBRANA,CALIDAD_PRECIO,1.953,39.06,84.6,6845.0,False,"2"" POWDER PUMP",0.0,Sin motor electrico (neumatica),0.2,,,
ARO-6662B3-344-C,ARO (Ingersoll Rand),6662B3-344-C,NEUMATICA_DOBLE_MEMBRANA,CALIDAD_PRECIO,1.646,32.928,84.6,6875.82,False,"PUMP ASM 2"" PLASTIC",0.0,Sin motor electrico (neumatica),0.2,Plástico (no metálico),,
ARO-PD20P-FPS-PGG,ARO (Ingersoll Rand),PD20P-FPS-PGG,NEUMATICA_DOBLE_MEMBRANA,CALIDAD_PRECIO,1.646,32.928,84.6,6917.64,False,"2"" PUMP ASM",0.0,Sin motor electrico (neumatica),0.2,Polipropileno (no metálica),Nitrilo (NBR/Buna-N),
ARO-66617B-2A4-C,ARO (Ingersoll Rand),66617B-2A4-C,NEUMATICA_DOBLE_MEMBRANA,CALIDAD_PRECIO,1.022,20.442,84.6,6920.7,False,"1-1/2"" DIAPHRAGM PUMP",0.0,Sin motor electrico (neumatica),0.2,,PTFE (Teflón)/Santoprene,
ARO-PD15E-FES-PGG,ARO (Ingersoll Rand),PD15E-FES-PGG,NEUMATICA_DOBLE_MEMBRANA,CALIDAD_PRECIO,1.022,20.442,84.6,6964.56,False,"PUMP ASM (1 1/2"" NON-METALLIC)",0.0,Sin motor electrico (neumatica),0.2,,,
ARO-E2P10-AAFTT-AA-A0A,ARO (Ingersoll Rand),E2P10-AAFTT-AA-A0A,NEUMATICA_DOBLE_MEMBRANA,CALIDAD_PRECIO,0.399,7.98,84.6,6987.0,False,"1"" EVO 200 PUMP ASSY (METALLIC)",0.0,Sin motor electrico (neumatica),0.2,,,
ARO-E2P10-AAFTT-BA-A0A,ARO (Ingersoll Rand),E2P10-AAFTT-BA-A0A,NEUMATICA_DOBLE_MEMBRANA,CALIDAD_PRECIO,0.399,7.98,84.6,6987.0,False,"1"" EVO 200 PUMP ASSY (METALLIC)",0.0,Sin motor electrico (neumatica),0.2,,,
ARO-E2P10-AAFTT-CA-A0A,ARO (Ingersoll Rand),E2P10-AAFTT-CA-A0A,NEUMATICA_DOBLE_MEMBRANA,CALIDAD_PRECIO,0.399,7.98,84.6,6987.0,False,"1"" EVO 200 PUMP ASSY (METALLIC)",0.0,Sin motor electrico (neumatica),0.2,,,
ARO-E2P10-ABFTT-AB-A0A,ARO (Ingersoll Rand),E2P10-ABFTT-AB-A0A,NEUMATICA_DOBLE_MEMBRANA,CALIDAD_PRECIO,0.399,7.98,84.6,6987.0,False,"1"" EVO 200 PUMP ASSY (METALLIC)",0.0,Sin motor electrico (neumatica),0.2,,,
ARO-E2P10-ABFTT-BB-A0A,ARO (Ingersoll Rand),E2P10-ABFTT-BB-A0A,NEUMATICA_DOBLE_MEMBRANA,CALIDAD_PRECIO,0.399,7.98,84.6,6987.0,False,"1"" EVO 200 PUMP ASSY (METALLIC)",0.0,Sin motor electrico (neumatica),0.2,,,
ARO-E2P10-ABFTT-CB-A0A,ARO (Ingersoll Rand),E2P10-ABFTT-CB-A0A,NEUMATICA_DOBLE_MEMBRANA,CALIDAD_PRECIO,0.399,7.98,84.6,6987.0,False,"1"" EVO 200 PUMP ASSY (METALLIC)",0.0,Sin motor electrico (neumatica),0.2,,,
ARO-6662A3-244-C,ARO (Ingersoll Rand),6662A3-244-C,NEUMATICA_DOBLE_MEMBRANA,CALIDAD_PRECIO,1.646,32.928,84.6,6988.02,False,"PUMP ASM 2"" PLASTIC",0.0,Sin motor electrico (neumatica),0.2,Plástico (no metálico),,
ARO-PM15R-CSS-STT-A02,ARO (Ingersoll Rand),PM15R-CSS-STT-A02,NEUMATICA_DOBLE_MEMBRANA,CALIDAD_PRECIO,1.022,20.442,84.6,6995.16,False,"1-1/2"" DIAPHRAGM PUMP (SST SANITARY)",0.0,Sin motor electrico (neumatica),0.2,,,
ARO-PE15P-FPS-PTT-ADE,ARO (Ingersoll Rand),PE15P-FPS-PTT-ADE,NEUMATICA_DOBLE_MEMBRANA,CALIDAD_PRECIO,0.136,2.724,70.3,7006.38,False,"PUMP ASM (1 1/2"" NON-METALLIC)",0.0,Sin motor electrico (neumatica),0.2,Polipropileno (no metálica),PTFE (Teflón),
ARO-PD30A-BAP-KTT-C,ARO (Ingersoll Rand),PD30A-BAP-KTT-C,NEUMATICA_DOBLE_MEMBRANA,CALIDAD_PRECIO,2.691,53.82,84.6,7010.0,False,3 IN EXP METALLIC DIAPH PUMP BSP,0.0,Sin motor electrico (neumatica),0.2,Aluminio (centro),PTFE (Teflón),
ARO-PD30A-AAP-FTT-C,ARO (Ingersoll Rand),PD30A-AAP-FTT-C,NEUMATICA_DOBLE_MEMBRANA,CALIDAD_PRECIO,2.691,53.82,84.6,7012.5,False,"PUMP, DIAPHRAGM EXP-3",0.0,Sin motor electrico (neumatica),0.2,Aluminio,PTFE (Teflón),
ARO-6662A3-346-C,ARO (Ingersoll Rand),6662A3-346-C,NEUMATICA_DOBLE_MEMBRANA,CALIDAD_PRECIO,1.646,32.928,84.6,7072.68,False,"PUMP ASM 2"" PLASTIC",0.0,Sin motor electrico (neumatica),0.2,Plástico (no metálico),,
ARO-PD15E-FES-PTT,ARO (Ingersoll Rand),PD15E-FES-PTT,NEUMATICA_DOBLE_MEMBRANA,CALIDAD_PRECIO,1.022,20.442,84.6,7087.98,False,"PUMP ASM (1 1/2"" NON-METALLIC)",0.0,Sin motor electrico (neumatica),0.2,,,
ARO-47680242001,ARO (Ingersoll Rand),47680242001,NEUMATICA_DOBLE_MEMBRANA,CALIDAD_PRECIO,1.022,20.442,84.6,7102.26,False,"1-1/2"" PUMP WITH TESTS",0.0,Sin motor electrico (neumatica),0.2,,,
ARO-PD20P-YPS-PAA,ARO (Ingersoll Rand),PD20P-YPS-PAA,NEUMATICA_DOBLE_MEMBRANA,CALIDAD_PRECIO,1.646,32.928,84.6,7110.42,False,"2"" PUMP ASM",0.0,Sin motor electrico (neumatica),0.2,Polipropileno (no metálica),Santoprene,
ARO-PE10A-FSS-STT-AHM,ARO (Ingersoll Rand),PE10A-FSS-STT-AHM,NEUMATICA_DOBLE_MEMBRANA,CALIDAD_PRECIO,0.399,7.98,84.6,7123.68,False,"1"" DIAPHRAGM PUMP",0.0,Sin motor electrico (neumatica),0.2,Acero inoxidable (partes mojadas),PTFE (Teflón),
ARO-PE20P-FPS-PAA-AS0,ARO (Ingersoll Rand),PE20P-FPS-PAA-AS0,NEUMATICA_DOBLE_MEMBRANA,CALIDAD_PRECIO,1.953,39.06,84.6,7163.46,False,"2"" ELECTRONIC INTERFACE PUMP",0.0,Sin motor electrico (neumatica),0.2,Polipropileno (no metálica),Santoprene,
ARO-66617B-244-C,ARO (Ingersoll Rand),66617B-244-C,NEUMATICA_DOBLE_MEMBRANA,CALIDAD_PRECIO,1.022,20.442,84.6,7315.0,False,"1-1/2"" DIAPHRAGM PUMP",0.0,Sin motor electrico (neumatica),0.2,,PTFE (Teflón)/Santoprene,
ARO-PD30A-AAP-STT-C,ARO (Ingersoll Rand),PD30A-AAP-STT-C,NEUMATICA_DOBLE_MEMBRANA,CALIDAD_PRECIO,2.691,53.82,84.6,7322.58,False,"3"" DIAPHRAGM PUMP ASM",0.0,Sin motor electrico (neumatica),0.2,Aluminio,PTFE (Teflón),
ARO-PE20P-YPS-PAA-AD0,ARO (Ingersoll Rand),PE20P-YPS-PAA-AD0,NEUMATICA_DOBLE_MEMBRANA,CALIDAD_PRECIO,1.953,39.06,84.6,7331.76,False,"2"" PUMP ASM",0.0,Sin motor electrico (neumatica),0.2,Polipropileno (no metálica),Santoprene,
ARO-PE20P-YPS-PAA-ADF,ARO (Ingersoll Rand),PE20P-YPS-PAA-ADF,NEUMATICA_DOBLE_MEMBRANA,CALIDAD_PRECIO,1.953,39.06,84.6,7516.38,False,"2"" PUMP ASM",0.0,Sin motor electrico (neumatica),0.2,Polipropileno (no metálica),Santoprene,
ARO-PM15A-CSS-MMM-A02,ARO (Ingersoll Rand),PM15A-CSS-MMM-A02,NEUMATICA_DOBLE_MEMBRANA,CALIDAD_PRECIO,1.022,20.442,84.6,7583.7,False,"1-1/2"" DIAPHRAGM PUMP (SST SANITARY)",0.0,Sin motor electrico (neumatica),0.2,,,
ARO-PW20P-YPS-PTT,ARO (Ingersoll Rand),PW20P-YPS-PTT,NEUMATICA_DOBLE_MEMBRANA,CALIDAD_PRECIO,1.953,39.06,84.6,7664.28,False,"2"" PUMP ASM",0.0,Sin motor electrico (neumatica),0.2,,,
ARO-66630C-544-C,ARO (Ingersoll Rand),66630C-544-C,NEUMATICA_DOBLE_MEMBRANA,CALIDAD_PRECIO,2.691,53.82,84.6,7680.6,False,"3"" METALLIC PUMP",0.0,Sin motor electrico (neumatica),0.2,,PTFE (Teflón)/Santoprene,
ARO-PD20E-FES-PAA,ARO (Ingersoll Rand),PD20E-FES-PAA,NEUMATICA_DOBLE_MEMBRANA,CALIDAD_PRECIO,1.953,39.06,84.6,7753.02,False,"2"" PUMP ASM",0.0,Sin motor electrico (neumatica),0.2,,,
ARO-PW20P-YPS-KTT,ARO (Ingersoll Rand),PW20P-YPS-KTT,NEUMATICA_DOBLE_MEMBRANA,CALIDAD_PRECIO,1.953,39.06,84.6,7831.56,False,"2"" PUMP ASM",0.0,Sin motor electrico (neumatica),0.2,,,
ARO-PE20A-BAP-FVV-BSL,ARO (Ingersoll Rand),PE20A-BAP-FVV-BSL,NEUMATICA_DOBLE_MEMBRANA,CALIDAD_PRECIO,1.953,39.06,84.6,7845.84,False,"2"" DIAPHRAGM PUMP",0.0,Sin motor electrico (neumatica),0.2,Aluminio (centro),,
ARO-PD20P-YPS-PTT,ARO (Ingersoll Rand),PD20P-YPS-PTT,NEUMATICA_DOBLE_MEMBRANA,CALIDAD_PRECIO,1.646,32.928,84.6,7864.2,False,"2"" PUMP ASM",0.0,Sin motor electrico (neumatica),0.2,Polipropileno (no metálica),PTFE (Teflón),
ARO-6662A3-389-C,ARO (Ingersoll Rand),6662A3-389-C,NEUMATICA_DOBLE_MEMBRANA,CALIDAD_PRECIO,1.646,32.928,84.6,7869.3,False,"PUMP ASM 2"" PLASTIC",0.0,Sin motor electrico (neumatica),0.2,Plástico (no metálico),,
ARO-PM15A-CSS-STT-A02,ARO (Ingersoll Rand),PM15A-CSS-STT-A02,NEUMATICA_DOBLE_MEMBRANA,CALIDAD_PRECIO,1.022,20.442,84.6,7887.66,False,"1-1/2"" DIAPHRAGM PUMP (SST SANITARY) PM15A-CSS-STT-A02",0.0,Sin motor electrico (neumatica),0.2,,,
ARO-PM15A-CSS-SMM-A02,ARO (Ingersoll Rand),PM15A-CSS-SMM-A02,NEUMATICA_DOBLE_MEMBRANA,CALIDAD_PRECIO,1.022,20.442,84.6,7891.74,False,"1-1/2"" DIAPHRAGM PUMP (SST SANITARY)",0.0,Sin motor electrico (neumatica),0.2,,,
ARO-PD30A-BAP-FTT-C,ARO (Ingersoll Rand),PD30A-BAP-FTT-C,NEUMATICA_DOBLE_MEMBRANA,CALIDAD_PRECIO,2.691,53.82,84.6,7903.98,False,"PUMP, DIAPHRAGM BSP-EXP-3",0.0,Sin motor electrico (neumatica),0.2,Aluminio (centro),PTFE (Teflón),
ARO-PE20P-FPS-PTT-ADF,ARO (Ingersoll Rand),PE20P-FPS-PTT-ADF,NEUMATICA_DOBLE_MEMBRANA,CALIDAD_PRECIO,1.953,39.06,84.6,7908.06,False,"2"" PUMP ASM",0.0,Sin motor electrico (neumatica),0.2,Polipropileno (no metálica),PTFE (Teflón),
ARO-PW20P-YPS-PTT-AS0,ARO (Ingersoll Rand),PW20P-YPS-PTT-AS0,NEUMATICA_DOBLE_MEMBRANA,CALIDAD_PRECIO,1.953,39.06,84.6,7916.22,False,"2"" PUMP ASM",0.0,Sin motor electrico (neumatica),0.2,,,
ARO-PD15A-BSS-SGG,ARO (Ingersoll Rand),PD15A-BSS-SGG,NEUMATICA_DOBLE_MEMBRANA,CALIDAD_PRECIO,1.022,20.442,84.6,7917.24,False,"1.5"" EXP SST PUMP",0.0,Sin motor electrico (neumatica),0.2,Acero inoxidable (partes mojadas),Nitrilo (NBR/Buna-N),
ARO-PD30A-BAS-FTT-C,ARO (Ingersoll Rand),PD30A-BAS-FTT-C,NEUMATICA_DOBLE_MEMBRANA,CALIDAD_PRECIO,2.691,53.82,84.6,7917.24,False,"3"" METALLIC DIAPH PUMP BSP",0.0,Sin motor electrico (neumatica),0.2,Aluminio (centro),PTFE (Teflón),
ARO-66625B-2EB-C,ARO (Ingersoll Rand),66625B-2EB-C,NEUMATICA_DOBLE_MEMBRANA,CALIDAD_PRECIO,1.953,39.06,84.6,7953.96,False,"2"" METALLIC PUMP",0.0,Sin motor electrico (neumatica),0.2,,Santoprene,
ARO-NP322L01-1,ARO (Ingersoll Rand),NP322L01-1,NEUMATICA_DOBLE_MEMBRANA,CALIDAD_PRECIO,2.691,53.82,84.6,7964.16,False,"LIFT & PUMP ASM. (3"" A.M., 21.7:1 RATIO)",0.0,Sin motor electrico (neumatica),0.2,,,
ARO-PD15E-FES-PVV,ARO (Ingersoll Rand),PD15E-FES-PVV,NEUMATICA_DOBLE_MEMBRANA,CALIDAD_PRECIO,1.022,20.442,84.6,7966.2,False,"PUMP ASM (1 1/2"" NON-METALLIC)",0.0,Sin motor electrico (neumatica),0.2,,,
ARO-PD20P-FPS-PTL,ARO (Ingersoll Rand),PD20P-FPS-PTL,NEUMATICA_DOBLE_MEMBRANA,CALIDAD_PRECIO,1.646,32.928,84.6,8094.72,False,"2"" PUMP ASM",0.0,Sin motor electrico (neumatica),0.2,Polipropileno (no metálica),,
ARO-PM15R-CSS-MMM-A02,ARO (Ingersoll Rand),PM15R-CSS-MMM-A02,NEUMATICA_DOBLE_MEMBRANA,CALIDAD_PRECIO,1.022,20.442,84.6,8139.6,False,"1-1/2"" DIAPHRAGM PUMP (SST SANITARY)",0.0,Sin motor electrico (neumatica),0.2,,,
ARO-PE20P-YPS-PTT-AD0,ARO (Ingersoll Rand),PE20P-YPS-PTT-AD0,NEUMATICA_DOBLE_MEMBRANA,CALIDAD_PRECIO,1.953,39.06,84.6,8184.48,False,"2"" PUMP ASM",0.0,Sin motor electrico (neumatica),0.2,Polipropileno (no metálica),PTFE (Teflón),
ARO-PW20P-YPS-PTL,ARO (Ingersoll Rand),PW20P-YPS-PTL,NEUMATICA_DOBLE_MEMBRANA,CALIDAD_PRECIO,1.953,39.06,84.6,8209.98,False,"2"" PUMP ASM",0.0,Sin motor electrico (neumatica),0.2,,,
ARO-PE20P-YPS-PTT-ADF,ARO (Ingersoll Rand),PE20P-YPS-PTT-ADF,NEUMATICA_DOBLE_MEMBRANA,CALIDAD_PRECIO,1.953,39.06,84.6,8285.46,False,"2"" PUMP ASM",0.0,Sin motor electrico (neumatica),0.2,Polipropileno (no metálica),PTFE (Teflón),
ARO-PE20P-FPS-PAA-ADE,ARO (Ingersoll Rand),PE20P-FPS-PAA-ADE,NEUMATICA_DOBLE_MEMBRANA,CALIDAD_PRECIO,1.953,39.06,84.6,8294.64,False,"2"" PUMP ASM",0.0,Sin motor electrico (neumatica),0.2,Polipropileno (no metálica),Santoprene,
ARO-PD20P-YPS-KTT,ARO (Ingersoll Rand),PD20P-YPS-KTT,NEUMATICA_DOBLE_MEMBRANA,CALIDAD_PRECIO,1.646,32.928,84.6,8315.04,False,"2"" PUMP ASM",0.0,Sin motor electrico (neumatica),0.2,Polipropileno (no metálica),PTFE (Teflón),
ARO-PD30A-BAP-FVV-C,ARO (Ingersoll Rand),PD30A-BAP-FVV-C,NEUMATICA_DOBLE_MEMBRANA,CALIDAD_PRECIO,2.691,53.82,84.6,8361.96,False,3 IN EXP METALLIC DIAPH PUMP BSP,0.0,Sin motor electrico (neumatica),0.2,Aluminio (centro),,
ARO-PW20P-YPS-KTL,ARO (Ingersoll Rand),PW20P-YPS-KTL,NEUMATICA_DOBLE_MEMBRANA,CALIDAD_PRECIO,1.953,39.06,84.6,8366.04,False,"2"" PUMP ASM",0.0,Sin motor electrico (neumatica),0.2,,,
ARO-PD20P-YPS-PTL,ARO (Ingersoll Rand),PD20P-YPS-PTL,NEUMATICA_DOBLE_MEMBRANA,CALIDAD_PRECIO,1.646,32.928,84.6,8426.22,False,"2"" PUMP ASM",0.0,Sin motor electrico (neumatica),0.2,Polipropileno (no metálica),,
ARO-PD20A-BSS-GGG-B,ARO (Ingersoll Rand),PD20A-BSS-GGG-B,NEUMATICA_DOBLE_MEMBRANA,CALIDAD_PRECIO,1.953,39.06,84.6,8430.3,False,"2"" DIAPHRAGM PUMP ASM",0.0,Sin motor electrico (neumatica),0.2,Acero inoxidable (partes mojadas),Nitrilo (NBR/Buna-N),
ARO-66617B-233-C,ARO (Ingersoll Rand),66617B-233-C,NEUMATICA_DOBLE_MEMBRANA,CALIDAD_PRECIO,1.022,20.442,84.6,8461.92,False,"1-1/2"" DIAPHRAGM PUMP",0.0,Sin motor electrico (neumatica),0.2,,Viton (FKM),
ARO-PE20P-YPS-KTT-AD0,ARO (Ingersoll Rand),PE20P-YPS-KTT-AD0,NEUMATICA_DOBLE_MEMBRANA,CALIDAD_PRECIO,1.953,39.06,84.6,8467.02,False,"2"" PUMP ASM",0.0,Sin motor electrico (neumatica),0.2,Polipropileno (no metálica),PTFE (Teflón),
ARO-PD30A-BAS-FVV-C,ARO (Ingersoll Rand),PD30A-BAS-FVV-C,NEUMATICA_DOBLE_MEMBRANA,CALIDAD_PRECIO,2.691,53.82,84.6,8478.24,False,3 IN EXP METALLIC DIAPH PUMP BSP,0.0,Sin motor electrico (neumatica),0.2,Aluminio (centro),,
ARO-66615B-246-C,ARO (Ingersoll Rand),66615B-246-C,NEUMATICA_DOBLE_MEMBRANA,CALIDAD_PRECIO,1.022,20.442,84.6,8514.96,False,"1-1/2"" DIAPHRAGM PUMP",0.0,Sin motor electrico (neumatica),0.2,,PTFE compuesto,
ARO-PD20A-BSS-STT-B,ARO (Ingersoll Rand),PD20A-BSS-STT-B,NEUMATICA_DOBLE_MEMBRANA,CALIDAD_PRECIO,1.953,39.06,84.6,8535.0,False,2 DIAPHRAGM PUMP ASM,0.0,Sin motor electrico (neumatica),0.2,Acero inoxidable (partes mojadas),PTFE (Teflón),
ARO-PD30A-BAP-KVV-C,ARO (Ingersoll Rand),PD30A-BAP-KVV-C,NEUMATICA_DOBLE_MEMBRANA,CALIDAD_PRECIO,2.691,53.82,84.6,8554.74,False,3 IN EXP METALLIC DIAPH PUMP BSP,0.0,Sin motor electrico (neumatica),0.2,Aluminio (centro),,
ARO-PD30A-BAP-STT-C,ARO (Ingersoll Rand),PD30A-BAP-STT-C,NEUMATICA_DOBLE_MEMBRANA,CALIDAD_PRECIO,2.691,53.82,84.6,8569.02,False,3 IN EXP METALLIC DIAPH PUMP BSP,0.0,Sin motor electrico (neumatica),0.2,Aluminio (centro),PTFE (Teflón),
ARO-PD20P-FPS-PTV,ARO (Ingersoll Rand),PD20P-FPS-PTV,NEUMATICA_DOBLE_MEMBRANA,CALIDAD_PRECIO,1.646,32.928,84.6,8573.1,False,"2"" PUMP ASM",0.0,Sin motor electrico (neumatica),0.2,Polipropileno (no metálica),,
ARO-PZ30A-BAP-FTT-C,ARO (Ingersoll Rand),PZ30A-BAP-FTT-C,NEUMATICA_DOBLE_MEMBRANA,CALIDAD_PRECIO,2.691,53.82,84.6,8579.22,False,"3"" DIAPHRAGM PUMP ASM (METALLIC)",0.0,Sin motor electrico (neumatica),0.2,,,
ARO-PD20A-BSS-AAA-B,ARO (Ingersoll Rand),PD20A-BSS-AAA-B,NEUMATICA_DOBLE_MEMBRANA,CALIDAD_PRECIO,1.953,39.06,84.6,8605.74,False,2 DIAPHRAGM PUMP ASM,0.0,Sin motor electrico (neumatica),0.2,Acero inoxidable (partes mojadas),Santoprene,
ARO-PE15A-BSS-STT-AS0,ARO (Ingersoll Rand),PE15A-BSS-STT-AS0,NEUMATICA_DOBLE_MEMBRANA,CALIDAD_PRECIO,1.022,20.442,84.6,8699.58,False,"1-1/2"" DIAPHRAGM PUMP",0.0,Sin motor electrico (neumatica),0.2,Acero inoxidable (partes mojadas),PTFE (Teflón),
ARO-PD20P-YPS-KTL,ARO (Ingersoll Rand),PD20P-YPS-KTL,NEUMATICA_DOBLE_MEMBRANA,CALIDAD_PRECIO,1.646,32.928,84.6,8719.98,False,"2"" PUMP ASM",0.0,Sin motor electrico (neumatica),0.2,Polipropileno (no metálica),,
ARO-PE20P-YPS-KTT-ADF,ARO (Ingersoll Rand),PE20P-YPS-KTT-ADF,NEUMATICA_DOBLE_MEMBRANA,CALIDAD_PRECIO,1.953,39.06,84.6,8777.1,False,"2"" PUMP ASM",0.0,Sin motor electrico (neumatica),0.2,Polipropileno (no metálica),PTFE (Teflón),
ARO-E2P10-SASTT-AA-A0A,ARO (Ingersoll Rand),E2P10-SASTT-AA-A0A,NEUMATICA_DOBLE_MEMBRANA,CALIDAD_PRECIO,0.399,7.98,84.6,8782.2,False,"1"" EVO 200 PUMP ASSY (METALLIC)",0.0,Sin motor electrico (neumatica),0.2,,,
ARO-E2P10-SASTT-BA-A0A,ARO (Ingersoll Rand),E2P10-SASTT-BA-A0A,NEUMATICA_DOBLE_MEMBRANA,CALIDAD_PRECIO,0.399,7.98,84.6,8782.2,False,"1"" EVO 200 PUMP ASSY (METALLIC)",0.0,Sin motor electrico (neumatica),0.2,,,
ARO-E2P10-SASTT-CA-A0A,ARO (Ingersoll Rand),E2P10-SASTT-CA-A0A,NEUMATICA_DOBLE_MEMBRANA,CALIDAD_PRECIO,0.399,7.98,84.6,8782.2,False,"1"" EVO 200 PUMP ASSY (METALLIC)",0.0,Sin motor electrico (neumatica),0.2,,,
ARO-E2P10-SBSTT-AB-A0A,ARO (Ingersoll Rand),E2P10-SBSTT-AB-A0A,NEUMATICA_DOBLE_MEMBRANA,CALIDAD_PRECIO,0.399,7.98,84.6,8782.2,False,"1"" EVO 200 PUMP ASSY (METALLIC)",0.0,Sin motor electrico (neumatica),0.2,,,
ARO-E2P10-SBSTT-BB-A0A,ARO (Ingersoll Rand),E2P10-SBSTT-BB-A0A,NEUMATICA_DOBLE_MEMBRANA,CALIDAD_PRECIO,0.399,7.98,84.6,8782.2,False,"1"" EVO 200 PUMP ASSY (METALLIC)",0.0,Sin motor electrico (neumatica),0.2,,,
ARO-E2P10-SBSTT-CB-A0A,ARO (Ingersoll Rand),E2P10-SBSTT-CB-A0A,NEUMATICA_DOBLE_MEMBRANA,CALIDAD_PRECIO,0.399,7.98,84.6,8782.2,False,"1"" EVO 200 PUMP ASSY (METALLIC)",0.0,Sin motor electrico (neumatica),0.2,,,
ARO-PD20P-FPS-PVV,ARO (Ingersoll Rand),PD20P-FPS-PVV,NEUMATICA_DOBLE_MEMBRANA,CALIDAD_PRECIO,1.646,32.928,84.6,8793.42,False,"2"" PUMP ASM",0.0,Sin motor electrico (neumatica),0.2,Polipropileno (no metálica),,
ARO-PE20P-YPS-KTL-AD0,ARO (Ingersoll Rand),PE20P-YPS-KTL-AD0,NEUMATICA_DOBLE_MEMBRANA,CALIDAD_PRECIO,1.953,39.06,84.6,8831.16,False,"2"" PUMP ASM",0.0,Sin motor electrico (neumatica),0.2,Polipropileno (no metálica),,
ARO-PE20P-YPS-PTL-AD0,ARO (Ingersoll Rand),PE20P-YPS-PTL-AD0,NEUMATICA_DOBLE_MEMBRANA,CALIDAD_PRECIO,1.953,39.06,84.6,8835.24,False,"2"" PUMP ASM",0.0,Sin motor electrico (neumatica),0.2,Polipropileno (no metálica),,
ARO-PE20P-FPS-PTT-A0L,ARO (Ingersoll Rand),PE20P-FPS-PTT-A0L,NEUMATICA_DOBLE_MEMBRANA,CALIDAD_PRECIO,1.953,39.06,84.6,8844.42,False,"2"" PUMP ASM",0.0,Sin motor electrico (neumatica),0.2,Polipropileno (no metálica),PTFE (Teflón),
ARO-47832330001,ARO (Ingersoll Rand),47832330001,NEUMATICA_DOBLE_MEMBRANA,CALIDAD_PRECIO,1.022,20.442,84.6,8903.58,False,"1-1/2"" PUMP WITH CERTS",0.0,Sin motor electrico (neumatica),0.2,,,
ARO-PD20E-FES-PTT,ARO (Ingersoll Rand),PD20E-FES-PTT,NEUMATICA_DOBLE_MEMBRANA,CALIDAD_PRECIO,1.953,39.06,84.6,8929.08,False,2 PUMP ASM,0.0,Sin motor electrico (neumatica),0.2,,,
ARO-PP30A-BAS-AAA,ARO (Ingersoll Rand),PP30A-BAS-AAA,NEUMATICA_DOBLE_MEMBRANA,CALIDAD_PRECIO,2.691,53.82,84.6,9020.0,False,"3"" POWDER PUMP",0.0,Sin motor electrico (neumatica),0.2,,,
ARO-PE20P-YPS-PTL-ADF,ARO (Ingersoll Rand),PE20P-YPS-PTL-ADF,NEUMATICA_DOBLE_MEMBRANA,CALIDAD_PRECIO,1.953,39.06,84.6,9097.38,False,"2"" PUMP ASM",0.0,Sin motor electrico (neumatica),0.2,Polipropileno (no metálica),,
ARO-PD30A-BAP-FTL-C,ARO (Ingersoll Rand),PD30A-BAP-FTL-C,NEUMATICA_DOBLE_MEMBRANA,CALIDAD_PRECIO,2.691,53.82,84.6,9107.58,False,"3"" DIAPHRAGM PUMP ASM",0.0,Sin motor electrico (neumatica),0.2,Aluminio (centro),,
ARO-PE20P-YPS-KTL-ADF,ARO (Ingersoll Rand),PE20P-YPS-KTL-ADF,NEUMATICA_DOBLE_MEMBRANA,CALIDAD_PRECIO,1.953,39.06,84.6,9133.08,False,"2"" PUMP ASM",0.0,Sin motor electrico (neumatica),0.2,Polipropileno (no metálica),,
ARO-PD20A-BSS-SGG-B,ARO (Ingersoll Rand),PD20A-BSS-SGG-B,NEUMATICA_DOBLE_MEMBRANA,CALIDAD_PRECIO,1.953,39.06,84.6,9203.46,False,"2"" DIAPHRAGM PUMP ASM",0.0,Sin motor electrico (neumatica),0.2,Acero inoxidable (partes mojadas),Nitrilo (NBR/Buna-N),
ARO-PE20P-FPS-PTT-ADL,ARO (Ingersoll Rand),PE20P-FPS-PTT-ADL,NEUMATICA_DOBLE_MEMBRANA,CALIDAD_PRECIO,1.953,39.06,84.6,9238.14,False,"2"" PUMP ASM",0.0,Sin motor electrico (neumatica),0.2,Polipropileno (no metálica),PTFE (Teflón),
ARO-PD20R-FSS-AAA-B,ARO (Ingersoll Rand),PD20R-FSS-AAA-B,NEUMATICA_DOBLE_MEMBRANA,CALIDAD_PRECIO,1.953,39.06,84.6,9272.82,False,"2"" DIAPHRAGM PUMP",0.0,Sin motor electrico (neumatica),0.2,Polipropileno (centro) con cabezales metálicos,Santoprene,
ARO-PE15A-BSS-STT-ADF,ARO (Ingersoll Rand),PE15A-BSS-STT-ADF,NEUMATICA_DOBLE_MEMBRANA,CALIDAD_PRECIO,1.022,20.442,84.6,9443.16,False,"1-1/2"" DIAPHRAGM PUMP",0.0,Sin motor electrico (neumatica),0.2,Acero inoxidable (partes mojadas),PTFE (Teflón),
ARO-PD20A-BSS-SAA-B,ARO (Ingersoll Rand),PD20A-BSS-SAA-B,NEUMATICA_DOBLE_MEMBRANA,CALIDAD_PRECIO,1.953,39.06,84.6,9445.2,False,2 DIAPHRAGM PUMP ASM,0.0,Sin motor electrico (neumatica),0.2,Acero inoxidable (partes mojadas),Santoprene,
ARO-PD15P-FKS-KAA,ARO (Ingersoll Rand),PD15P-FKS-KAA,NEUMATICA_DOBLE_MEMBRANA,CALIDAD_PRECIO,1.136,22.71,84.6,9612.48,False,PUMP ASM (1 1/2 NON-METALLIC),0.0,Sin motor electrico (neumatica),0.2,Polipropileno (no metálica),Santoprene,
ARO-PD15P-YKS-KAA,ARO (Ingersoll Rand),PD15P-YKS-KAA,NEUMATICA_DOBLE_MEMBRANA,CALIDAD_PRECIO,1.136,22.71,84.6,9612.48,False,PUMP ASM (1 1/2 NON-METALLIC),0.0,Sin motor electrico (neumatica),0.2,Polipropileno (no metálica),Santoprene,
ARO-PD30A-BCP-STT-C,ARO (Ingersoll Rand),PD30A-BCP-STT-C,NEUMATICA_DOBLE_MEMBRANA,CALIDAD_PRECIO,2.691,53.82,84.6,9643.08,False,3 IN EXP METALLIC DIAPH PUMP BSP,0.0,Sin motor electrico (neumatica),0.2,Aluminio (centro),PTFE (Teflón),
ARO-PE20P-FPS-PTT-ADE,ARO (Ingersoll Rand),PE20P-FPS-PTT-ADE,NEUMATICA_DOBLE_MEMBRANA,CALIDAD_PRECIO,1.953,39.06,84.6,9670.62,False,"2"" PUMP ASM",0.0,Sin motor electrico (neumatica),0.2,Polipropileno (no metálica),PTFE (Teflón),
ARO-PE15A-BSS-STT-ADL,ARO (Ingersoll Rand),PE15A-BSS-STT-ADL,NEUMATICA_DOBLE_MEMBRANA,CALIDAD_PRECIO,1.022,20.442,84.6,9723.66,False,"1-1/2"" DIAPHRAGM PUMP",0.0,Sin motor electrico (neumatica),0.2,Acero inoxidable (partes mojadas),PTFE (Teflón),
ARO-PD20A-ASS-STT-B,ARO (Ingersoll Rand),PD20A-ASS-STT-B,NEUMATICA_DOBLE_MEMBRANA,CALIDAD_PRECIO,1.953,39.06,84.6,9756.3,False,2 DIAPHRAGM PUMP,0.0,Sin motor electrico (neumatica),0.2,Aluminio (centro) / Acero inoxidable (cabezales-mojado),PTFE (Teflón),
ARO-47791848001,ARO (Ingersoll Rand),47791848001,NEUMATICA_DOBLE_MEMBRANA,CALIDAD_PRECIO,1.022,20.442,84.6,10024.56,False,"1-1/2"" PUMP WITH CERTS",0.0,Sin motor electrico (neumatica),0.2,,,
ARO-PD30S-ACP-GGG-C,ARO (Ingersoll Rand),PD30S-ACP-GGG-C,NEUMATICA_DOBLE_MEMBRANA,CALIDAD_PRECIO,2.691,53.82,84.6,10057.2,False,3 IN EXP METALLIC DIAPH PUMP,0.0,Sin motor electrico (neumatica),0.2,,,
ARO-PD15P-YKS-KVV,ARO (Ingersoll Rand),PD15P-YKS-KVV,NEUMATICA_DOBLE_MEMBRANA,CALIDAD_PRECIO,1.136,22.71,84.6,10069.44,False,1.5IN EXP NM DIAP PUMP P,0.0,Sin motor electrico (neumatica),0.2,Polipropileno (no metálica),,
ARO-PW20P-YPS-PAA-AAE,ARO (Ingersoll Rand),PW20P-YPS-PAA-AAE,NEUMATICA_DOBLE_MEMBRANA,CALIDAD_PRECIO,1.953,39.06,84.6,10079.64,False,"2"" PUMP ASM",0.0,Sin motor electrico (neumatica),0.2,,,
ARO-PD20A-BSS-KTT-B,ARO (Ingersoll Rand),PD20A-BSS-KTT-B,NEUMATICA_DOBLE_MEMBRANA,CALIDAD_PRECIO,1.953,39.06,84.6,10109.22,False,"2"" DIAPHRAGM PUMP ASM",0.0,Sin motor electrico (neumatica),0.2,Acero inoxidable (partes mojadas),PTFE (Teflón),
ARO-US_SOURCED_PD10S-FSS-STT,ARO (Ingersoll Rand),US sourced PD10S-FSS-STT,NEUMATICA_DOBLE_MEMBRANA,CALIDAD_PRECIO,0.399,7.98,84.6,10111.26,False,"1"" PUMP ASSY, USA SOURCED",0.0,Sin motor electrico (neumatica),0.2,,,
ARO-PE15A-BSS-STT-ADE,ARO (Ingersoll Rand),PE15A-BSS-STT-ADE,NEUMATICA_DOBLE_MEMBRANA,CALIDAD_PRECIO,1.022,20.442,84.6,10154.1,False,"1-1/2"" DIAPHRAGM PUMP",0.0,Sin motor electrico (neumatica),0.2,Acero inoxidable (partes mojadas),PTFE (Teflón),
ARO-PD20A-ASS-KTT-B,ARO (Ingersoll Rand),PD20A-ASS-KTT-B,NEUMATICA_DOBLE_MEMBRANA,CALIDAD_PRECIO,1.953,39.06,84.6,10155.12,False,"2"" DIAPHRAGM PUMP ASM",0.0,Sin motor electrico (neumatica),0.2,Aluminio (centro) / Acero inoxidable (cabezales-mojado),PTFE (Teflón),
ARO-PD20R-BSS-AAA-B,ARO (Ingersoll Rand),PD20R-BSS-AAA-B,NEUMATICA_DOBLE_MEMBRANA,CALIDAD_PRECIO,1.953,39.06,84.6,10272.42,False,DIAP PUMP-BSP-EXP-2IN-ME PD20R-BSS-AAA-B,0.0,Sin motor electrico (neumatica),0.2,Polipropileno (centro) con cabezales metálicos,Santoprene,
ARO-PD20R-BSS-STT-B,ARO (Ingersoll Rand),PD20R-BSS-STT-B,NEUMATICA_DOBLE_MEMBRANA,CALIDAD_PRECIO,1.953,39.06,84.6,10297.92,False,"2"" PUMP ASM",0.0,Sin motor electrico (neumatica),0.2,Polipropileno (centro) con cabezales metálicos,PTFE (Teflón),
ARO-PD15P-FKS-KVV,ARO (Ingersoll Rand),PD15P-FKS-KVV,NEUMATICA_DOBLE_MEMBRANA,CALIDAD_PRECIO,1.136,22.71,84.6,10407.06,False,"PUMP ASM (1 1/2"" NON-METALLIC) - RESTRICTED",0.0,Sin motor electrico (neumatica),0.2,Polipropileno (no metálica),,
ARO-PD15P-FKS-KTT,ARO (Ingersoll Rand),PD15P-FKS-KTT,NEUMATICA_DOBLE_MEMBRANA,CALIDAD_PRECIO,1.136,22.71,84.6,10465.2,False,"PUMP ASM (1 1/2"" NON-METALLIC) - RESTRICTED",0.0,Sin motor electrico (neumatica),0.2,Polipropileno (no metálica),PTFE (Teflón),
ARO-PD15P-YKS-KTT,ARO (Ingersoll Rand),PD15P-YKS-KTT,NEUMATICA_DOBLE_MEMBRANA,CALIDAD_PRECIO,1.136,22.71,84.6,10465.2,False,"PUMP ASM (1 1/2"" NON-METALLIC) - RESTRICTED",0.0,Sin motor electrico (neumatica),0.2,Polipropileno (no metálica),PTFE (Teflón),
ARO-SD20R-CSS-CCC-B00,ARO (Ingersoll Rand),SD20R-CSS-CCC-B00,NEUMATICA_DOBLE_MEMBRANA,CALIDAD_PRECIO,1.953,39.06,84.6,10640.64,False,"2"" SANITARY DIAPH PUMP",0.0,Sin motor electrico (neumatica),0.2,,,
ARO-PD20A-FSS-STT-B,ARO (Ingersoll Rand),PD20A-FSS-STT-B,NEUMATICA_DOBLE_MEMBRANA,CALIDAD_PRECIO,1.953,39.06,84.6,10770.18,False,2 DIAPHRAGM PUMP,0.0,Sin motor electrico (neumatica),0.2,Acero inoxidable (partes mojadas),PTFE (Teflón),
ARO-PZ20A-BSS-SAA-B,ARO (Ingersoll Rand),PZ20A-BSS-SAA-B,NEUMATICA_DOBLE_MEMBRANA,CALIDAD_PRECIO,1.953,39.06,84.6,10792.62,False,"2"" DIAPHRAGM PUMP ASM (METALLIC)",0.0,Sin motor electrico (neumatica),0.2,,,
ARO-PP20A-ASS-AAA,ARO (Ingersoll Rand),PP20A-ASS-AAA,NEUMATICA_DOBLE_MEMBRANA,CALIDAD_PRECIO,1.953,39.06,84.6,10816.08,False,"2"" POWDER PUMP",0.0,Sin motor electrico (neumatica),0.2,,,
ARO-PD20A-BSS-SVV-B,ARO (Ingersoll Rand),PD20A-BSS-SVV-B,NEUMATICA_DOBLE_MEMBRANA,CALIDAD_PRECIO,1.953,39.06,84.6,10848.72,False,"2"" DIAPHRAGM PUMP ASM",0.0,Sin motor electrico (neumatica),0.2,Acero inoxidable (partes mojadas),,
ARO-SD20R-CSS-SMM-B00,ARO (Ingersoll Rand),SD20R-CSS-SMM-B00,NEUMATICA_DOBLE_MEMBRANA,CALIDAD_PRECIO,1.953,39.06,84.6,10968.06,False,"2"" SANITARY DIAPH PUMP",0.0,Sin motor electrico (neumatica),0.2,,,
ARO-SD20R-CSS-SMM-BDF,ARO (Ingersoll Rand),SD20R-CSS-SMM-BDF,NEUMATICA_DOBLE_MEMBRANA,CALIDAD_PRECIO,1.953,39.06,84.6,11034.36,False,"2"" SANITARY DIAPH PUMP",0.0,Sin motor electrico (neumatica),0.2,,,
ARO-666271-244-C,ARO (Ingersoll Rand),666271-244-C,NEUMATICA_DOBLE_MEMBRANA,CALIDAD_PRECIO,1.953,39.06,84.6,11087.4,False,"2"" METALLIC PUMP",0.0,Sin motor electrico (neumatica),0.2,,PTFE (Teflón)/Santoprene,
ARO-PD15S-ASS-SST,ARO (Ingersoll Rand),PD15S-ASS-SST,NEUMATICA_DOBLE_MEMBRANA,CALIDAD_PRECIO,1.022,20.442,84.6,11128.2,False,"1.5"" PUMP ASM",0.0,Sin motor electrico (neumatica),0.2,,,
ARO-PD20S-BCS-AAA-B,ARO (Ingersoll Rand),PD20S-BCS-AAA-B,NEUMATICA_DOBLE_MEMBRANA,CALIDAD_PRECIO,1.953,39.06,84.6,11263.86,False,"2"" DIAPHRAGM PUMP ASM",0.0,Sin motor electrico (neumatica),0.2,,,
ARO-PH20F-FSP-SAA-B,ARO (Ingersoll Rand),PH20F-FSP-SAA-B,NEUMATICA_DOBLE_MEMBRANA,CALIDAD_PRECIO,1.953,39.06,84.6,11409.72,False,"2"" HP DIAPHRAGM PUMP ASM",0.0,Sin motor electrico (neumatica),0.2,,,
ARO-PD20A-BSS-STL-B,ARO (Ingersoll Rand),PD20A-BSS-STL-B,NEUMATICA_DOBLE_MEMBRANA,CALIDAD_PRECIO,1.953,39.06,84.6,11466.84,False,"2"" DIAPHRAGM PUMP ASM",0.0,Sin motor electrico (neumatica),0.2,Acero inoxidable (partes mojadas),,
ARO-PE20A-BSS-STT-BDF,ARO (Ingersoll Rand),PE20A-BSS-STT-BDF,NEUMATICA_DOBLE_MEMBRANA,CALIDAD_PRECIO,1.953,39.06,84.6,11562.72,False,"2"" DIAPHRAGM PUMP",0.0,Sin motor electrico (neumatica),0.2,Acero inoxidable (partes mojadas),PTFE (Teflón),
ARO-PD20R-FSS-STT-B,ARO (Ingersoll Rand),PD20R-FSS-STT-B,NEUMATICA_DOBLE_MEMBRANA,CALIDAD_PRECIO,1.953,39.06,84.6,11575.98,False,"2"" DIAPHRAGM PUMP",0.0,Sin motor electrico (neumatica),0.2,Polipropileno (centro) con cabezales metálicos,PTFE (Teflón),
ARO-PD20S-FSS-SAA-B,ARO (Ingersoll Rand),PD20S-FSS-SAA-B,NEUMATICA_DOBLE_MEMBRANA,CALIDAD_PRECIO,1.953,39.06,84.6,11598.42,False,"2"" DIAPHRAGM PUMP ASM",0.0,Sin motor electrico (neumatica),0.2,,,
ARO-SD20S-CSS-SMM-B00,ARO (Ingersoll Rand),SD20S-CSS-SMM-B00,NEUMATICA_DOBLE_MEMBRANA,CALIDAD_PRECIO,1.953,39.06,84.6,11709.6,False,"2"" SANITARY DIAPH PUMP",0.0,Sin motor electrico (neumatica),0.2,,,
ARO-AS10P-FPS-PTT,ARO (Ingersoll Rand),AS10P-FPS-PTT,NEUMATICA_DOBLE_MEMBRANA,CALIDAD_PRECIO,0.534,10.68,84.6,11720.82,False,AS10P-FPS-PTT - ARO STATION CABINET WITH PD10P-FPS-PTT PUMP / PVC-U/EPDM,0.0,Sin motor electrico (neumatica),0.2,,EPDM,
ARO-SD20S-CSS-CCC-B00,ARO (Ingersoll Rand),SD20S-CSS-CCC-B00,NEUMATICA_DOBLE_MEMBRANA,CALIDAD_PRECIO,1.953,39.06,84.6,11755.5,False,"2"" SANITARY DIAPH PUMP",0.0,Sin motor electrico (neumatica),0.2,,,
ARO-PE20A-BSS-STT-BDL,ARO (Ingersoll Rand),PE20A-BSS-STT-BDL,NEUMATICA_DOBLE_MEMBRANA,CALIDAD_PRECIO,1.953,39.06,84.6,11842.2,False,"2"" DIAPHRAGM PUMP",0.0,Sin motor electrico (neumatica),0.2,Acero inoxidable (partes mojadas),PTFE (Teflón),
ARO-SD20R-CSS-STK-B00,ARO (Ingersoll Rand),SD20R-CSS-STK-B00,NEUMATICA_DOBLE_MEMBRANA,CALIDAD_PRECIO,1.953,39.06,84.6,11856.48,False,"2"" SANITARY DIAPH PUMP",0.0,Sin motor electrico (neumatica),0.2,,,
ARO-PD20A-FSS-SVV-B,ARO (Ingersoll Rand),PD20A-FSS-SVV-B,NEUMATICA_DOBLE_MEMBRANA,CALIDAD_PRECIO,1.953,39.06,84.6,11869.74,False,"2"" DIAPHRAGM PUMP ASM",0.0,Sin motor electrico (neumatica),0.2,Acero inoxidable (partes mojadas),,
ARO-PD20A-BSS-SST-B,ARO (Ingersoll Rand),PD20A-BSS-SST-B,NEUMATICA_DOBLE_MEMBRANA,CALIDAD_PRECIO,1.953,39.06,84.6,11899.32,False,"2"" DIAPHRAGM PUMP ASM",0.0,Sin motor electrico (neumatica),0.2,Acero inoxidable (partes mojadas),,
ARO-SD20R-CSS-STT-BDF,ARO (Ingersoll Rand),SD20R-CSS-STT-BDF,NEUMATICA_DOBLE_MEMBRANA,CALIDAD_PRECIO,1.953,39.06,84.6,12038.04,False,"2"" SANITARY DIAPH PUMP",0.0,Sin motor electrico (neumatica),0.2,,,
ARO-SD20R-CSS-STT-B00,ARO (Ingersoll Rand),SD20R-CSS-STT-B00,NEUMATICA_DOBLE_MEMBRANA,CALIDAD_PRECIO,1.953,39.06,84.6,12066.6,False,"2"" SANITARY DIAPH PUMP",0.0,Sin motor electrico (neumatica),0.2,,,
ARO-PZ20A-BSS-STT-B,ARO (Ingersoll Rand),PZ20A-BSS-STT-B,NEUMATICA_DOBLE_MEMBRANA,CALIDAD_PRECIO,1.953,39.06,84.6,12077.82,False,"2"" DIAPHRAGM PUMP ASM (METALLIC)",0.0,Sin motor electrico (neumatica),0.2,,,
ARO-SD20S-CSS-SMM-BDF,ARO (Ingersoll Rand),SD20S-CSS-SMM-BDF,NEUMATICA_DOBLE_MEMBRANA,CALIDAD_PRECIO,1.953,39.06,84.6,12149.22,False,"2"" SANITARY DIAPH PUMP",0.0,Sin motor electrico (neumatica),0.2,,,
ARO-66627B-246-C,ARO (Ingersoll Rand),66627B-246-C,NEUMATICA_DOBLE_MEMBRANA,CALIDAD_PRECIO,1.953,39.06,84.6,12163.5,False,"2"" METALLIC PUMP",0.0,Sin motor electrico (neumatica),0.2,,PTFE compuesto,
ARO-PE20A-FSS-STT-BHM,ARO (Ingersoll Rand),PE20A-FSS-STT-BHM,NEUMATICA_DOBLE_MEMBRANA,CALIDAD_PRECIO,1.953,39.06,84.6,12233.88,False,"2"" DIAPHRAGM PUMP",0.0,Sin motor electrico (neumatica),0.2,Acero inoxidable (partes mojadas),PTFE (Teflón),
ARO-PD20S-BSS-AAA-B,ARO (Ingersoll Rand),PD20S-BSS-AAA-B,NEUMATICA_DOBLE_MEMBRANA,CALIDAD_PRECIO,1.953,39.06,84.6,12250.2,False,"2"" DIAPHRAGM PUMP ASM",0.0,Sin motor electrico (neumatica),0.2,,,
ARO-PE20A-BSS-STT-BDE,ARO (Ingersoll Rand),PE20A-BSS-STT-BDE,NEUMATICA_DOBLE_MEMBRANA,CALIDAD_PRECIO,1.953,39.06,84.6,12272.64,False,"2"" DIAPHRAGM PUMP",0.0,Sin motor electrico (neumatica),0.2,Acero inoxidable (partes mojadas),PTFE (Teflón),
ARO-PD20S-FSS-STT-B,ARO (Ingersoll Rand),PD20S-FSS-STT-B,NEUMATICA_DOBLE_MEMBRANA,CALIDAD_PRECIO,1.953,39.06,84.6,12442.98,False,"2"" DIAPHRAGM PUMP ASM",0.0,Sin motor electrico (neumatica),0.2,,,
ARO-PD20S-ASS-STT-B,ARO (Ingersoll Rand),PD20S-ASS-STT-B,NEUMATICA_DOBLE_MEMBRANA,CALIDAD_PRECIO,1.953,39.06,84.6,12515.4,False,"2"" DIAPHRAGM PUMP",0.0,Sin motor electrico (neumatica),0.2,,,
ARO-PH20F-BSP-STT-B,ARO (Ingersoll Rand),PH20F-BSP-STT-B,NEUMATICA_DOBLE_MEMBRANA,CALIDAD_PRECIO,1.953,39.06,84.6,12654.12,False,"2"" HP DIAPHRAGM PUMP",0.0,Sin motor electrico (neumatica),0.2,,,
ARO-SD20S-CSS-STT-B00,ARO (Ingersoll Rand),SD20S-CSS-STT-B00,NEUMATICA_DOBLE_MEMBRANA,CALIDAD_PRECIO,1.953,39.06,84.6,12712.26,False,"2"" SANITARY DIAPH PUMP",0.0,Sin motor electrico (neumatica),0.2,,,
ARO-PD20S-ASS-SVV-B,ARO (Ingersoll Rand),PD20S-ASS-SVV-B,NEUMATICA_DOBLE_MEMBRANA,CALIDAD_PRECIO,1.953,39.06,84.6,12714.3,False,"2"" DIAPHRAGM PUMP ASM",0.0,Sin motor electrico (neumatica),0.2,,,
ARO-SD20R-CSS-STT-B0L,ARO (Ingersoll Rand),SD20R-CSS-STT-B0L,NEUMATICA_DOBLE_MEMBRANA,CALIDAD_PRECIO,1.953,39.06,84.6,12889.74,False,"2"" SANITARY DIAPH PUMP",0.0,Sin motor electrico (neumatica),0.2,,,
ARO-PD20S-FSS-SVV-B,ARO (Ingersoll Rand),PD20S-FSS-SVV-B,NEUMATICA_DOBLE_MEMBRANA,CALIDAD_PRECIO,1.953,39.06,84.6,12891.78,False,"2"" DIAPHRAGM PUMP ASM",0.0,Sin motor electrico (neumatica),0.2,,,
ARO-PD30A-ASS-AAA-C,ARO (Ingersoll Rand),PD30A-ASS-AAA-C,NEUMATICA_DOBLE_MEMBRANA,CALIDAD_PRECIO,2.691,53.82,84.6,12891.78,False,3 IN EXP METALLIC DIAPH PUMP,0.0,Sin motor electrico (neumatica),0.2,Aluminio (centro) / Acero inoxidable (cabezales-mojado),Santoprene,
ARO-AS15P-FPS-PTT,ARO (Ingersoll Rand),AS15P-FPS-PTT,NEUMATICA_DOBLE_MEMBRANA,CALIDAD_PRECIO,1.136,22.71,84.6,12895.86,False,AS15P-FPS-PTT - ARO STATION CABINET WITH PD15P-FPS-PTT PUMP - PVC-U/EPDM,0.0,Sin motor electrico (neumatica),0.2,,EPDM,
ARO-SD20S-CSS-STK-B00,ARO (Ingersoll Rand),SD20S-CSS-STK-B00,NEUMATICA_DOBLE_MEMBRANA,CALIDAD_PRECIO,1.953,39.06,84.6,12970.32,False,"2"" SANITARY DIAPH PUMP",0.0,Sin motor electrico (neumatica),0.2,,,
ARO-PF20S-ASS-SAA-B,ARO (Ingersoll Rand),PF20S-ASS-SAA-B,NEUMATICA_DOBLE_MEMBRANA,CALIDAD_PRECIO,1.953,39.06,84.6,13003.98,False,"2"" DIAPHRAGM PUMP (FLAP)",0.0,Sin motor electrico (neumatica),0.2,,,
ARO-PZ20A-FSS-STT-B,ARO (Ingersoll Rand),PZ20A-FSS-STT-B,NEUMATICA_DOBLE_MEMBRANA,CALIDAD_PRECIO,1.953,39.06,84.6,13047.84,False,"2"" DIAPHRAGM PUMP ASM (METALLIC)",0.0,Sin motor electrico (neumatica),0.2,,,
ARO-PM15S-CSS-STT-A02,ARO (Ingersoll Rand),PM15S-CSS-STT-A02,NEUMATICA_DOBLE_MEMBRANA,CALIDAD_PRECIO,1.022,20.442,84.6,13138.62,False,"1-1/2"" DIAPHRAGM PUMP (SST SANITARY)",0.0,Sin motor electrico (neumatica),0.2,,,
ARO-PF20A-BSS-SAA-B,ARO (Ingersoll Rand),PF20A-BSS-SAA-B,NEUMATICA_DOBLE_MEMBRANA,CALIDAD_PRECIO,1.953,39.06,84.6,13271.22,False,"2"" DIAPHRAGM PUMP (FLAP)",0.0,Sin motor electrico (neumatica),0.2,,,
ARO-PM15S-CSS-SAA-A02,ARO (Ingersoll Rand),PM15S-CSS-SAA-A02,NEUMATICA_DOBLE_MEMBRANA,CALIDAD_PRECIO,1.022,20.442,84.6,13289.58,False,"1-1/2"" DIAPHRAGM PUMP (SST SANITARY) - REPLACED BY PM15S-CSS-SMM-A02",0.0,Sin motor electrico (neumatica),0.2,,,
ARO-PD30A-ASS-GGG-C,ARO (Ingersoll Rand),PD30A-ASS-GGG-C,NEUMATICA_DOBLE_MEMBRANA,CALIDAD_PRECIO,2.691,53.82,84.6,13299.78,False,3 IN EXP METALLIC DIAPH PUMP,0.0,Sin motor electrico (neumatica),0.2,Aluminio (centro) / Acero inoxidable (cabezales-mojado),Nitrilo (NBR/Buna-N),
ARO-PP20A-BSS-AAA,ARO (Ingersoll Rand),PP20A-BSS-AAA,NEUMATICA_DOBLE_MEMBRANA,CALIDAD_PRECIO,1.953,39.06,84.6,13951.56,False,"2"" POWDER PUMP",0.0,Sin motor electrico (neumatica),0.2,,,
ARO-PD30A-FSP-AAA-C,ARO (Ingersoll Rand),PD30A-FSP-AAA-C,NEUMATICA_DOBLE_MEMBRANA,CALIDAD_PRECIO,2.691,53.82,84.6,14101.5,False,"3"" EXP METALLIC DIAPH PUMP",0.0,Sin motor electrico (neumatica),0.2,Acero inoxidable (partes mojadas),Santoprene,
ARO-PF20S-ASS-SVT-B,ARO (Ingersoll Rand),PF20S-ASS-SVT-B,NEUMATICA_DOBLE_MEMBRANA,PREMIUM,1.953,39.06,84.6,14140.26,False,"2"" DIAPHRAGM PUMP (FLAP)",0.0,Sin motor electrico (neumatica),0.2,,,
ARO-6662A4-444-C,ARO (Ingersoll Rand),6662A4-444-C,NEUMATICA_DOBLE_MEMBRANA,PREMIUM,1.646,32.928,84.6,14627.82,False,"PUMP ASM, 2"" PLASTIC",0.0,Sin motor electrico (neumatica),0.2,Plástico (no metálico),,
ARO-AS20P-FPS-PTT,ARO (Ingersoll Rand),AS20P-FPS-PTT,NEUMATICA_DOBLE_MEMBRANA,PREMIUM,1.646,32.928,84.6,15070.5,False,AS20P-FPS-PTT - ARO STATION CABINET WITH PD20P-FPS-PTT PUMP - PVC-U/EPDM,0.0,Sin motor electrico (neumatica),0.2,,EPDM,
ARO-EB10-AGAAA-CKV-00A,ARO (Ingersoll Rand),EB10-AGAAA-CKV-00A,NEUMATICA_DOBLE_MEMBRANA,PREMIUM,0.399,7.98,84.6,15140.88,False,"1"" EVO BARE PUMP ASSY (METALLIC)",0.0,Sin motor electrico (neumatica),0.2,,,
ARO-EB10-CGAAA-CKV-00A,ARO (Ingersoll Rand),EB10-CGAAA-CKV-00A,NEUMATICA_DOBLE_MEMBRANA,PREMIUM,0.399,7.98,84.6,15140.88,False,"1"" EVO BARE PUMP ASSY (METALLIC)",0.0,Sin motor electrico (neumatica),0.2,,,
ARO-666321-G22-C,ARO (Ingersoll Rand),666321-G22-C,NEUMATICA_DOBLE_MEMBRANA,PREMIUM,2.691,53.82,84.6,15152.1,False,"3"" METALLIC PUMP",0.0,Sin motor electrico (neumatica),0.2,,,
ARO-6662B4-444-C,ARO (Ingersoll Rand),6662B4-444-C,NEUMATICA_DOBLE_MEMBRANA,PREMIUM,1.646,32.928,84.6,15195.96,False,"PUMP ASM, 2"" PLASTIC",0.0,Sin motor electrico (neumatica),0.2,Plástico (no metálico),,
ARO-EB10-AGFAA-CKV-00A,ARO (Ingersoll Rand),EB10-AGFAA-CKV-00A,NEUMATICA_DOBLE_MEMBRANA,PREMIUM,0.399,7.98,84.6,15260.22,False,"1"" EVO BARE PUMP ASSY (METALLIC)",0.0,Sin motor electrico (neumatica),0.2,,,
ARO-EB10-AGSAA-CKV-00A,ARO (Ingersoll Rand),EB10-AGSAA-CKV-00A,NEUMATICA_DOBLE_MEMBRANA,PREMIUM,0.399,7.98,84.6,15483.6,False,"1"" EVO BARE PUMP ASSY (METALLIC)",0.0,Sin motor electrico (neumatica),0.2,,,
ARO-EB10-CGSAA-CKV-00A,ARO (Ingersoll Rand),EB10-CGSAA-CKV-00A,NEUMATICA_DOBLE_MEMBRANA,PREMIUM,0.399,7.98,84.6,15483.6,False,"1"" EVO BARE PUMP ASSY (METALLIC)",0.0,Sin motor electrico (neumatica),0.2,,,
ARO-EB10-AFAAA-CKV-00A,ARO (Ingersoll Rand),EB10-AFAAA-CKV-00A,NEUMATICA_DOBLE_MEMBRANA,PREMIUM,0.399,7.98,84.6,15539.7,False,"1"" EVO BARE PUMP ASSY (METALLIC)",0.0,Sin motor electrico (neumatica),0.2,,,
ARO-EB10-AFAAA-CSV-00A,ARO (Ingersoll Rand),EB10-AFAAA-CSV-00A,NEUMATICA_DOBLE_MEMBRANA,PREMIUM,0.399,7.98,84.6,15539.7,False,"1"" EVO BARE PUMP ASSY (METALLIC)",0.0,Sin motor electrico (neumatica),0.2,,,
ARO-EB10-CFAAA-CKV-00A,ARO (Ingersoll Rand),EB10-CFAAA-CKV-00A,NEUMATICA_DOBLE_MEMBRANA,PREMIUM,0.399,7.98,84.6,15539.7,False,"1"" EVO BARE PUMP ASSY (METALLIC)",0.0,Sin motor electrico (neumatica),0.2,,,
ARO-EB10-CFAAA-CSV-00A,ARO (Ingersoll Rand),EB10-CFAAA-CSV-00A,NEUMATICA_DOBLE_MEMBRANA,PREMIUM,0.399,7.98,84.6,15539.7,False,"1"" EVO BARE PUMP ASSY (METALLIC)",0.0,Sin motor electrico (neumatica),0.2,,,
ARO-EB10-AGHAA-CKV-00A,ARO (Ingersoll Rand),EB10-AGHAA-CKV-00A,NEUMATICA_DOBLE_MEMBRANA,PREMIUM,0.399,7.98,84.6,15619.26,False,"1"" EVO BARE PUMP ASSY (METALLIC)",0.0,Sin motor electrico (neumatica),0.2,,,
ARO-EB10-CGHAA-CKV-00A,ARO (Ingersoll Rand),EB10-CGHAA-CKV-00A,NEUMATICA_DOBLE_MEMBRANA,PREMIUM,0.399,7.98,84.6,15619.26,False,"1"" EVO BARE PUMP ASSY (METALLIC)",0.0,Sin motor electrico (neumatica),0.2,,,
ARO-EB10-AFFAA-CKV-00A,ARO (Ingersoll Rand),EB10-AFFAA-CKV-00A,NEUMATICA_DOBLE_MEMBRANA,PREMIUM,0.399,7.98,84.6,15660.06,False,"1"" EVO BARE PUMP ASSY (METALLIC)",0.0,Sin motor electrico (neumatica),0.2,,,
ARO-EB10-AFFAA-CSV-00A,ARO (Ingersoll Rand),EB10-AFFAA-CSV-00A,NEUMATICA_DOBLE_MEMBRANA,PREMIUM,0.399,7.98,84.6,15660.06,False,"1"" EVO BARE PUMP ASSY (METALLIC)",0.0,Sin motor electrico (neumatica),0.2,,,
ARO-PD20S-BSS-STT-B,ARO (Ingersoll Rand),PD20S-BSS-STT-B,NEUMATICA_DOBLE_MEMBRANA,PREMIUM,1.953,39.06,84.6,15804.9,False,"2"" DIAPHRAGM PUMP ASM",0.0,Sin motor electrico (neumatica),0.2,,,
ARO-PD20P-YKS-KTT,ARO (Ingersoll Rand),PD20P-YKS-KTT,NEUMATICA_DOBLE_MEMBRANA,PREMIUM,1.646,32.928,84.6,15840.6,False,"2"" PUMP ASM - RESTRICTED",0.0,Sin motor electrico (neumatica),0.2,Polipropileno (no metálica),PTFE (Teflón),
ARO-PD20E-FNS-KTT-A,ARO (Ingersoll Rand),PD20E-FNS-KTT-A,NEUMATICA_DOBLE_MEMBRANA,PREMIUM,1.953,39.06,84.6,15861.0,False,"2"" PUMP ASSY, RESTRICTED",0.0,Sin motor electrico (neumatica),0.2,,,
ARO-EB10-AFSAA-CKV-00A,ARO (Ingersoll Rand),EB10-AFSAA-CKV-00A,NEUMATICA_DOBLE_MEMBRANA,PREMIUM,0.399,7.98,84.6,15882.42,False,"1"" EVO BARE PUMP ASSY (METALLIC)",0.0,Sin motor electrico (neumatica),0.2,,,
ARO-EB10-AFSAA-CSV-00A,ARO (Ingersoll Rand),EB10-AFSAA-CSV-00A,NEUMATICA_DOBLE_MEMBRANA,PREMIUM,0.399,7.98,84.6,15882.42,False,"1"" EVO BARE PUMP ASSY (METALLIC)",0.0,Sin motor electrico (neumatica),0.2,,,
ARO-EB10-CFSAA-CKV-00A,ARO (Ingersoll Rand),EB10-CFSAA-CKV-00A,NEUMATICA_DOBLE_MEMBRANA,PREMIUM,0.399,7.98,84.6,15882.42,False,"1"" EVO BARE PUMP ASSY (METALLIC)",0.0,Sin motor electrico (neumatica),0.2,,,
ARO-EB10-CFSAA-CSV-00A,ARO (Ingersoll Rand),EB10-CFSAA-CSV-00A,NEUMATICA_DOBLE_MEMBRANA,PREMIUM,0.399,7.98,84.6,15882.42,False,"1"" EVO BARE PUMP ASSY (METALLIC)",0.0,Sin motor electrico (neumatica),0.2,,,
ARO-EB10-AGFTT-CKV-00A,ARO (Ingersoll Rand),EB10-AGFTT-CKV-00A,NEUMATICA_DOBLE_MEMBRANA,PREMIUM,0.399,7.98,84.6,15986.46,False,"1"" EVO BARE PUMP ASSY (METALLIC)",0.0,Sin motor electrico (neumatica),0.2,,,
ARO-EB10-AFHAA-CKV-00A,ARO (Ingersoll Rand),EB10-AFHAA-CKV-00A,NEUMATICA_DOBLE_MEMBRANA,PREMIUM,0.399,7.98,84.6,16019.1,False,"1"" EVO BARE PUMP ASSY (METALLIC)",0.0,Sin motor electrico (neumatica),0.2,,,
ARO-EB10-AFHAA-CSV-00A,ARO (Ingersoll Rand),EB10-AFHAA-CSV-00A,NEUMATICA_DOBLE_MEMBRANA,PREMIUM,0.399,7.98,84.6,16019.1,False,"1"" EVO BARE PUMP ASSY (METALLIC)",0.0,Sin motor electrico (neumatica),0.2,,,
ARO-EB10-CFHAA-CKV-00A,ARO (Ingersoll Rand),EB10-CFHAA-CKV-00A,NEUMATICA_DOBLE_MEMBRANA,PREMIUM,0.399,7.98,84.6,16019.1,False,"1"" EVO BARE PUMP ASSY (METALLIC)",0.0,Sin motor electrico (neumatica),0.2,,,
ARO-EB10-CFHAA-CSV-00A,ARO (Ingersoll Rand),EB10-CFHAA-CSV-00A,NEUMATICA_DOBLE_MEMBRANA,PREMIUM,0.399,7.98,84.6,16019.1,False,"1"" EVO BARE PUMP ASSY (METALLIC)",0.0,Sin motor electrico (neumatica),0.2,,,
ARO-PD30A-BSS-SAA-C,ARO (Ingersoll Rand),PD30A-BSS-SAA-C,NEUMATICA_DOBLE_MEMBRANA,PREMIUM,2.691,53.82,84.6,16176.18,False,3 IN METALLIC PUMP,0.0,Sin motor electrico (neumatica),0.2,Acero inoxidable (partes mojadas),Santoprene,
ARO-PD30A-BSS-GGG-C,ARO (Ingersoll Rand),PD30A-BSS-GGG-C,NEUMATICA_DOBLE_MEMBRANA,PREMIUM,2.691,53.82,84.6,16199.64,False,3 IN EXP METALLIC DIAPH PUMP BSP,0.0,Sin motor electrico (neumatica),0.2,Acero inoxidable (partes mojadas),Nitrilo (NBR/Buna-N),
ARO-PD20P-FKS-KAA,ARO (Ingersoll Rand),PD20P-FKS-KAA,NEUMATICA_DOBLE_MEMBRANA,PREMIUM,1.646,32.928,84.6,16204.74,False,2 PUMP ASM,0.0,Sin motor electrico (neumatica),0.2,Polipropileno (no metálica),Santoprene,
ARO-PD30R-FSS-AAA-C,ARO (Ingersoll Rand),PD30R-FSS-AAA-C,NEUMATICA_DOBLE_MEMBRANA,PREMIUM,2.691,53.82,84.6,16238.4,False,"3"" DIAPHRAGM PUMP",0.0,Sin motor electrico (neumatica),0.2,Polipropileno (centro) con cabezales metálicos,Santoprene,
ARO-PD20P-FKS-KVV,ARO (Ingersoll Rand),PD20P-FKS-KVV,NEUMATICA_DOBLE_MEMBRANA,PREMIUM,1.646,32.928,84.6,16349.58,False,"2"" PUMP ASM - RESTRICTED",0.0,Sin motor electrico (neumatica),0.2,Polipropileno (no metálica),,
ARO-EB10-AFFTT-CKV-00A,ARO (Ingersoll Rand),EB10-AFFTT-CKV-00A,NEUMATICA_DOBLE_MEMBRANA,PREMIUM,0.399,7.98,84.6,16385.28,False,"1"" EVO BARE PUMP ASSY (METALLIC)",0.0,Sin motor electrico (neumatica),0.2,,,
ARO-EB10-AFFTT-CSV-00A,ARO (Ingersoll Rand),EB10-AFFTT-CSV-00A,NEUMATICA_DOBLE_MEMBRANA,PREMIUM,0.399,7.98,84.6,16385.28,False,"1"" EVO BARE PUMP ASSY (METALLIC)",0.0,Sin motor electrico (neumatica),0.2,,,
ARO-PD30A-ASS-STT-C,ARO (Ingersoll Rand),PD30A-ASS-STT-C,NEUMATICA_DOBLE_MEMBRANA,PREMIUM,2.691,53.82,84.6,16469.94,False,3” SS/PTFE PUMP,0.0,Sin motor electrico (neumatica),0.2,Aluminio (centro) / Acero inoxidable (cabezales-mojado),PTFE (Teflón),
ARO-EB10-CGHST-CKV-00A,ARO (Ingersoll Rand),EB10-CGHST-CKV-00A,NEUMATICA_DOBLE_MEMBRANA,PREMIUM,0.399,7.98,84.6,16533.18,False,"1"" EVO BARE PUMP ASSY (METALLIC)",0.0,Sin motor electrico (neumatica),0.2,,,
ARO-PD30A-BSS-AAA-C,ARO (Ingersoll Rand),PD30A-BSS-AAA-C,NEUMATICA_DOBLE_MEMBRANA,PREMIUM,2.691,53.82,84.6,16557.66,False,3 IN EXP METALLIC DIAPH PUMP BSP,0.0,Sin motor electrico (neumatica),0.2,Acero inoxidable (partes mojadas),Santoprene,
ARO-EB10-PGPAA-CKV-00A,ARO (Ingersoll Rand),EB10-PGPAA-CKV-00A,NEUMATICA_DOBLE_MEMBRANA,PREMIUM,0.399,7.98,84.6,16573.98,False,"1"" EVO BARE PUMP ASSY (NON-METALLIC)",0.0,Sin motor electrico (neumatica),0.2,,,
ARO-PD20E-FNS-KAA-A,ARO (Ingersoll Rand),PD20E-FNS-KAA-A,NEUMATICA_DOBLE_MEMBRANA,PREMIUM,1.953,39.06,84.6,16609.68,False,"2"" PUMP ASSY",0.0,Sin motor electrico (neumatica),0.2,,,
ARO-PD30A-DSS-STT-C,ARO (Ingersoll Rand),PD30A-DSS-STT-C,NEUMATICA_DOBLE_MEMBRANA,PREMIUM,2.691,53.82,84.6,16704.54,False,"3"" DIAPHRAGM PUMP ASM",0.0,Sin motor electrico (neumatica),0.2,Acero inoxidable (partes mojadas),PTFE (Teflón),
ARO-PZ20S-BSS-STP-B,ARO (Ingersoll Rand),PZ20S-BSS-STP-B,NEUMATICA_DOBLE_MEMBRANA,PREMIUM,1.953,39.06,84.6,16750.44,False,"2"" DIAPHRAGM PUMP ASM (METALLIC)",0.0,Sin motor electrico (neumatica),0.2,,,
ARO-EB10-PGSAA-CKV-00A,ARO (Ingersoll Rand),EB10-PGSAA-CKV-00A,NEUMATICA_DOBLE_MEMBRANA,PREMIUM,0.399,7.98,84.6,16779.0,False,"1"" EVO BARE PUMP ASSY (NON-METALLIC)",0.0,Sin motor electrico (neumatica),0.2,,,
ARO-EB10-PGPTA-CKV-00A,ARO (Ingersoll Rand),EB10-PGPTA-CKV-00A,NEUMATICA_DOBLE_MEMBRANA,PREMIUM,0.399,7.98,84.6,16781.04,False,"1"" EVO BARE PUMP ASSY (NON-METALLIC)",0.0,Sin motor electrico (neumatica),0.2,,,
ARO-PD30A-BSS-KTT-C,ARO (Ingersoll Rand),PD30A-BSS-KTT-C,NEUMATICA_DOBLE_MEMBRANA,PREMIUM,2.691,53.82,84.6,16814.7,False,3 IN EXP METALLIC DIAPH PUMP BSP,0.0,Sin motor electrico (neumatica),0.2,Acero inoxidable (partes mojadas),PTFE (Teflón),
ARO-EB10-PGHAA-CKV-00A,ARO (Ingersoll Rand),EB10-PGHAA-CKV-00A,NEUMATICA_DOBLE_MEMBRANA,PREMIUM,0.399,7.98,84.6,16916.7,False,"1"" EVO BARE PUMP ASSY (NON-METALLIC)",0.0,Sin motor electrico (neumatica),0.2,,,
ARO-EB10-CFHST-CKV-00A,ARO (Ingersoll Rand),EB10-CFHST-CKV-00A,NEUMATICA_DOBLE_MEMBRANA,PREMIUM,0.399,7.98,84.6,16933.02,False,"1"" EVO BARE PUMP ASSY (METALLIC)",0.0,Sin motor electrico (neumatica),0.2,,,
ARO-EB10-CFHST-CSV-00A,ARO (Ingersoll Rand),EB10-CFHST-CSV-00A,NEUMATICA_DOBLE_MEMBRANA,PREMIUM,0.399,7.98,84.6,16933.02,False,"1"" EVO BARE PUMP ASSY (METALLIC)",0.0,Sin motor electrico (neumatica),0.2,,,
ARO-EB10-PFPAA-CKV-00A,ARO (Ingersoll Rand),EB10-PFPAA-CKV-00A,NEUMATICA_DOBLE_MEMBRANA,PREMIUM,0.399,7.98,84.6,16972.8,False,"1"" EVO BARE PUMP ASSY (NON-METALLIC)",0.0,Sin motor electrico (neumatica),0.2,,,
ARO-EB10-PFPAA-CSV-00A,ARO (Ingersoll Rand),EB10-PFPAA-CSV-00A,NEUMATICA_DOBLE_MEMBRANA,PREMIUM,0.399,7.98,84.6,16972.8,False,"1"" EVO BARE PUMP ASSY (NON-METALLIC)",0.0,Sin motor electrico (neumatica),0.2,,,
ARO-PD30A-BSS-SGG-C,ARO (Ingersoll Rand),PD30A-BSS-SGG-C,NEUMATICA_DOBLE_MEMBRANA,PREMIUM,2.691,53.82,84.6,17003.4,False,"3"" EXP SST PUMP",0.0,Sin motor electrico (neumatica),0.2,Acero inoxidable (partes mojadas),Nitrilo (NBR/Buna-N),
ARO-PD30R-BSS-AAA-C,ARO (Ingersoll Rand),PD30R-BSS-AAA-C,NEUMATICA_DOBLE_MEMBRANA,PREMIUM,2.691,53.82,84.6,17044.2,False,"3"" DIAPHRAGM PUMP",0.0,Sin motor electrico (neumatica),0.2,Polipropileno (centro) con cabezales metálicos,Santoprene,
ARO-PD30A-BSS-AAA-B,ARO (Ingersoll Rand),PD30A-BSS-AAA-B,NEUMATICA_DOBLE_MEMBRANA,PREMIUM,2.691,53.82,84.6,17088.06,False,"PUMP ASM (3"" METAL DIAPHRAGM PUMP)",0.0,Sin motor electrico (neumatica),0.2,Acero inoxidable (partes mojadas),Santoprene,
ARO-EB10-PFSAA-CKV-00A,ARO (Ingersoll Rand),EB10-PFSAA-CKV-00A,NEUMATICA_DOBLE_MEMBRANA,PREMIUM,0.399,7.98,84.6,17177.82,False,"1"" EVO BARE PUMP ASSY (NON-METALLIC)",0.0,Sin motor electrico (neumatica),0.2,,,
ARO-EB10-PFSAA-CSV-00A,ARO (Ingersoll Rand),EB10-PFSAA-CSV-00A,NEUMATICA_DOBLE_MEMBRANA,PREMIUM,0.399,7.98,84.6,17177.82,False,"1"" EVO BARE PUMP ASSY (NON-METALLIC)",0.0,Sin motor electrico (neumatica),0.2,,,
ARO-EB10-PFPTA-CKV-00A,ARO (Ingersoll Rand),EB10-PFPTA-CKV-00A,NEUMATICA_DOBLE_MEMBRANA,PREMIUM,0.399,7.98,84.6,17179.86,False,"1"" EVO BARE PUMP ASSY (NON-METALLIC)",0.0,Sin motor electrico (neumatica),0.2,,,
ARO-EB10-PFPTA-CSV-00A,ARO (Ingersoll Rand),EB10-PFPTA-CSV-00A,NEUMATICA_DOBLE_MEMBRANA,PREMIUM,0.399,7.98,84.6,17179.86,False,"1"" EVO BARE PUMP ASSY (NON-METALLIC)",0.0,Sin motor electrico (neumatica),0.2,,,
ARO-EB10-PGSSA-CKV-00A,ARO (Ingersoll Rand),EB10-PGSSA-CKV-00A,NEUMATICA_DOBLE_MEMBRANA,PREMIUM,0.399,7.98,84.6,17181.9,False,"1"" EVO BARE PUMP ASSY (NON-METALLIC)",0.0,Sin motor electrico (neumatica),0.2,,,
ARO-PD30S-ASS-AAA-C,ARO (Ingersoll Rand),PD30S-ASS-AAA-C,NEUMATICA_DOBLE_MEMBRANA,PREMIUM,2.691,53.82,84.6,17232.9,False,3 IN EXP METALLIC DIAPH PUMP,0.0,Sin motor electrico (neumatica),0.2,,,
ARO-PD20P-FKS-KTT,ARO (Ingersoll Rand),PD20P-FKS-KTT,NEUMATICA_DOBLE_MEMBRANA,PREMIUM,1.646,32.928,84.6,17291.04,False,"2"" PUMP ASM - RESTRICTED",0.0,Sin motor electrico (neumatica),0.2,Polipropileno (no metálica),PTFE (Teflón),
ARO-EB10-PGPTT-CKV-00A,ARO (Ingersoll Rand),EB10-PGPTT-CKV-00A,NEUMATICA_DOBLE_MEMBRANA,PREMIUM,0.399,7.98,84.6,17300.22,False,"1"" EVO BARE PUMP ASSY (NON-METALLIC)",0.0,Sin motor electrico (neumatica),0.2,,,
ARO-EB10-PFHAA-CKV-00A,ARO (Ingersoll Rand),EB10-PFHAA-CKV-00A,NEUMATICA_DOBLE_MEMBRANA,PREMIUM,0.399,7.98,84.6,17316.54,False,"1"" EVO BARE PUMP ASSY (NON-METALLIC)",0.0,Sin motor electrico (neumatica),0.2,,,
ARO-EB10-PFHAA-CSV-00A,ARO (Ingersoll Rand),EB10-PFHAA-CSV-00A,NEUMATICA_DOBLE_MEMBRANA,PREMIUM,0.399,7.98,84.6,17316.54,False,"1"" EVO BARE PUMP ASSY (NON-METALLIC)",0.0,Sin motor electrico (neumatica),0.2,,,
ARO-PH30F-ASP-SAA-C,ARO (Ingersoll Rand),PH30F-ASP-SAA-C,NEUMATICA_DOBLE_MEMBRANA,PREMIUM,2.691,53.82,84.6,17318.58,False,"3"" DIAPHRAGM PUMP (2:1)",0.0,Sin motor electrico (neumatica),0.2,,,
ARO-PD20P-YKS-KAA,ARO (Ingersoll Rand),PD20P-YKS-KAA,NEUMATICA_DOBLE_MEMBRANA,PREMIUM,1.646,32.928,84.6,17420.58,False,"2"" PUMP ASM",0.0,Sin motor electrico (neumatica),0.2,Polipropileno (no metálica),Santoprene,
ARO-PW20P-YKS-KAA,ARO (Ingersoll Rand),PW20P-YKS-KAA,NEUMATICA_DOBLE_MEMBRANA,PREMIUM,1.953,39.06,84.6,17443.02,False,"2"" PUMP ASM",0.0,Sin motor electrico (neumatica),0.2,,,
ARO-EB10-SGHAA-CKV-00A,ARO (Ingersoll Rand),EB10-SGHAA-CKV-00A,NEUMATICA_DOBLE_MEMBRANA,PREMIUM,0.399,7.98,84.6,17447.1,False,"1"" EVO BARE PUMP ASSY (METALLIC)",0.0,Sin motor electrico (neumatica),0.2,,,
ARO-PD30S-FSS-AAA-C,ARO (Ingersoll Rand),PD30S-FSS-AAA-C,NEUMATICA_DOBLE_MEMBRANA,PREMIUM,2.691,53.82,84.6,17467.5,False,3 IN EXP METALLIC DIAPH PUMP,0.0,Sin motor electrico (neumatica),0.2,,,
ARO-EB10-PGSTT-CKV-00A,ARO (Ingersoll Rand),EB10-PGSTT-CKV-00A,NEUMATICA_DOBLE_MEMBRANA,PREMIUM,0.399,7.98,84.6,17505.24,False,"1"" EVO BARE PUMP ASSY (NON-METALLIC)",0.0,Sin motor electrico (neumatica),0.2,,,
ARO-EB10-PFSSA-CKV-00A,ARO (Ingersoll Rand),EB10-PFSSA-CKV-00A,NEUMATICA_DOBLE_MEMBRANA,PREMIUM,0.399,7.98,84.6,17581.74,False,"1"" EVO BARE PUMP ASSY (NON-METALLIC)",0.0,Sin motor electrico (neumatica),0.2,,,
ARO-EB10-PFSSA-CSV-00A,ARO (Ingersoll Rand),EB10-PFSSA-CSV-00A,NEUMATICA_DOBLE_MEMBRANA,PREMIUM,0.399,7.98,84.6,17581.74,False,"1"" EVO BARE PUMP ASSY (NON-METALLIC)",0.0,Sin motor electrico (neumatica),0.2,,,
ARO-EB10-PFPTT-CKV-00A,ARO (Ingersoll Rand),EB10-PFPTT-CKV-00A,NEUMATICA_DOBLE_MEMBRANA,PREMIUM,0.399,7.98,84.6,17699.04,False,"1"" EVO BARE PUMP ASSY (NON-METALLIC)",0.0,Sin motor electrico (neumatica),0.2,,,
ARO-EB10-PFPTT-CSV-00A,ARO (Ingersoll Rand),EB10-PFPTT-CSV-00A,NEUMATICA_DOBLE_MEMBRANA,PREMIUM,0.399,7.98,84.6,17699.04,False,"1"" EVO BARE PUMP ASSY (NON-METALLIC)",0.0,Sin motor electrico (neumatica),0.2,,,
ARO-EB10-PGSST-CKV-00A,ARO (Ingersoll Rand),EB10-PGSST-CKV-00A,NEUMATICA_DOBLE_MEMBRANA,PREMIUM,0.399,7.98,84.6,17700.06,False,"1"" EVO BARE PUMP ASSY (NON-METALLIC)",0.0,Sin motor electrico (neumatica),0.2,,,
ARO-EB10-SGSSA-CKV-00A,ARO (Ingersoll Rand),EB10-SGSSA-CKV-00A,NEUMATICA_DOBLE_MEMBRANA,PREMIUM,0.399,7.98,84.6,17709.24,False,"1"" EVO BARE PUMP ASSY (METALLIC)",0.0,Sin motor electrico (neumatica),0.2,,,
ARO-PZ20S-FSS-STT-B,ARO (Ingersoll Rand),PZ20S-FSS-STT-B,NEUMATICA_DOBLE_MEMBRANA,PREMIUM,1.953,39.06,84.6,17743.92,False,"2"" DIAPHRAGM PUMP ASM (METALLIC)",0.0,Sin motor electrico (neumatica),0.2,,,
ARO-EB10-SFHAA-CKV-00A,ARO (Ingersoll Rand),EB10-SFHAA-CKV-00A,NEUMATICA_DOBLE_MEMBRANA,PREMIUM,0.399,7.98,84.6,17845.92,False,"1"" EVO BARE PUMP ASSY (METALLIC)",0.0,Sin motor electrico (neumatica),0.2,,,
ARO-EB10-SFHAA-CSV-00A,ARO (Ingersoll Rand),EB10-SFHAA-CSV-00A,NEUMATICA_DOBLE_MEMBRANA,PREMIUM,0.399,7.98,84.6,17845.92,False,"1"" EVO BARE PUMP ASSY (METALLIC)",0.0,Sin motor electrico (neumatica),0.2,,,
ARO-EB10-SGHSA-CKV-00A,ARO (Ingersoll Rand),EB10-SGHSA-CKV-00A,NEUMATICA_DOBLE_MEMBRANA,PREMIUM,0.399,7.98,84.6,17845.92,False,"1"" EVO BARE PUMP ASSY (METALLIC)",0.0,Sin motor electrico (neumatica),0.2,,,
ARO-EB10-PFSTT-CKV-00A,ARO (Ingersoll Rand),EB10-PFSTT-CKV-00A,NEUMATICA_DOBLE_MEMBRANA,PREMIUM,0.399,7.98,84.6,17904.06,False,"1"" EVO BARE PUMP ASSY (NON-METALLIC)",0.0,Sin motor electrico (neumatica),0.2,,,
ARO-EB10-PFSTT-CSV-00A,ARO (Ingersoll Rand),EB10-PFSTT-CSV-00A,NEUMATICA_DOBLE_MEMBRANA,PREMIUM,0.399,7.98,84.6,17904.06,False,"1"" EVO BARE PUMP ASSY (NON-METALLIC)",0.0,Sin motor electrico (neumatica),0.2,,,
ARO-PD30S-FSS-CCC-C,ARO (Ingersoll Rand),PD30S-FSS-CCC-C,NEUMATICA_DOBLE_MEMBRANA,PREMIUM,2.691,53.82,84.6,17925.48,False,3 IN EXP METALLIC DIAPH PUMP,0.0,Sin motor electrico (neumatica),0.2,,,
ARO-EB10-SGSTT-CKV-00A,ARO (Ingersoll Rand),EB10-SGSTT-CKV-00A,NEUMATICA_DOBLE_MEMBRANA,PREMIUM,0.399,7.98,84.6,18029.52,False,"1"" EVO BARE PUMP ASSY (METALLIC)",0.0,Sin motor electrico (neumatica),0.2,,,
ARO-EB10-PFSST-CKV-00A,ARO (Ingersoll Rand),EB10-PFSST-CKV-00A,NEUMATICA_DOBLE_MEMBRANA,PREMIUM,0.399,7.98,84.6,18099.9,False,"1"" EVO BARE PUMP ASSY (NON-METALLIC)",0.0,Sin motor electrico (neumatica),0.2,,,
ARO-EB10-PFSST-CSV-00A,ARO (Ingersoll Rand),EB10-PFSST-CSV-00A,NEUMATICA_DOBLE_MEMBRANA,PREMIUM,0.399,7.98,84.6,18099.9,False,"1"" EVO BARE PUMP ASSY (NON-METALLIC)",0.0,Sin motor electrico (neumatica),0.2,,,
ARO-EB20-AGAAA-CKV-00A,ARO (Ingersoll Rand),EB20-AGAAA-CKV-00A,NEUMATICA_DOBLE_MEMBRANA,PREMIUM,1.953,39.06,84.6,18107.04,False,"2"" EVO BARE PUMP ASSY (METALLIC)",0.0,Sin motor electrico (neumatica),0.2,,,
ARO-EB20-CGAAA-CKV-00A,ARO (Ingersoll Rand),EB20-CGAAA-CKV-00A,NEUMATICA_DOBLE_MEMBRANA,PREMIUM,1.953,39.06,84.6,18107.04,False,"2"" EVO BARE PUMP ASSY (METALLIC)",0.0,Sin motor electrico (neumatica),0.2,,,
ARO-EB10-SFSSA-CKV-00A,ARO (Ingersoll Rand),EB10-SFSSA-CKV-00A,NEUMATICA_DOBLE_MEMBRANA,PREMIUM,0.399,7.98,84.6,18109.08,False,"1"" EVO BARE PUMP ASSY (METALLIC)",0.0,Sin motor electrico (neumatica),0.2,,,
ARO-EB10-SFSSA-CSV-00A,ARO (Ingersoll Rand),EB10-SFSSA-CSV-00A,NEUMATICA_DOBLE_MEMBRANA,PREMIUM,0.399,7.98,84.6,18109.08,False,"1"" EVO BARE PUMP ASSY (METALLIC)",0.0,Sin motor electrico (neumatica),0.2,,,
ARO-EB10-SGHTT-CKV-00A,ARO (Ingersoll Rand),EB10-SGHTT-CKV-00A,NEUMATICA_DOBLE_MEMBRANA,PREMIUM,0.399,7.98,84.6,18165.18,False,"1"" EVO BARE PUMP ASSY (METALLIC)",0.0,Sin motor electrico (neumatica),0.2,,,
ARO-EB10-SGSST-CKV-00A,ARO (Ingersoll Rand),EB10-SGSST-CKV-00A,NEUMATICA_DOBLE_MEMBRANA,PREMIUM,0.399,7.98,84.6,18223.32,False,"1"" EVO BARE PUMP ASSY (METALLIC)",0.0,Sin motor electrico (neumatica),0.2,,,
ARO-EB20-AGFAA-CKV-00A,ARO (Ingersoll Rand),EB20-AGFAA-CKV-00A,NEUMATICA_DOBLE_MEMBRANA,PREMIUM,1.953,39.06,84.6,18226.38,False,"2"" EVO BARE PUMP ASSY (METALLIC)",0.0,Sin motor electrico (neumatica),0.2,,,
ARO-EB10-SFHSA-CKV-00A,ARO (Ingersoll Rand),EB10-SFHSA-CKV-00A,NEUMATICA_DOBLE_MEMBRANA,PREMIUM,0.399,7.98,84.6,18245.76,False,"1"" EVO BARE PUMP ASSY (METALLIC)",0.0,Sin motor electrico (neumatica),0.2,,,
ARO-EB10-SFHSA-CSV-00A,ARO (Ingersoll Rand),EB10-SFHSA-CSV-00A,NEUMATICA_DOBLE_MEMBRANA,PREMIUM,0.399,7.98,84.6,18245.76,False,"1"" EVO BARE PUMP ASSY (METALLIC)",0.0,Sin motor electrico (neumatica),0.2,,,
ARO-EP10-SFSTT-CSV-00A,ARO (Ingersoll Rand),EP10-SFSTT-CSV-00A,NEUMATICA_DOBLE_MEMBRANA,PREMIUM,0.399,7.98,84.6,18245.76,False,"1"" EVO PUMP ASSY (METALLIC)",0.0,Sin motor electrico (neumatica),0.2,,,
ARO-PW20P-YKS-KTT,ARO (Ingersoll Rand),PW20P-YKS-KTT,NEUMATICA_DOBLE_MEMBRANA,PREMIUM,1.953,39.06,84.6,18248.82,False,"2"" PUMP ASM - RESTRICTED",0.0,Sin motor electrico (neumatica),0.2,,,
ARO-PD20P-YKS-KTL,ARO (Ingersoll Rand),PD20P-YKS-KTL,NEUMATICA_DOBLE_MEMBRANA,PREMIUM,1.646,32.928,84.6,18320.22,False,"2"" PUMP ASM - RESTRICTED",0.0,Sin motor electrico (neumatica),0.2,Polipropileno (no metálica),,
ARO-EB10-SGHST-CKV-00A,ARO (Ingersoll Rand),EB10-SGHST-CKV-00A,NEUMATICA_DOBLE_MEMBRANA,PREMIUM,0.399,7.98,84.6,18360.0,False,"1"" EVO BARE PUMP ASSY (METALLIC)",0.0,Sin motor electrico (neumatica),0.2,,,
ARO-EB10-SFSTT-CKV-00A,ARO (Ingersoll Rand),EB10-SFSTT-CKV-00A,NEUMATICA_DOBLE_MEMBRANA,PREMIUM,0.399,7.98,84.6,18428.34,False,"1"" EVO BARE PUMP ASSY (METALLIC)",0.0,Sin motor electrico (neumatica),0.2,,,
ARO-EB10-SFSTT-CSV-00A,ARO (Ingersoll Rand),EB10-SFSTT-CSV-00A,NEUMATICA_DOBLE_MEMBRANA,PREMIUM,0.399,7.98,84.6,18428.34,False,"1"" EVO BARE PUMP ASSY (METALLIC)",0.0,Sin motor electrico (neumatica),0.2,,,
ARO-666321-2EB-C,ARO (Ingersoll Rand),666321-2EB-C,NEUMATICA_DOBLE_MEMBRANA,PREMIUM,2.691,53.82,84.6,18543.6,False,"3"" METALLIC PUMP",0.0,Sin motor electrico (neumatica),0.2,,Santoprene,
ARO-EB10-SFHTT-CKV-00A,ARO (Ingersoll Rand),EB10-SFHTT-CKV-00A,NEUMATICA_DOBLE_MEMBRANA,PREMIUM,0.399,7.98,84.6,18565.02,False,"1"" EVO BARE PUMP ASSY (METALLIC)",0.0,Sin motor electrico (neumatica),0.2,,,
ARO-EB10-SFHTT-CSV-00A,ARO (Ingersoll Rand),EB10-SFHTT-CSV-00A,NEUMATICA_DOBLE_MEMBRANA,PREMIUM,0.399,7.98,84.6,18565.02,False,"1"" EVO BARE PUMP ASSY (METALLIC)",0.0,Sin motor electrico (neumatica),0.2,,,
ARO-PE20P-YKS-KAA-ADO,ARO (Ingersoll Rand),PE20P-YKS-KAA-ADO,NEUMATICA_DOBLE_MEMBRANA,PREMIUM,1.953,39.06,84.6,18591.54,False,"2"" PUMP ASM",0.0,Sin motor electrico (neumatica),0.2,Polipropileno (no metálica),Santoprene,
ARO-EB10-SFSST-CKV-00A,ARO (Ingersoll Rand),EB10-SFSST-CKV-00A,NEUMATICA_DOBLE_MEMBRANA,PREMIUM,0.399,7.98,84.6,18623.16,False,"1"" EVO BARE PUMP ASSY (METALLIC)",0.0,Sin motor electrico (neumatica),0.2,,,
ARO-EB10-SFSST-CSV-00A,ARO (Ingersoll Rand),EB10-SFSST-CSV-00A,NEUMATICA_DOBLE_MEMBRANA,PREMIUM,0.399,7.98,84.6,18623.16,False,"1"" EVO BARE PUMP ASSY (METALLIC)",0.0,Sin motor electrico (neumatica),0.2,,,
ARO-EB20-AGSAA-CKV-00A,ARO (Ingersoll Rand),EB20-AGSAA-CKV-00A,NEUMATICA_DOBLE_MEMBRANA,PREMIUM,1.953,39.06,84.6,18636.42,False,"2"" EVO BARE PUMP ASSY (METALLIC)",0.0,Sin motor electrico (neumatica),0.2,,,
ARO-EB20-CGSAA-CKV-00A,ARO (Ingersoll Rand),EB20-CGSAA-CKV-00A,NEUMATICA_DOBLE_MEMBRANA,PREMIUM,1.953,39.06,84.6,18636.42,False,"2"" EVO BARE PUMP ASSY (METALLIC)",0.0,Sin motor electrico (neumatica),0.2,,,
ARO-EB20-AFAAA-CKV-00A,ARO (Ingersoll Rand),EB20-AFAAA-CKV-00A,NEUMATICA_DOBLE_MEMBRANA,PREMIUM,1.953,39.06,84.6,18731.28,False,"2"" EVO BARE PUMP ASSY (METALLIC)",0.0,Sin motor electrico (neumatica),0.2,,,
ARO-EB20-AFAAA-CSV-00A,ARO (Ingersoll Rand),EB20-AFAAA-CSV-00A,NEUMATICA_DOBLE_MEMBRANA,PREMIUM,1.953,39.06,84.6,18731.28,False,"2"" EVO BARE PUMP ASSY (METALLIC)",0.0,Sin motor electrico (neumatica),0.2,,,
ARO-EB20-CFAAA-CKV-00A,ARO (Ingersoll Rand),EB20-CFAAA-CKV-00A,NEUMATICA_DOBLE_MEMBRANA,PREMIUM,1.953,39.06,84.6,18731.28,False,"2"" EVO BARE PUMP ASSY (METALLIC)",0.0,Sin motor electrico (neumatica),0.2,,,
ARO-EB20-CFAAA-CSV-00A,ARO (Ingersoll Rand),EB20-CFAAA-CSV-00A,NEUMATICA_DOBLE_MEMBRANA,PREMIUM,1.953,39.06,84.6,18731.28,False,"2"" EVO BARE PUMP ASSY (METALLIC)",0.0,Sin motor electrico (neumatica),0.2,,,
ARO-EB20-AGHAA-CKV-00A,ARO (Ingersoll Rand),EB20-AGHAA-CKV-00A,NEUMATICA_DOBLE_MEMBRANA,PREMIUM,1.953,39.06,84.6,18756.78,False,"2"" EVO BARE PUMP ASSY (METALLIC)",0.0,Sin motor electrico (neumatica),0.2,,,
ARO-EB20-CGHAA-CKV-00A,ARO (Ingersoll Rand),EB20-CGHAA-CKV-00A,NEUMATICA_DOBLE_MEMBRANA,PREMIUM,1.953,39.06,84.6,18756.78,False,"2"" EVO BARE PUMP ASSY (METALLIC)",0.0,Sin motor electrico (neumatica),0.2,,,
ARO-EB10-SFHST-CKV-00A,ARO (Ingersoll Rand),EB10-SFHST-CKV-00A,NEUMATICA_DOBLE_MEMBRANA,PREMIUM,0.399,7.98,84.6,18759.84,False,"1"" EVO BARE PUMP ASSY (METALLIC)",0.0,Sin motor electrico (neumatica),0.2,,,
ARO-EB10-SFHST-CSV-00A,ARO (Ingersoll Rand),EB10-SFHST-CSV-00A,NEUMATICA_DOBLE_MEMBRANA,PREMIUM,0.399,7.98,84.6,18759.84,False,"1"" EVO BARE PUMP ASSY (METALLIC)",0.0,Sin motor electrico (neumatica),0.2,,,
ARO-PE20P-YKS-KAA-ADF,ARO (Ingersoll Rand),PE20P-YKS-KAA-ADF,NEUMATICA_DOBLE_MEMBRANA,PREMIUM,1.953,39.06,84.6,18796.56,False,"2"" PUMP ASM",0.0,Sin motor electrico (neumatica),0.2,Polipropileno (no metálica),Santoprene,
ARO-EB20-AFFAA-CKV-00A,ARO (Ingersoll Rand),EB20-AFFAA-CKV-00A,NEUMATICA_DOBLE_MEMBRANA,PREMIUM,1.953,39.06,84.6,18850.62,False,"2"" EVO BARE PUMP ASSY (METALLIC)",0.0,Sin motor electrico (neumatica),0.2,,,
ARO-EB20-AFFAA-CSV-00A,ARO (Ingersoll Rand),EB20-AFFAA-CSV-00A,NEUMATICA_DOBLE_MEMBRANA,PREMIUM,1.953,39.06,84.6,18850.62,False,"2"" EVO BARE PUMP ASSY (METALLIC)",0.0,Sin motor electrico (neumatica),0.2,,,
ARO-PD20E-FNS-KVV-A,ARO (Ingersoll Rand),PD20E-FNS-KVV-A,NEUMATICA_DOBLE_MEMBRANA,PREMIUM,1.953,39.06,84.6,19028.1,False,"2"" PUMP ASSY, RESTRICTED",0.0,Sin motor electrico (neumatica),0.2,,,
ARO-PW20P-YKS-KTL,ARO (Ingersoll Rand),PW20P-YKS-KTL,NEUMATICA_DOBLE_MEMBRANA,PREMIUM,1.953,39.06,84.6,19173.96,False,"2"" PUMP ASM - RESTRICTED",0.0,Sin motor electrico (neumatica),0.2,,,
ARO-PE20P-YKS-KTL-ADO,ARO (Ingersoll Rand),PE20P-YKS-KTL-ADO,NEUMATICA_DOBLE_MEMBRANA,PREMIUM,1.953,39.06,84.6,19229.04,False,"2"" PUMP ASM - RESTRICTED",0.0,Sin motor electrico (neumatica),0.2,Polipropileno (no metálica),,
ARO-EB20-AFSAA-CKV-00A,ARO (Ingersoll Rand),EB20-AFSAA-CKV-00A,NEUMATICA_DOBLE_MEMBRANA,PREMIUM,1.953,39.06,84.6,19260.66,False,"2"" EVO BARE PUMP ASSY (METALLIC)",0.0,Sin motor electrico (neumatica),0.2,,,
ARO-EB20-AFSAA-CSV-00A,ARO (Ingersoll Rand),EB20-AFSAA-CSV-00A,NEUMATICA_DOBLE_MEMBRANA,PREMIUM,1.953,39.06,84.6,19260.66,False,"2"" EVO BARE PUMP ASSY (METALLIC)",0.0,Sin motor electrico (neumatica),0.2,,,
ARO-EB20-CFSAA-CKV-00A,ARO (Ingersoll Rand),EB20-CFSAA-CKV-00A,NEUMATICA_DOBLE_MEMBRANA,PREMIUM,1.953,39.06,84.6,19260.66,False,"2"" EVO BARE PUMP ASSY (METALLIC)",0.0,Sin motor electrico (neumatica),0.2,,,
ARO-EB20-CFSAA-CSV-00A,ARO (Ingersoll Rand),EB20-CFSAA-CSV-00A,NEUMATICA_DOBLE_MEMBRANA,PREMIUM,1.953,39.06,84.6,19260.66,False,"2"" EVO BARE PUMP ASSY (METALLIC)",0.0,Sin motor electrico (neumatica),0.2,,,
ARO-66632B-2EB-C,ARO (Ingersoll Rand),66632B-2EB-C,NEUMATICA_DOBLE_MEMBRANA,PREMIUM,2.691,53.82,84.6,19267.8,False,"3"" PUMP ASM",0.0,Sin motor electrico (neumatica),0.2,,Santoprene,
ARO-PD30R-ASS-STT-C,ARO (Ingersoll Rand),PD30R-ASS-STT-C,NEUMATICA_DOBLE_MEMBRANA,PREMIUM,2.691,53.82,84.6,19286.16,False,"3"" DIAPHRAGM PUMP ASM",0.0,Sin motor electrico (neumatica),0.2,Polipropileno (centro) con cabezales metálicos,PTFE (Teflón),
ARO-PD30A-FSS-STT-C,ARO (Ingersoll Rand),PD30A-FSS-STT-C,NEUMATICA_DOBLE_MEMBRANA,PREMIUM,2.691,53.82,84.6,19298.4,False,3 IN METALLIC PUMP,0.0,Sin motor electrico (neumatica),0.2,Acero inoxidable (partes mojadas),PTFE (Teflón),
ARO-PD30A-BSS-STT-C,ARO (Ingersoll Rand),PD30A-BSS-STT-C,NEUMATICA_DOBLE_MEMBRANA,PREMIUM,2.691,53.82,84.6,19312.68,False,3 IN EXP METALLIC DIAPH PUMP BSP,0.0,Sin motor electrico (neumatica),0.2,Acero inoxidable (partes mojadas),PTFE (Teflón),
ARO-PE20P-YKS-KTT-ADF,ARO (Ingersoll Rand),PE20P-YKS-KTT-ADF,NEUMATICA_DOBLE_MEMBRANA,PREMIUM,1.953,39.06,84.6,19357.56,False,"2"" PUMP ASM - RESTRICTED",0.0,Sin motor electrico (neumatica),0.2,Polipropileno (no metálica),PTFE (Teflón),
ARO-EB20-AFHAA-CKV-00A,ARO (Ingersoll Rand),EB20-AFHAA-CKV-00A,NEUMATICA_DOBLE_MEMBRANA,PREMIUM,1.953,39.06,84.6,19381.02,False,"2"" EVO BARE PUMP ASSY (METALLIC)",0.0,Sin motor electrico (neumatica),0.2,,,
ARO-EB20-AFHAA-CSV-00A,ARO (Ingersoll Rand),EB20-AFHAA-CSV-00A,NEUMATICA_DOBLE_MEMBRANA,PREMIUM,1.953,39.06,84.6,19381.02,False,"2"" EVO BARE PUMP ASSY (METALLIC)",0.0,Sin motor electrico (neumatica),0.2,,,
ARO-EB20-CFHAA-CKV-00A,ARO (Ingersoll Rand),EB20-CFHAA-CKV-00A,NEUMATICA_DOBLE_MEMBRANA,PREMIUM,1.953,39.06,84.6,19381.02,False,"2"" EVO BARE PUMP ASSY (METALLIC)",0.0,Sin motor electrico (neumatica),0.2,,,
ARO-EB20-CFHAA-CSV-00A,ARO (Ingersoll Rand),EB20-CFHAA-CSV-00A,NEUMATICA_DOBLE_MEMBRANA,PREMIUM,1.953,39.06,84.6,19381.02,False,"2"" EVO BARE PUMP ASSY (METALLIC)",0.0,Sin motor electrico (neumatica),0.2,,,
ARO-EB20-PGPAA-CKV-00A,ARO (Ingersoll Rand),EB20-PGPAA-CKV-00A,NEUMATICA_DOBLE_MEMBRANA,PREMIUM,1.953,39.06,84.6,19660.5,False,"2"" EVO BARE PUMP ASSY (NON-METALLIC)",0.0,Sin motor electrico (neumatica),0.2,,,
ARO-PE20P-YKS-KTL-ADF,ARO (Ingersoll Rand),PE20P-YKS-KTL-ADF,NEUMATICA_DOBLE_MEMBRANA,PREMIUM,1.953,39.06,84.6,19772.7,False,"2"" PUMP ASM - RESTRICTED",0.0,Sin motor electrico (neumatica),0.2,Polipropileno (no metálica),,
ARO-EB20-CGHST-CKV-00A,ARO (Ingersoll Rand),EB20-CGHST-CKV-00A,NEUMATICA_DOBLE_MEMBRANA,PREMIUM,1.953,39.06,84.6,20019.54,False,"2"" EVO BARE PUMP ASSY (METALLIC)",0.0,Sin motor electrico (neumatica),0.2,,,
ARO-EB20-PGPTA-CKV-00A,ARO (Ingersoll Rand),EB20-PGPTA-CKV-00A,NEUMATICA_DOBLE_MEMBRANA,PREMIUM,1.953,39.06,84.6,20021.58,False,"2"" EVO BARE PUMP ASSY (NON-METALLIC)",0.0,Sin motor electrico (neumatica),0.2,,,
ARO-EB20-PGSAA-CKV-00A,ARO (Ingersoll Rand),EB20-PGSAA-CKV-00A,NEUMATICA_DOBLE_MEMBRANA,PREMIUM,1.953,39.06,84.6,20049.12,False,"2"" EVO BARE PUMP ASSY (NON-METALLIC)",0.0,Sin motor electrico (neumatica),0.2,,,
ARO-EB20-PGHAA-CKV-00A,ARO (Ingersoll Rand),EB20-PGHAA-CKV-00A,NEUMATICA_DOBLE_MEMBRANA,PREMIUM,1.953,39.06,84.6,20170.5,False,"2"" EVO BARE PUMP ASSY (NON-METALLIC)",0.0,Sin motor electrico (neumatica),0.2,,,
ARO-PH30F-BSP-SAA-C,ARO (Ingersoll Rand),PH30F-BSP-SAA-C,NEUMATICA_DOBLE_MEMBRANA,PREMIUM,2.691,53.82,84.6,20250.06,False,"3"" DIAPHRAGM PUMP (2:1)",0.0,Sin motor electrico (neumatica),0.2,,,
ARO-EB20-PGSST-CKV-00A,ARO (Ingersoll Rand),EB20-PGSST-CKV-00A,NEUMATICA_DOBLE_MEMBRANA,PREMIUM,1.953,39.06,84.6,20273.52,False,"2"" EVO BARE PUMP ASSY (NON-METALLIC)",0.0,Sin motor electrico (neumatica),0.2,,,
ARO-EB20-PFPAA-CKV-00A,ARO (Ingersoll Rand),EB20-PFPAA-CKV-00A,NEUMATICA_DOBLE_MEMBRANA,PREMIUM,1.953,39.06,84.6,20284.74,False,"2"" EVO BARE PUMP ASSY (NON-METALLIC)",0.0,Sin motor electrico (neumatica),0.2,,,
ARO-EB20-PFPAA-CSV-00A,ARO (Ingersoll Rand),EB20-PFPAA-CSV-00A,NEUMATICA_DOBLE_MEMBRANA,PREMIUM,1.953,39.06,84.6,20284.74,False,"2"" EVO BARE PUMP ASSY (NON-METALLIC)",0.0,Sin motor electrico (neumatica),0.2,,,
ARO-PP30A-BSS-AAA,ARO (Ingersoll Rand),PP30A-BSS-AAA,NEUMATICA_DOBLE_MEMBRANA,PREMIUM,2.691,53.82,84.6,20536.68,False,"3"" POWDER PUMP",0.0,Sin motor electrico (neumatica),0.2,,,
ARO-PD30S-ASS-SVV-C,ARO (Ingersoll Rand),PD30S-ASS-SVV-C,NEUMATICA_DOBLE_MEMBRANA,PREMIUM,2.691,53.82,84.6,20554.02,False,3 IN EXP METALLIC DIAPH PUMP,0.0,Sin motor electrico (neumatica),0.2,,,
ARO-EB20-PGPTT-CKV-00A,ARO (Ingersoll Rand),EB20-PGPTT-CKV-00A,NEUMATICA_DOBLE_MEMBRANA,PREMIUM,1.953,39.06,84.6,20623.38,False,"2"" EVO BARE PUMP ASSY (NON-METALLIC)",0.0,Sin motor electrico (neumatica),0.2,,,
ARO-EB20-CFHST-CKV-00A,ARO (Ingersoll Rand),EB20-CFHST-CKV-00A,NEUMATICA_DOBLE_MEMBRANA,PREMIUM,1.953,39.06,84.6,20643.78,False,"2"" EVO BARE PUMP ASSY (METALLIC)",0.0,Sin motor electrico (neumatica),0.2,,,
ARO-EB20-CFHST-CSV-00A,ARO (Ingersoll Rand),EB20-CFHST-CSV-00A,NEUMATICA_DOBLE_MEMBRANA,PREMIUM,1.953,39.06,84.6,20643.78,False,"2"" EVO BARE PUMP ASSY (METALLIC)",0.0,Sin motor electrico (neumatica),0.2,,,
ARO-EB20-PFPTA-CKV-00A,ARO (Ingersoll Rand),EB20-PFPTA-CKV-00A,NEUMATICA_DOBLE_MEMBRANA,PREMIUM,1.953,39.06,84.6,20645.82,False,"2"" EVO BARE PUMP ASSY (NON-METALLIC)",0.0,Sin motor electrico (neumatica),0.2,,,
ARO-EB20-PFPTA-CSV-00A,ARO (Ingersoll Rand),EB20-PFPTA-CSV-00A,NEUMATICA_DOBLE_MEMBRANA,PREMIUM,1.953,39.06,84.6,20645.82,False,"2"" EVO BARE PUMP ASSY (NON-METALLIC)",0.0,Sin motor electrico (neumatica),0.2,,,
ARO-EB20-PFSAA-CKV-00A,ARO (Ingersoll Rand),EB20-PFSAA-CKV-00A,NEUMATICA_DOBLE_MEMBRANA,PREMIUM,1.953,39.06,84.6,20673.36,False,"2"" EVO BARE PUMP ASSY (NON-METALLIC)",0.0,Sin motor electrico (neumatica),0.2,,,
ARO-EB20-PFSAA-CSV-00A,ARO (Ingersoll Rand),EB20-PFSAA-CSV-00A,NEUMATICA_DOBLE_MEMBRANA,PREMIUM,1.953,39.06,84.6,20673.36,False,"2"" EVO BARE PUMP ASSY (NON-METALLIC)",0.0,Sin motor electrico (neumatica),0.2,,,
ARO-EB20-PGSSA-CKV-00A,ARO (Ingersoll Rand),EB20-PGSSA-CKV-00A,NEUMATICA_DOBLE_MEMBRANA,PREMIUM,1.953,39.06,84.6,20712.12,False,"2"" EVO BARE PUMP ASSY (NON-METALLIC)",0.0,Sin motor electrico (neumatica),0.2,,,
ARO-PH30F-FSP-STT-C,ARO (Ingersoll Rand),PH30F-FSP-STT-C,NEUMATICA_DOBLE_MEMBRANA,PREMIUM,2.691,53.82,84.6,20721.3,False,"3"" DIAPHRAGM PUMP (2:1)",0.0,Sin motor electrico (neumatica),0.2,,,
ARO-PE30A-BSS-STT-CDF,ARO (Ingersoll Rand),PE30A-BSS-STT-CDF,NEUMATICA_DOBLE_MEMBRANA,PREMIUM,2.691,53.82,84.6,20727.42,False,"3"" ELECTRONIC INTERFACEPUMP",0.0,Sin motor electrico (neumatica),0.2,Acero inoxidable (partes mojadas),PTFE (Teflón),
ARO-PH30F-BSP-STT-C,ARO (Ingersoll Rand),PH30F-BSP-STT-C,NEUMATICA_DOBLE_MEMBRANA,PREMIUM,2.691,53.82,84.6,20742.72,False,"3"" DIAPHRAGM PUMP (2:1)",0.0,Sin motor electrico (neumatica),0.2,,,
ARO-PD30S-FSS-SVV-C,ARO (Ingersoll Rand),PD30S-FSS-SVV-C,NEUMATICA_DOBLE_MEMBRANA,PREMIUM,2.691,53.82,84.6,20789.64,False,3 IN EXP METALLIC DIAPH PUMP,0.0,Sin motor electrico (neumatica),0.2,,,
ARO-EB20-PFHAA-CKV-00A,ARO (Ingersoll Rand),EB20-PFHAA-CKV-00A,NEUMATICA_DOBLE_MEMBRANA,PREMIUM,1.953,39.06,84.6,20794.74,False,"2"" EVO BARE PUMP ASSY (NON-METALLIC)",0.0,Sin motor electrico (neumatica),0.2,,,
ARO-EB20-PFHAA-CSV-00A,ARO (Ingersoll Rand),EB20-PFHAA-CSV-00A,NEUMATICA_DOBLE_MEMBRANA,PREMIUM,1.953,39.06,84.6,20794.74,False,"2"" EVO BARE PUMP ASSY (NON-METALLIC)",0.0,Sin motor electrico (neumatica),0.2,,,
ARO-PD30S-ASS-STT-C,ARO (Ingersoll Rand),PD30S-ASS-STT-C,NEUMATICA_DOBLE_MEMBRANA,PREMIUM,2.691,53.82,84.6,20812.08,False,"3"" DIAPHRAGM PUMP ASM",0.0,Sin motor electrico (neumatica),0.2,,,
ARO-PD30A-BSS-SVV-C,ARO (Ingersoll Rand),PD30A-BSS-SVV-C,NEUMATICA_DOBLE_MEMBRANA,PREMIUM,2.691,53.82,84.6,20821.26,False,"3"" DIAPHRAGM PUMP ASSY",0.0,Sin motor electrico (neumatica),0.2,Acero inoxidable (partes mojadas),,
ARO-PD30A-BSS-STL-C,ARO (Ingersoll Rand),PD30A-BSS-STL-C,NEUMATICA_DOBLE_MEMBRANA,PREMIUM,2.691,53.82,84.6,20875.32,False,"3"" DIAPHRAGM PUMP ASM",0.0,Sin motor electrico (neumatica),0.2,Acero inoxidable (partes mojadas),,
ARO-AS10P-FKS-KTT,ARO (Ingersoll Rand),AS10P-FKS-KTT,NEUMATICA_DOBLE_MEMBRANA,PREMIUM,0.534,10.68,84.6,20929.38,False,AS10P-FKS-KTT - ARO STATION CABINET WITH PD10P-FKS-KTT PUMP - PVDF/VITON,0.0,Sin motor electrico (neumatica),0.2,PVDF (Kynar),Viton (FKM),
ARO-EB20-PGSTT-CKV-00A,ARO (Ingersoll Rand),EB20-PGSTT-CKV-00A,NEUMATICA_DOBLE_MEMBRANA,PREMIUM,1.953,39.06,84.6,21013.02,False,"2"" EVO BARE PUMP ASSY (NON-METALLIC)",0.0,Sin motor electrico (neumatica),0.2,,,
ARO-PD30S-DSS-STT-C,ARO (Ingersoll Rand),PD30S-DSS-STT-C,NEUMATICA_DOBLE_MEMBRANA,PREMIUM,2.691,53.82,84.6,21046.68,False,"3"" DIAPHRAGM PUMP ASM",0.0,Sin motor electrico (neumatica),0.2,,,
ARO-PD30S-FSS-STT-C,ARO (Ingersoll Rand),PD30S-FSS-STT-C,NEUMATICA_DOBLE_MEMBRANA,PREMIUM,2.691,53.82,84.6,21046.68,False,"3"" DIAPHRAGM PUMP ASM",0.0,Sin motor electrico (neumatica),0.2,,,
ARO-PD30A-BSS-STT-B,ARO (Ingersoll Rand),PD30A-BSS-STT-B,NEUMATICA_DOBLE_MEMBRANA,PREMIUM,2.691,53.82,84.6,21110.94,False,"PUMP ASM (3"" METAL DIAPHRAGM PUMP)",0.0,Sin motor electrico (neumatica),0.2,Acero inoxidable (partes mojadas),PTFE (Teflón),
ARO-EB20-PFPTT-CSV-00A,ARO (Ingersoll Rand),EB20-PFPTT-CSV-00A,NEUMATICA_DOBLE_MEMBRANA,PREMIUM,1.953,39.06,84.6,21247.62,False,"2"" EVO BARE PUMP ASSY (NON-METALLIC)",0.0,Sin motor electrico (neumatica),0.2,,,
ARO-EB20-PFSSA-CKV-00A,ARO (Ingersoll Rand),EB20-PFSSA-CKV-00A,NEUMATICA_DOBLE_MEMBRANA,PREMIUM,1.953,39.06,84.6,21336.36,False,"2"" EVO BARE PUMP ASSY (NON-METALLIC)",0.0,Sin motor electrico (neumatica),0.2,,,
ARO-EB20-PFSSA-CSV-00A,ARO (Ingersoll Rand),EB20-PFSSA-CSV-00A,NEUMATICA_DOBLE_MEMBRANA,PREMIUM,1.953,39.06,84.6,21336.36,False,"2"" EVO BARE PUMP ASSY (NON-METALLIC)",0.0,Sin motor electrico (neumatica),0.2,,,
ARO-EB20-PFSTT-CKV-00A,ARO (Ingersoll Rand),EB20-PFSTT-CKV-00A,NEUMATICA_DOBLE_MEMBRANA,PREMIUM,1.953,39.06,84.6,21637.26,False,"2"" EVO BARE PUMP ASSY (NON-METALLIC)",0.0,Sin motor electrico (neumatica),0.2,,,
ARO-EB20-PFSTT-CSV-00A,ARO (Ingersoll Rand),EB20-PFSTT-CSV-00A,NEUMATICA_DOBLE_MEMBRANA,PREMIUM,1.953,39.06,84.6,21637.26,False,"2"" EVO BARE PUMP ASSY (NON-METALLIC)",0.0,Sin motor electrico (neumatica),0.2,,,
ARO-PD30S-BSS-SAA-C,ARO (Ingersoll Rand),PD30S-BSS-SAA-C,NEUMATICA_DOBLE_MEMBRANA,PREMIUM,2.691,53.82,84.6,21708.66,False,3 IN EXP METALLIC DIAPH PUMP BSP,0.0,Sin motor electrico (neumatica),0.2,,,
ARO-PZ30A-BSS-STT-C,ARO (Ingersoll Rand),PZ30A-BSS-STT-C,NEUMATICA_DOBLE_MEMBRANA,PREMIUM,2.691,53.82,84.6,21742.32,False,"3"" DIAPHRAGM PUMP ASM (METALLIC)",0.0,Sin motor electrico (neumatica),0.2,,,
ARO-EB20-PFSST-CKV-00A,ARO (Ingersoll Rand),EB20-PFSST-CKV-00A,NEUMATICA_DOBLE_MEMBRANA,PREMIUM,1.953,39.06,84.6,21938.16,False,"2"" EVO BARE PUMP ASSY (NON-METALLIC)",0.0,Sin motor electrico (neumatica),0.2,,,
ARO-EB20-PFSST-CSV-00A,ARO (Ingersoll Rand),EB20-PFSST-CSV-00A,NEUMATICA_DOBLE_MEMBRANA,PREMIUM,1.953,39.06,84.6,21938.16,False,"2"" EVO BARE PUMP ASSY (NON-METALLIC)",0.0,Sin motor electrico (neumatica),0.2,,,
ARO-PZ30A-FSS-STT-C,ARO (Ingersoll Rand),PZ30A-FSS-STT-C,NEUMATICA_DOBLE_MEMBRANA,PREMIUM,2.691,53.82,84.6,22107.48,False,"3"" DIAPHRAGM PUMP ASM (METALLIC)",0.0,Sin motor electrico (neumatica),0.2,,,
ARO-PD30S-BSS-AAA-C,ARO (Ingersoll Rand),PD30S-BSS-AAA-C,NEUMATICA_DOBLE_MEMBRANA,PREMIUM,2.691,53.82,84.6,22247.22,False,3 IN EXP METALLIC DIAPH PUMP BSP,0.0,Sin motor electrico (neumatica),0.2,,,
ARO-EB20-SGHAA-CKV-00A,ARO (Ingersoll Rand),EB20-SGHAA-CKV-00A,NEUMATICA_DOBLE_MEMBRANA,PREMIUM,1.953,39.06,84.6,22971.42,False,"2"" EVO BARE PUMP ASSY (METALLIC)",0.0,Sin motor electrico (neumatica),0.2,,,
ARO-670090,ARO (Ingersoll Rand),670090,NEUMATICA_DOBLE_MEMBRANA,PREMIUM,2.691,53.82,84.6,23310.06,False,"3"" DIAPHRAGM PUMP ASSEMBLY",0.0,Sin motor electrico (neumatica),0.2,,,
ARO-AS15P-FKS-KTT,ARO (Ingersoll Rand),AS15P-FKS-KTT,NEUMATICA_DOBLE_MEMBRANA,PREMIUM,1.136,22.71,84.6,23439.6,False,AS15P-FKS-KTT - ARO STATION CABINET WITH PD15P-FKS-KTT PUMP - PVDF/VITON,0.0,Sin motor electrico (neumatica),0.2,PVDF (Kynar),Viton (FKM),
ARO-EP10-AFAAA-CSV-ACA,ARO (Ingersoll Rand),EP10-AFAAA-CSV-ACA,NEUMATICA_DOBLE_MEMBRANA,PREMIUM,0.399,7.98,84.6,23461.02,False,"1"" EVO PUMP ASSY (METALLIC)",0.0,Sin motor electrico (neumatica),0.2,,,
ARO-EP10-CFAAA-CSV-ACA,ARO (Ingersoll Rand),EP10-CFAAA-CSV-ACA,NEUMATICA_DOBLE_MEMBRANA,PREMIUM,0.399,7.98,84.6,23461.02,False,"1"" EVO PUMP ASSY (METALLIC)",0.0,Sin motor electrico (neumatica),0.2,,,
ARO-EB20-SGSSA-CKV-00A,ARO (Ingersoll Rand),EB20-SGSSA-CKV-00A,NEUMATICA_DOBLE_MEMBRANA,PREMIUM,1.953,39.06,84.6,23504.88,False,"2"" EVO BARE PUMP ASSY (METALLIC)",0.0,Sin motor electrico (neumatica),0.2,,,
ARO-EP10-AFFAA-CSV-ACA,ARO (Ingersoll Rand),EP10-AFFAA-CSV-ACA,NEUMATICA_DOBLE_MEMBRANA,PREMIUM,0.399,7.98,84.6,23580.36,False,"1"" EVO PUMP ASSY (METALLIC)",0.0,Sin motor electrico (neumatica),0.2,,,
ARO-EB20-SFHAA-CKV-00A,ARO (Ingersoll Rand),EB20-SFHAA-CKV-00A,NEUMATICA_DOBLE_MEMBRANA,PREMIUM,1.953,39.06,84.6,23595.66,False,"2"" EVO BARE PUMP ASSY (METALLIC)",0.0,Sin motor electrico (neumatica),0.2,,,
ARO-EB20-SFHAA-CSV-00A,ARO (Ingersoll Rand),EB20-SFHAA-CSV-00A,NEUMATICA_DOBLE_MEMBRANA,PREMIUM,1.953,39.06,84.6,23595.66,False,"2"" EVO BARE PUMP ASSY (METALLIC)",0.0,Sin motor electrico (neumatica),0.2,,,
ARO-EB20-SGHSA-CKV-00A,ARO (Ingersoll Rand),EB20-SGHSA-CKV-00A,NEUMATICA_DOBLE_MEMBRANA,PREMIUM,1.953,39.06,84.6,23638.5,False,"2"" EVO BARE PUMP ASSY (METALLIC)",0.0,Sin motor electrico (neumatica),0.2,,,
ARO-EP10-AFSAA-CSV-ACA,ARO (Ingersoll Rand),EP10-AFSAA-CSV-ACA,NEUMATICA_DOBLE_MEMBRANA,PREMIUM,0.399,7.98,84.6,23804.76,False,"1"" EVO PUMP ASSY (METALLIC)",0.0,Sin motor electrico (neumatica),0.2,,,
ARO-EP10-CFSAA-CSV-ACA,ARO (Ingersoll Rand),EP10-CFSAA-CSV-ACA,NEUMATICA_DOBLE_MEMBRANA,PREMIUM,0.399,7.98,84.6,23804.76,False,"1"" EVO PUMP ASSY (METALLIC)",0.0,Sin motor electrico (neumatica),0.2,,,
ARO-EB20-SGSTT-CKV-00A,ARO (Ingersoll Rand),EB20-SGSTT-CKV-00A,NEUMATICA_DOBLE_MEMBRANA,PREMIUM,1.953,39.06,84.6,23812.92,False,"2"" EVO BARE PUMP ASSY (METALLIC)",0.0,Sin motor electrico (neumatica),0.2,,,
ARO-EB20-SGHTT-CKV-00A,ARO (Ingersoll Rand),EB20-SGHTT-CKV-00A,NEUMATICA_DOBLE_MEMBRANA,PREMIUM,1.953,39.06,84.6,23929.2,False,"2"" EVO BARE PUMP ASSY (METALLIC)",0.0,Sin motor electrico (neumatica),0.2,,,
ARO-EP10-AFHAA-CSV-ACA,ARO (Ingersoll Rand),EP10-AFHAA-CSV-ACA,NEUMATICA_DOBLE_MEMBRANA,PREMIUM,0.399,7.98,84.6,23940.42,False,"1"" EVO PUMP ASSY (METALLIC)",0.0,Sin motor electrico (neumatica),0.2,,,
ARO-EP10-CFHAA-CSV-ACA,ARO (Ingersoll Rand),EP10-CFHAA-CSV-ACA,NEUMATICA_DOBLE_MEMBRANA,PREMIUM,0.399,7.98,84.6,23940.42,False,"1"" EVO PUMP ASSY (METALLIC)",0.0,Sin motor electrico (neumatica),0.2,,,
ARO-EB20-SGSST-CKV-00A,ARO (Ingersoll Rand),EB20-SGSST-CKV-00A,NEUMATICA_DOBLE_MEMBRANA,PREMIUM,1.953,39.06,84.6,24112.8,False,"2"" EVO BARE PUMP ASSY (METALLIC)",0.0,Sin motor electrico (neumatica),0.2,,,
ARO-EB20-SFSSA-CKV-00A,ARO (Ingersoll Rand),EB20-SFSSA-CKV-00A,NEUMATICA_DOBLE_MEMBRANA,PREMIUM,1.953,39.06,84.6,24129.12,False,"2"" EVO BARE PUMP ASSY (METALLIC)",0.0,Sin motor electrico (neumatica),0.2,,,
ARO-EB20-SFSSA-CSV-00A,ARO (Ingersoll Rand),EB20-SFSSA-CSV-00A,NEUMATICA_DOBLE_MEMBRANA,PREMIUM,1.953,39.06,84.6,24129.12,False,"2"" EVO BARE PUMP ASSY (METALLIC)",0.0,Sin motor electrico (neumatica),0.2,,,
ARO-EB20-SGHST-CKV-00A,ARO (Ingersoll Rand),EB20-SGHST-CKV-00A,NEUMATICA_DOBLE_MEMBRANA,PREMIUM,1.953,39.06,84.6,24234.18,False,"2"" EVO BARE PUMP ASSY (METALLIC)",0.0,Sin motor electrico (neumatica),0.2,,,
ARO-EB20-SFHSA-CKV-00A,ARO (Ingersoll Rand),EB20-SFHSA-CKV-00A,NEUMATICA_DOBLE_MEMBRANA,PREMIUM,1.953,39.06,84.6,24262.74,False,"2"" EVO BARE PUMP ASSY (METALLIC)",0.0,Sin motor electrico (neumatica),0.2,,,
ARO-EB20-SFHSA-CSV-00A,ARO (Ingersoll Rand),EB20-SFHSA-CSV-00A,NEUMATICA_DOBLE_MEMBRANA,PREMIUM,1.953,39.06,84.6,24262.74,False,"2"" EVO BARE PUMP ASSY (METALLIC)",0.0,Sin motor electrico (neumatica),0.2,,,
ARO-EP10-AFFTT-CSV-ACA,ARO (Ingersoll Rand),EP10-AFFTT-CSV-ACA,NEUMATICA_DOBLE_MEMBRANA,PREMIUM,0.399,7.98,84.6,24300.48,False,"1"" EVO PUMP ASSY (METALLIC)",0.0,Sin motor electrico (neumatica),0.2,,,
ARO-EP10-CFFTT-CSV-ACA,ARO (Ingersoll Rand),EP10-CFFTT-CSV-ACA,NEUMATICA_DOBLE_MEMBRANA,PREMIUM,0.399,7.98,84.6,24300.48,False,"1"" EVO PUMP ASSY (METALLIC)",0.0,Sin motor electrico (neumatica),0.2,,,
ARO-EB20-SFSTT-CSV-00A,ARO (Ingersoll Rand),EB20-SFSTT-CSV-00A,NEUMATICA_DOBLE_MEMBRANA,PREMIUM,1.953,39.06,84.6,24437.16,False,"2"" EVO BARE PUMP ASSY (METALLIC)",0.0,Sin motor electrico (neumatica),0.2,,,
ARO-EP10-AFSTT-CSV-ACA,ARO (Ingersoll Rand),EP10-AFSTT-CSV-ACA,NEUMATICA_DOBLE_MEMBRANA,PREMIUM,0.399,7.98,84.6,24522.84,False,"1"" EVO PUMP ASSY (METALLIC)",0.0,Sin motor electrico (neumatica),0.2,,,
ARO-EP10-CFSTT-CSV-ACA,ARO (Ingersoll Rand),EP10-CFSTT-CSV-ACA,NEUMATICA_DOBLE_MEMBRANA,PREMIUM,0.399,7.98,84.6,24522.84,False,"1"" EVO PUMP ASSY (METALLIC)",0.0,Sin motor electrico (neumatica),0.2,,,
ARO-EB20-SFHTT-CKV-00A,ARO (Ingersoll Rand),EB20-SFHTT-CKV-00A,NEUMATICA_DOBLE_MEMBRANA,PREMIUM,1.953,39.06,84.6,24557.52,False,"2"" EVO BARE PUMP ASSY (METALLIC)",0.0,Sin motor electrico (neumatica),0.2,,,
ARO-EB20-SFHTT-CSV-00A,ARO (Ingersoll Rand),EB20-SFHTT-CSV-00A,NEUMATICA_DOBLE_MEMBRANA,PREMIUM,1.953,39.06,84.6,24557.52,False,"2"" EVO BARE PUMP ASSY (METALLIC)",0.0,Sin motor electrico (neumatica),0.2,,,
ARO-EP10-CSVA-01-A,ARO (Ingersoll Rand),EP10-CSVA-01-A,NEUMATICA_DOBLE_MEMBRANA,PREMIUM,0.399,7.98,84.6,24574.25,False,"1"" PUMP CRANKCASE ASSY",0.0,Sin motor electrico (neumatica),0.2,,,
ARO-EP10-AFHTT-CSV-ACA,ARO (Ingersoll Rand),EP10-AFHTT-CSV-ACA,NEUMATICA_DOBLE_MEMBRANA,PREMIUM,0.399,7.98,84.6,24660.54,False,"1"" EVO PUMP ASSY (METALLIC)",0.0,Sin motor electrico (neumatica),0.2,,,
ARO-EP10-CFHTT-CSV-ACA,ARO (Ingersoll Rand),EP10-CFHTT-CSV-ACA,NEUMATICA_DOBLE_MEMBRANA,PREMIUM,0.399,7.98,84.6,24660.54,False,"1"" EVO PUMP ASSY (METALLIC)",0.0,Sin motor electrico (neumatica),0.2,,,
ARO-EB20-SFSST-CKV-00A,ARO (Ingersoll Rand),EB20-SFSST-CKV-00A,NEUMATICA_DOBLE_MEMBRANA,PREMIUM,1.953,39.06,84.6,24737.04,False,"2"" EVO BARE PUMP ASSY (METALLIC)",0.0,Sin motor electrico (neumatica),0.2,,,
ARO-EB20-SFSST-CSV-00A,ARO (Ingersoll Rand),EB20-SFSST-CSV-00A,NEUMATICA_DOBLE_MEMBRANA,PREMIUM,1.953,39.06,84.6,24737.04,False,"2"" EVO BARE PUMP ASSY (METALLIC)",0.0,Sin motor electrico (neumatica),0.2,,,
ARO-EB20-PFPTT-CKV-00A,ARO (Ingersoll Rand),EB20-PFPTT-CKV-00A,NEUMATICA_DOBLE_MEMBRANA,PREMIUM,1.953,39.06,84.6,24797.32,False,"2"" EVO BARE PUMP ASSY (NON-METALLIC)",0.0,Sin motor electrico (neumatica),0.2,,,
ARO-PE30S-BSS-STT-C0L,ARO (Ingersoll Rand),PE30S-BSS-STT-C0L,NEUMATICA_DOBLE_MEMBRANA,PREMIUM,2.691,53.82,84.6,24805.38,False,"3"" PUMP ASSY",0.0,Sin motor electrico (neumatica),0.2,,,
ARO-EP10-CFHST-CSV-ACA,ARO (Ingersoll Rand),EP10-CFHST-CSV-ACA,NEUMATICA_DOBLE_MEMBRANA,PREMIUM,0.399,7.98,84.6,24853.32,False,"1"" EVO PUMP ASSY (METALLIC)",0.0,Sin motor electrico (neumatica),0.2,,,
ARO-EB20-SFHST-CKV-00A,ARO (Ingersoll Rand),EB20-SFHST-CKV-00A,NEUMATICA_DOBLE_MEMBRANA,PREMIUM,1.953,39.06,84.6,24858.42,False,"2"" EVO BARE PUMP ASSY (METALLIC)",0.0,Sin motor electrico (neumatica),0.2,,,
ARO-EB20-SFHST-CSV-00A,ARO (Ingersoll Rand),EB20-SFHST-CSV-00A,NEUMATICA_DOBLE_MEMBRANA,PREMIUM,1.953,39.06,84.6,24858.42,False,"2"" EVO BARE PUMP ASSY (METALLIC)",0.0,Sin motor electrico (neumatica),0.2,,,
ARO-EP10-PFPAA-CSV-ACA,ARO (Ingersoll Rand),EP10-PFPAA-CSV-ACA,NEUMATICA_DOBLE_MEMBRANA,PREMIUM,0.399,7.98,84.6,24879.84,False,"1"" EVO PUMP ASSY (NON-METALLIC)",0.0,Sin motor electrico (neumatica),0.2,,,
ARO-PD30S-BSS-STT-C,ARO (Ingersoll Rand),PD30S-BSS-STT-C,NEUMATICA_DOBLE_MEMBRANA,PREMIUM,2.691,53.82,84.6,24982.86,False,3 IN EXP METALLIC DIAPH PUMP BSP,0.0,Sin motor electrico (neumatica),0.2,,,
ARO-EP10-PFPTT-CSV-ACA,ARO (Ingersoll Rand),EP10-PFPTT-CSV-ACA,NEUMATICA_DOBLE_MEMBRANA,PREMIUM,0.399,7.98,84.6,25593.84,False,"1"" EVO PUMP ASSY (NON-METALLIC)",0.0,Sin motor electrico (neumatica),0.2,,,
ARO-EP10-SFHAA-CSV-ACA,ARO (Ingersoll Rand),EP10-SFHAA-CSV-ACA,NEUMATICA_DOBLE_MEMBRANA,PREMIUM,0.399,7.98,84.6,25766.22,False,"1"" EVO PUMP ASSY (METALLIC)",0.0,Sin motor electrico (neumatica),0.2,,,
ARO-EP10-SFSSA-CSV-ACA,ARO (Ingersoll Rand),EP10-SFSSA-CSV-ACA,NEUMATICA_DOBLE_MEMBRANA,PREMIUM,0.399,7.98,84.6,26028.36,False,"1"" EVO PUMP ASSY (METALLIC)",0.0,Sin motor electrico (neumatica),0.2,,,
ARO-EP10-SFHSA-CSV-ACA,ARO (Ingersoll Rand),EP10-SFHSA-CSV-ACA,NEUMATICA_DOBLE_MEMBRANA,PREMIUM,0.399,7.98,84.6,26166.06,False,"1"" EVO PUMP ASSY (METALLIC)",0.0,Sin motor electrico (neumatica),0.2,,,
ARO-EP10-SFSTT-CSV-ACA,ARO (Ingersoll Rand),EP10-SFSTT-CSV-ACA,NEUMATICA_DOBLE_MEMBRANA,PREMIUM,0.399,7.98,84.6,26348.64,False,"1"" EVO PUMP ASSY (METALLIC)",0.0,Sin motor electrico (neumatica),0.2,,,
ARO-EP10-CSVS-01-A,ARO (Ingersoll Rand),EP10-CSVS-01-A,NEUMATICA_DOBLE_MEMBRANA,PREMIUM,0.399,7.98,84.6,26436.56,False,"1"" PUMP CRANKCASE ASSY",0.0,Sin motor electrico (neumatica),0.2,,,
ARO-EP10-SFHTT-CSV-ACA,ARO (Ingersoll Rand),EP10-SFHTT-CSV-ACA,NEUMATICA_DOBLE_MEMBRANA,PREMIUM,0.399,7.98,84.6,26484.3,False,"1"" EVO PUMP ASSY (METALLIC)",0.0,Sin motor electrico (neumatica),0.2,,,
ARO-PE10S-BHS-LTT-A0L,ARO (Ingersoll Rand),PE10S-BHS-LTT-A0L,NEUMATICA_DOBLE_MEMBRANA,PREMIUM,0.399,7.98,84.6,26501.64,False,"1"" PUMP ASSY - RESTRICTED",0.0,Sin motor electrico (neumatica),0.2,,,
ARO-EP10-SFSST-CSV-ACA,ARO (Ingersoll Rand),EP10-SFSST-CSV-ACA,NEUMATICA_DOBLE_MEMBRANA,PREMIUM,0.399,7.98,84.6,26542.44,False,"1"" EVO PUMP ASSY (METALLIC)",0.0,Sin motor electrico (neumatica),0.2,,,
ARO-EP10-SFHST-CSV-ACA,ARO (Ingersoll Rand),EP10-SFHST-CSV-ACA,NEUMATICA_DOBLE_MEMBRANA,PREMIUM,0.399,7.98,84.6,26679.12,False,"1"" EVO PUMP ASSY (METALLIC)",0.0,Sin motor electrico (neumatica),0.2,,,
ARO-AS20P-FKS-KTT,ARO (Ingersoll Rand),AS20P-FKS-KTT,NEUMATICA_DOBLE_MEMBRANA,PREMIUM,1.646,32.928,84.6,28382.52,False,AS20P-FKS-KTT - ARO STATION CABINET WITH PD20P-FKS-KTT PUMP - PVDF/VITON,0.0,Sin motor electrico (neumatica),0.2,PVDF (Kynar),Viton (FKM),
ARO-EB20-SFSTT-CKV-00A,ARO (Ingersoll Rand),EB20-SFSTT-CKV-00A,NEUMATICA_DOBLE_MEMBRANA,PREMIUM,1.953,39.06,84.6,28519.0,False,"2"" EVO BARE PUMP ASSY (METALLIC)",0.0,Sin motor electrico (neumatica),0.2,,,
ARO-EP20-CSVA-01-A,ARO (Ingersoll Rand),EP20-CSVA-01-A,NEUMATICA_DOBLE_MEMBRANA,PREMIUM,1.953,39.06,84.6,29518.23,False,"2"" PUMP CRANKCASE ASSY",0.0,Sin motor electrico (neumatica),0.2,,,
ARO-EP20-AFAAA-CSV-ACA,ARO (Ingersoll Rand),EP20-AFAAA-CSV-ACA,NEUMATICA_DOBLE_MEMBRANA,PREMIUM,1.953,39.06,84.6,30261.36,False,"2"" EVO PUMP ASSY (METALLIC)",0.0,Sin motor electrico (neumatica),0.2,,,
ARO-EP20-CFAAA-CSV-ACA,ARO (Ingersoll Rand),EP20-CFAAA-CSV-ACA,NEUMATICA_DOBLE_MEMBRANA,PREMIUM,1.953,39.06,84.6,30261.36,False,"2"" EVO PUMP ASSY (METALLIC)",0.0,Sin motor electrico (neumatica),0.2,,,
ARO-EP20-AFFAA-CSV-ACA,ARO (Ingersoll Rand),EP20-AFFAA-CSV-ACA,NEUMATICA_DOBLE_MEMBRANA,PREMIUM,1.953,39.06,84.6,30381.72,False,"2"" EVO PUMP ASSY (METALLIC)",0.0,Sin motor electrico (neumatica),0.2,,,
ARO-EP20-AFSAA-CSV-ACA,ARO (Ingersoll Rand),EP20-AFSAA-CSV-ACA,NEUMATICA_DOBLE_MEMBRANA,PREMIUM,1.953,39.06,84.6,30795.84,False,"2"" EVO PUMP ASSY (METALLIC)",0.0,Sin motor electrico (neumatica),0.2,,,
ARO-EP20-CFSAA-CSV-ACA,ARO (Ingersoll Rand),EP20-CFSAA-CSV-ACA,NEUMATICA_DOBLE_MEMBRANA,PREMIUM,1.953,39.06,84.6,30795.84,False,"2"" EVO PUMP ASSY (METALLIC)",0.0,Sin motor electrico (neumatica),0.2,,,
ARO-EP20-AFHAA-CSV-ACA,ARO (Ingersoll Rand),EP20-AFHAA-CSV-ACA,NEUMATICA_DOBLE_MEMBRANA,PREMIUM,1.953,39.06,84.6,30916.2,False,"2"" EVO PUMP ASSY (METALLIC)",0.0,Sin motor electrico (neumatica),0.2,,,
ARO-EP20-CFHAA-CSV-ACA,ARO (Ingersoll Rand),EP20-CFHAA-CSV-ACA,NEUMATICA_DOBLE_MEMBRANA,PREMIUM,1.953,39.06,84.6,30916.2,False,"2"" EVO PUMP ASSY (METALLIC)",0.0,Sin motor electrico (neumatica),0.2,,,
ARO-EP20-AFFTT-CSV-ACA,ARO (Ingersoll Rand),EP20-AFFTT-CSV-ACA,NEUMATICA_DOBLE_MEMBRANA,PREMIUM,1.953,39.06,84.6,31355.82,False,"2"" EVO PUMP ASSY (METALLIC)",0.0,Sin motor electrico (neumatica),0.2,,,
ARO-EP20-CFFTT-CSV-ACA,ARO (Ingersoll Rand),EP20-CFFTT-CSV-ACA,NEUMATICA_DOBLE_MEMBRANA,PREMIUM,1.953,39.06,84.6,31355.82,False,"2"" EVO PUMP ASSY (METALLIC)",0.0,Sin motor electrico (neumatica),0.2,,,
ARO-EP20-AFSTT-CSV-ACA,ARO (Ingersoll Rand),EP20-AFSTT-CSV-ACA,NEUMATICA_DOBLE_MEMBRANA,PREMIUM,1.953,39.06,84.6,31768.92,False,"2"" EVO PUMP ASSY (METALLIC)",0.0,Sin motor electrico (neumatica),0.2,,,
ARO-EP20-CFSTT-CSV-ACA,ARO (Ingersoll Rand),EP20-CFSTT-CSV-ACA,NEUMATICA_DOBLE_MEMBRANA,PREMIUM,1.953,39.06,84.6,31768.92,False,"2"" EVO PUMP ASSY (METALLIC)",0.0,Sin motor electrico (neumatica),0.2,,,
ARO-EP20-PFPAA-CSV-ACA,ARO (Ingersoll Rand),EP20-PFPAA-CSV-ACA,NEUMATICA_DOBLE_MEMBRANA,PREMIUM,1.953,39.06,84.6,31830.12,False,"2"" EVO PUMP ASSY (NON-METALLIC)",0.0,Sin motor electrico (neumatica),0.2,,,
ARO-EP20-AFHTT-CSV-ACA,ARO (Ingersoll Rand),EP20-AFHTT-CSV-ACA,NEUMATICA_DOBLE_MEMBRANA,PREMIUM,1.953,39.06,84.6,31889.28,False,"2"" EVO PUMP ASSY (METALLIC)",0.0,Sin motor electrico (neumatica),0.2,,,
ARO-EP20-CFHTT-CSV-ACA,ARO (Ingersoll Rand),EP20-CFHTT-CSV-ACA,NEUMATICA_DOBLE_MEMBRANA,PREMIUM,1.953,39.06,84.6,31889.28,False,"2"" EVO PUMP ASSY (METALLIC)",0.0,Sin motor electrico (neumatica),0.2,,,
ARO-EP20-CFHST-CSV-ACA,ARO (Ingersoll Rand),EP20-CFHST-CSV-ACA,NEUMATICA_DOBLE_MEMBRANA,PREMIUM,1.953,39.06,84.6,32192.22,False,"2"" EVO PUMP ASSY (METALLIC)",0.0,Sin motor electrico (neumatica),0.2,,,
ARO-EP20-PFPTA-CSV-ACA,ARO (Ingersoll Rand),EP20-PFPTA-CSV-ACA,NEUMATICA_DOBLE_MEMBRANA,PREMIUM,1.953,39.06,84.6,32194.26,False,"2"" EVO PUMP ASSY (NON-METALLIC)",0.0,Sin motor electrico (neumatica),0.2,,,
ARO-EP20-PFSAA-CSV-ACA,ARO (Ingersoll Rand),EP20-PFSAA-CSV-ACA,NEUMATICA_DOBLE_MEMBRANA,PREMIUM,1.953,39.06,84.6,32221.8,False,"2"" EVO PUMP ASSY (NON-METALLIC)",0.0,Sin motor electrico (neumatica),0.2,,,
ARO-EP20-CSVS-01-A,ARO (Ingersoll Rand),EP20-CSVS-01-A,NEUMATICA_DOBLE_MEMBRANA,PREMIUM,1.953,39.06,84.6,32296.1,False,"2"" PUMP CRANKCASE ASSY",0.0,Sin motor electrico (neumatica),0.2,,,
ARO-EP20-PFHAA-CSV-ACA,ARO (Ingersoll Rand),EP20-PFHAA-CSV-ACA,NEUMATICA_DOBLE_MEMBRANA,PREMIUM,1.953,39.06,84.6,32345.22,False,"2"" EVO PUMP ASSY (NON-METALLIC)",0.0,Sin motor electrico (neumatica),0.2,,,
ARO-EP20-PFPTT-CSV-ACA,ARO (Ingersoll Rand),EP20-PFPTT-CSV-ACA,NEUMATICA_DOBLE_MEMBRANA,PREMIUM,1.953,39.06,84.6,32802.18,False,"2"" EVO PUMP ASSY (NON-METALLIC)",0.0,Sin motor electrico (neumatica),0.2,,,
ARO-EP20-PFSSA-CSV-ACA,ARO (Ingersoll Rand),EP20-PFSSA-CSV-ACA,NEUMATICA_DOBLE_MEMBRANA,PREMIUM,1.953,39.06,84.6,32890.92,False,"2"" EVO PUMP ASSY (NON-METALLIC)",0.0,Sin motor electrico (neumatica),0.2,,,
ARO-EP20-PFSTT-CSV-ACA,ARO (Ingersoll Rand),EP20-PFSTT-CSV-ACA,NEUMATICA_DOBLE_MEMBRANA,PREMIUM,1.953,39.06,84.6,33194.88,False,"2"" EVO PUMP ASSY (NON-METALLIC)",0.0,Sin motor electrico (neumatica),0.2,,,
ARO-EP20-PFSST-CSV-ACA,ARO (Ingersoll Rand),EP20-PFSST-CSV-ACA,NEUMATICA_DOBLE_MEMBRANA,PREMIUM,1.953,39.06,84.6,33497.82,False,"2"" EVO PUMP ASSY (NON-METALLIC)",0.0,Sin motor electrico (neumatica),0.2,,,
ARO-PD20S-FHS-LTT-B,ARO (Ingersoll Rand),PD20S-FHS-LTT-B,NEUMATICA_DOBLE_MEMBRANA,PREMIUM,1.953,39.06,84.6,33780.36,False,"2"" DIAPHRAGM PUMP ASM (RESTRICTED)",0.0,Sin motor electrico (neumatica),0.2,,,
ARO-EP10-AFAAA-CSV-CDA,ARO (Ingersoll Rand),EP10-AFAAA-CSV-CDA,NEUMATICA_DOBLE_MEMBRANA,PREMIUM,0.399,7.98,84.6,34125.12,True,"EVO PUMP 1"" AL ATEX/IECex Motor 2.2Kw",0.0,Sin motor electrico (neumatica),0.2,,,
ARO-EP10-CFAAA-CSV-CDA,ARO (Ingersoll Rand),EP10-CFAAA-CSV-CDA,NEUMATICA_DOBLE_MEMBRANA,PREMIUM,0.399,7.98,84.6,34125.12,True,"EVO PUMP 1"" CI ATEX/IECex Motor 2.2Kw",0.0,Sin motor electrico (neumatica),0.2,Fundición,,
ARO-EP10-AFFAA-CSV-CDA,ARO (Ingersoll Rand),EP10-AFFAA-CSV-CDA,NEUMATICA_DOBLE_MEMBRANA,PREMIUM,0.399,7.98,84.6,34244.46,True,"EVO PUMP 1"" AL ATEX/IECex Motor 2.2Kw",0.0,Sin motor electrico (neumatica),0.2,,,
ARO-EP10-AFSAA-CSV-CDA,ARO (Ingersoll Rand),EP10-AFSAA-CSV-CDA,NEUMATICA_DOBLE_MEMBRANA,PREMIUM,0.399,7.98,84.6,34468.86,True,"EVO PUMP 1"" AL ATEX/IECex Motor 2.2Kw",0.0,Sin motor electrico (neumatica),0.2,,,
ARO-EP10-CFSAA-CSV-CDA,ARO (Ingersoll Rand),EP10-CFSAA-CSV-CDA,NEUMATICA_DOBLE_MEMBRANA,PREMIUM,0.399,7.98,84.6,34468.86,True,"EVO PUMP 1"" CI ATEX/IECex Motor 2.2Kw",0.0,Sin motor electrico (neumatica),0.2,Fundición,,
ARO-EP10-AFHAA-CSV-CDA,ARO (Ingersoll Rand),EP10-AFHAA-CSV-CDA,NEUMATICA_DOBLE_MEMBRANA,PREMIUM,0.399,7.98,84.6,34604.52,True,"EVO PUMP 1"" AL ATEX/IECex Motor 2.2Kw",0.0,Sin motor electrico (neumatica),0.2,,,
ARO-EP10-CFHAA-CSV-CDA,ARO (Ingersoll Rand),EP10-CFHAA-CSV-CDA,NEUMATICA_DOBLE_MEMBRANA,PREMIUM,0.399,7.98,84.6,34604.52,True,"EVO PUMP 1"" CI ATEX/IECex Motor 2.2Kw",0.0,Sin motor electrico (neumatica),0.2,Fundición,,
ARO-EP10-AFFTT-CSV-CDA,ARO (Ingersoll Rand),EP10-AFFTT-CSV-CDA,NEUMATICA_DOBLE_MEMBRANA,PREMIUM,0.399,7.98,84.6,34964.58,True,"EVO PUMP 1"" AL ATEX/IECex Motor 2.2Kw",0.0,Sin motor electrico (neumatica),0.2,,,
ARO-EP10-CFFTT-CSV-CDA,ARO (Ingersoll Rand),EP10-CFFTT-CSV-CDA,NEUMATICA_DOBLE_MEMBRANA,PREMIUM,0.399,7.98,84.6,34964.58,True,"EVO PUMP 1"" CI ATEX/IECex Motor 2.2Kw",0.0,Sin motor electrico (neumatica),0.2,Fundición,,
ARO-EP20-SFHAA-CSV-ACA,ARO (Ingersoll Rand),EP20-SFHAA-CSV-ACA,NEUMATICA_DOBLE_MEMBRANA,PREMIUM,1.953,39.06,84.6,35170.62,False,"2"" EVO PUMP ASSY (METALLIC)",0.0,Sin motor electrico (neumatica),0.2,,,
ARO-EP10-AFSTT-CSV-CDA,ARO (Ingersoll Rand),EP10-AFSTT-CSV-CDA,NEUMATICA_DOBLE_MEMBRANA,PREMIUM,0.399,7.98,84.6,35186.94,True,"EVO PUMP 1"" AL ATEX/IECex Motor 2.2Kw",0.0,Sin motor electrico (neumatica),0.2,,,
ARO-EP10-CFSTT-CSV-CDA,ARO (Ingersoll Rand),EP10-CFSTT-CSV-CDA,NEUMATICA_DOBLE_MEMBRANA,PREMIUM,0.399,7.98,84.6,35186.94,True,"EVO PUMP 1"" CI ATEX/IECex Motor 2.2Kw",0.0,Sin motor electrico (neumatica),0.2,Fundición,,
ARO-EP20-SFSSA-CSV-ACA,ARO (Ingersoll Rand),EP20-SFSSA-CSV-ACA,NEUMATICA_DOBLE_MEMBRANA,PREMIUM,1.953,39.06,84.6,35199.18,False,"2"" EVO PUMP ASSY (METALLIC)",0.0,Sin motor electrico (neumatica),0.2,,,
ARO-PD20S-AHS-LTT-B,ARO (Ingersoll Rand),PD20S-AHS-LTT-B,NEUMATICA_DOBLE_MEMBRANA,PREMIUM,1.953,39.06,84.6,35304.24,False,"2"" DIAPHRAGM PUMP ASM (RESTRICTED)",0.0,Sin motor electrico (neumatica),0.2,,,
ARO-EP20-SFHSA-CSV-ACA,ARO (Ingersoll Rand),EP20-SFHSA-CSV-ACA,NEUMATICA_DOBLE_MEMBRANA,PREMIUM,1.953,39.06,84.6,35319.54,False,"2"" EVO PUMP ASSY (METALLIC)",0.0,Sin motor electrico (neumatica),0.2,,,
ARO-EP10-CFHST-CSV-CDA,ARO (Ingersoll Rand),EP10-CFHST-CSV-CDA,NEUMATICA_DOBLE_MEMBRANA,PREMIUM,0.399,7.98,84.6,35517.42,True,"EVO PUMP 1"" CI ATEX/IECex Motor 2.2Kw",0.0,Sin motor electrico (neumatica),0.2,Fundición,,
ARO-EP20-SFSTT-CSV-ACA,ARO (Ingersoll Rand),EP20-SFSTT-CSV-ACA,NEUMATICA_DOBLE_MEMBRANA,PREMIUM,1.953,39.06,84.6,36020.28,False,"2"" EVO PUMP ASSY (METALLIC)",0.0,Sin motor electrico (neumatica),0.2,,,
ARO-EP20-SFHTT-CSV-ACA,ARO (Ingersoll Rand),EP20-SFHTT-CSV-ACA,NEUMATICA_DOBLE_MEMBRANA,PREMIUM,1.953,39.06,84.6,36143.7,False,"2"" EVO PUMP ASSY (METALLIC)",0.0,Sin motor electrico (neumatica),0.2,,,
ARO-EP20-SFSST-CSV-ACA,ARO (Ingersoll Rand),EP20-SFSST-CSV-ACA,NEUMATICA_DOBLE_MEMBRANA,PREMIUM,1.953,39.06,84.6,36324.24,False,"2"" EVO PUMP ASSY (METALLIC)",0.0,Sin motor electrico (neumatica),0.2,,,
ARO-EP10-SFHAA-CSV-CDA,ARO (Ingersoll Rand),EP10-SFHAA-CSV-CDA,NEUMATICA_DOBLE_MEMBRANA,PREMIUM,0.399,7.98,84.6,36430.32,True,"EVO PUMP 1"" SST ATEX/IECex Motor 2.2Kw",0.0,Sin motor electrico (neumatica),0.2,,,
ARO-EP20-SFHST-CSV-ACA,ARO (Ingersoll Rand),EP20-SFHST-CSV-ACA,NEUMATICA_DOBLE_MEMBRANA,PREMIUM,1.953,39.06,84.6,36446.64,False,"2"" EVO PUMP ASSY (METALLIC)",0.0,Sin motor electrico (neumatica),0.2,,,
ARO-EP10-SFSSA-CSV-CDA,ARO (Ingersoll Rand),EP10-SFSSA-CSV-CDA,NEUMATICA_DOBLE_MEMBRANA,PREMIUM,0.399,7.98,84.6,36692.46,True,"EVO PUMP 1"" SST ATEX/IECex Motor 2.2Kw",0.0,Sin motor electrico (neumatica),0.2,,,
ARO-EP10-SFHSA-CSV-CDA,ARO (Ingersoll Rand),EP10-SFHSA-CSV-CDA,NEUMATICA_DOBLE_MEMBRANA,PREMIUM,0.399,7.98,84.6,36830.16,True,"EVO PUMP 1"" SST ATEX/IECex Motor 2.2Kw",0.0,Sin motor electrico (neumatica),0.2,,,
ARO-EP10-SFSTT-CSV-BDA,ARO (Ingersoll Rand),EP10-SFSTT-CSV-BDA,NEUMATICA_DOBLE_MEMBRANA,PREMIUM,0.399,7.98,84.6,37012.74,False,"1"" EVO PUMP ASSY (METALLIC)",0.0,Sin motor electrico (neumatica),0.2,,,
ARO-EP10-SFSTT-CSV-CDA,ARO (Ingersoll Rand),EP10-SFSTT-CSV-CDA,NEUMATICA_DOBLE_MEMBRANA,PREMIUM,0.399,7.98,84.6,37012.74,False,"1"" EVO PUMP ASSY (METALLIC)",0.0,Sin motor electrico (neumatica),0.2,,,
ARO-EP10-SFHTT-CSV-CDA,ARO (Ingersoll Rand),EP10-SFHTT-CSV-CDA,NEUMATICA_DOBLE_MEMBRANA,PREMIUM,0.399,7.98,84.6,37148.4,True,"EVO PUMP 1"" SST ATEX/IECex Motor 2.2Kw",0.0,Sin motor electrico (neumatica),0.2,,,
ARO-EP10-SFSST-CSV-CDA,ARO (Ingersoll Rand),EP10-SFSST-CSV-CDA,NEUMATICA_DOBLE_MEMBRANA,PREMIUM,0.399,7.98,84.6,37206.54,True,"EVO PUMP 1"" SST ATEX/IECex Motor 2.2Kw",0.0,Sin motor electrico (neumatica),0.2,,,
ARO-EP10-SFHST-CSV-CDA,ARO (Ingersoll Rand),EP10-SFHST-CSV-CDA,NEUMATICA_DOBLE_MEMBRANA,PREMIUM,0.399,7.98,84.6,37343.22,True,"EVO PUMP 1"" SST ATEX/IECex Motor 2.2Kw",0.0,Sin motor electrico (neumatica),0.2,,,
ARO-EP20-AFAAA-CSV-CDA,ARO (Ingersoll Rand),EP20-AFAAA-CSV-CDA,NEUMATICA_DOBLE_MEMBRANA,PREMIUM,1.953,39.06,84.6,40925.46,True,"EVO PUMP 2"" AL ATEX/IECex Motor 5.5Kw",0.0,Sin motor electrico (neumatica),0.2,,,
ARO-EP20-CFAAA-CSV-CDA,ARO (Ingersoll Rand),EP20-CFAAA-CSV-CDA,NEUMATICA_DOBLE_MEMBRANA,PREMIUM,1.953,39.06,84.6,40925.46,True,"EVO PUMP 2"" CI ATEX/IECex Motor 5.5Kw",0.0,Sin motor electrico (neumatica),0.2,Fundición,,
ARO-EP20-AFFAA-CSV-CDA,ARO (Ingersoll Rand),EP20-AFFAA-CSV-CDA,NEUMATICA_DOBLE_MEMBRANA,PREMIUM,1.953,39.06,84.6,41045.82,True,"EVO PUMP 2"" AL ATEX/IECex Motor 5.5Kw",0.0,Sin motor electrico (neumatica),0.2,,,
ARO-EP20-AFSAA-CSV-CDA,ARO (Ingersoll Rand),EP20-AFSAA-CSV-CDA,NEUMATICA_DOBLE_MEMBRANA,PREMIUM,1.953,39.06,84.6,41459.94,True,"EVO PUMP 2"" AL ATEX/IECex Motor 5.5Kw",0.0,Sin motor electrico (neumatica),0.2,,,
ARO-EP20-CFSAA-CSV-CDA,ARO (Ingersoll Rand),EP20-CFSAA-CSV-CDA,NEUMATICA_DOBLE_MEMBRANA,PREMIUM,1.953,39.06,84.6,41459.94,True,"EVO PUMP 2"" CI ATEX/IECex Motor 5.5Kw",0.0,Sin motor electrico (neumatica),0.2,Fundición,,
ARO-EP20-AFHAA-CSV-CDA,ARO (Ingersoll Rand),EP20-AFHAA-CSV-CDA,NEUMATICA_DOBLE_MEMBRANA,PREMIUM,1.953,39.06,84.6,41580.3,True,"EVO PUMP 2"" AL ATEX/IECex Motor 5.5Kw",0.0,Sin motor electrico (neumatica),0.2,,,
ARO-EP20-CFHAA-CSV-CDA,ARO (Ingersoll Rand),EP20-CFHAA-CSV-CDA,NEUMATICA_DOBLE_MEMBRANA,PREMIUM,1.953,39.06,84.6,41580.3,True,"EVO PUMP 2"" CI ATEX/IECex Motor 5.5Kw",0.0,Sin motor electrico (neumatica),0.2,Fundición,,
ARO-EP20-AFFTT-CSV-CDA,ARO (Ingersoll Rand),EP20-AFFTT-CSV-CDA,NEUMATICA_DOBLE_MEMBRANA,PREMIUM,1.953,39.06,84.6,42019.92,True,"EVO PUMP 2"" AL ATEX/IECex Motor 5.5Kw",0.0,Sin motor electrico (neumatica),0.2,,,
ARO-EP20-CFFTT-CSV-CDA,ARO (Ingersoll Rand),EP20-CFFTT-CSV-CDA,NEUMATICA_DOBLE_MEMBRANA,PREMIUM,1.953,39.06,84.6,42019.92,True,"EVO PUMP 2"" CI ATEX/IECex Motor 5.5Kw",0.0,Sin motor electrico (neumatica),0.2,Fundición,,
ARO-EP20-AFSTT-CSV-CDA,ARO (Ingersoll Rand),EP20-AFSTT-CSV-CDA,NEUMATICA_DOBLE_MEMBRANA,PREMIUM,1.953,39.06,84.6,42433.02,True,"EVO PUMP 2"" AL ATEX/IECex Motor 5.5Kw",0.0,Sin motor electrico (neumatica),0.2,,,
ARO-EP20-CFSTT-CSV-CDA,ARO (Ingersoll Rand),EP20-CFSTT-CSV-CDA,NEUMATICA_DOBLE_MEMBRANA,PREMIUM,1.953,39.06,84.6,42433.02,True,"EVO PUMP 2"" CI ATEX/IECex Motor 5.5Kw",0.0,Sin motor electrico (neumatica),0.2,Fundición,,
ARO-EP20-CFHST-CSV-CDA,ARO (Ingersoll Rand),EP20-CFHST-CSV-CDA,NEUMATICA_DOBLE_MEMBRANA,PREMIUM,1.953,39.06,84.6,42856.32,True,"EVO PUMP 2"" CI ATEX/IECex Motor 5.5Kw",0.0,Sin motor electrico (neumatica),0.2,Fundición,,
ARO-PD20S-BHS-LTT-B,ARO (Ingersoll Rand),PD20S-BHS-LTT-B,NEUMATICA_DOBLE_MEMBRANA,PREMIUM,1.953,39.06,84.6,44424.06,False,"2"" DIAPHRAGM PUMP ASM (RESTRICTED)",0.0,Sin motor electrico (neumatica),0.2,,,
ARO-EP20-SFHAA-CSV-CDA,ARO (Ingersoll Rand),EP20-SFHAA-CSV-CDA,NEUMATICA_DOBLE_MEMBRANA,PREMIUM,0.399,7.98,84.6,45834.72,True,"EVO PUMP 1"" SST ATEX/IECex Motor 2.2Kw",0.0,Sin motor electrico (neumatica),0.2,,,
ARO-EP20-SFSTT-CSV-BDA,ARO (Ingersoll Rand),EP20-SFSTT-CSV-BDA,NEUMATICA_DOBLE_MEMBRANA,PREMIUM,1.953,39.06,84.6,46684.38,False,"2"" EVO PUMP ASSY (METALLIC)",0.0,Sin motor electrico (neumatica),0.2,,,
ARO-EP20-SFSTT-CSV-CDA,ARO (Ingersoll Rand),EP20-SFSTT-CSV-CDA,NEUMATICA_DOBLE_MEMBRANA,PREMIUM,1.953,39.06,84.6,46684.38,False,"2"" EVO PUMP ASSY (METALLIC)",0.0,Sin motor electrico (neumatica),0.2,,,
ARO-EP20-SFHTT-CSV-CDA,ARO (Ingersoll Rand),EP20-SFHTT-CSV-CDA,NEUMATICA_DOBLE_MEMBRANA,PREMIUM,0.399,7.98,84.6,46807.8,True,"EVO PUMP 1"" SST ATEX/IECex Motor 2.2Kw",0.0,Sin motor electrico (neumatica),0.2,,,
ARO-EP20-SFSST-CSV-CDA,ARO (Ingersoll Rand),EP20-SFSST-CSV-CDA,NEUMATICA_DOBLE_MEMBRANA,PREMIUM,0.399,7.98,84.6,46988.34,True,"EVO PUMP 1"" SST ATEX/IECex Motor 2.2Kw",0.0,Sin motor electrico (neumatica),0.2,,,
ARO-EP20-SFHST-CSV-CDA,ARO (Ingersoll Rand),EP20-SFHST-CSV-CDA,NEUMATICA_DOBLE_MEMBRANA,PREMIUM,0.399,7.98,84.6,47110.74,True,"EVO PUMP 1"" SST ATEX/IECex Motor 2.2Kw",0.0,Sin motor electrico (neumatica),0.2,,,
ARO-PD30S-FHS-LTT-C,ARO (Ingersoll Rand),PD30S-FHS-LTT-C,NEUMATICA_DOBLE_MEMBRANA,PREMIUM,2.691,53.82,84.6,69004.02,False,"3"" DIAPHRAGM PUMP ASM (RESTRICTED) ECCN 2B350I",0.0,Sin motor electrico (neumatica),0.2,,,
ARO-PD30S-BHS-LTT-C,ARO (Ingersoll Rand),PD30S-BHS-LTT-C,NEUMATICA_DOBLE_MEMBRANA,PREMIUM,2.691,53.82,84.6,69424.26,False,"3"" DIAPHRAGM PUMP ASM (RESTRICTED) ECCN 2B350I",0.0,Sin motor electrico (neumatica),0.2,,,
CUCCHI-FTG010WECDNE002,Pompe Cucchi,FTG010WECDNE002,ENGRANAJES,BARATA,0.09,0.6,50.9,816.0,False,"BOMBA ENG-FTG010-HIERRO FUNDIDO-0,25KW-4POLS",0.25,Trifasico 400V,0.333,Fundición,,
CUCCHI-FMG005WECDNE001,Pompe Cucchi,FMG005WECDNE001,ENGRANAJES,BARATA,0.045,0.3,101.9,862.0,False,BOMBA ENGRANAJES,,Trifasico 400V,0.85,,,
CUCCHI-FMG005B0CDNE002,Pompe Cucchi,FMG005B0CDNE002,ENGRANAJES,BARATA,0.045,0.3,101.9,885.0,False,BOMBA ENGRANAJES 0.25KW 4POL 400/3/50 IP54 B3/14,0.25,Trifasico 400V,0.333,,,
CUCCHI-FMG010W0CDNE013,Pompe Cucchi,FMG010W0CDNE013,ENGRANAJES,BARATA,0.09,0.6,101.9,1048.0,False,BOMBA ENGRANAJES 0.37KW 4 POLS 440/3/60,0.37,Trifasico 400V,0.45,,,
CUCCHI-FMG010W0CDNE002,Pompe Cucchi,FMG010W0CDNE002,ENGRANAJES,BARATA,0.09,0.6,101.9,1112.0,False,BOMBA ENGRANAJES 0.37KW 4 POL 400/3/50 IP54 B3/B14,0.37,Trifasico 400V,0.45,,,
CUCCHI-FMG015BECDNE001,Pompe Cucchi,FMG015BECDNE001,ENGRANAJES,BARATA,0.15,1.0,101.9,1188.0,False,"BOMBA ENG.0.55KW,4POL,400/3/50 C/ BYPASS",0.55,Trifasico 400V,0.505,,,
CUCCHI-FMG025WECDNE001,Pompe Cucchi,FMG025WECDNE001,ENGRANAJES,BARATA,0.225,1.5,101.9,1188.0,False,"BOMBA ENG CON MOTOR 0,75KW",0.75,Trifasico 400V,0.556,,,
CUCCHI-FMG025W0CDNE002,Pompe Cucchi,FMG025W0CDNE002,ENGRANAJES,BARATA,0.225,1.5,101.9,1228.0,False,"BOMBA CON MOTOR 0,75 KW 4",0.75,Trifasico 400V,0.556,,,
CUCCHI-FMG040W0CDME000,Pompe Cucchi,FMG040W0CDME000,ENGRANAJES,BARATA,0.375,2.5,101.9,1336.0,False,GEAR PUMP-1.1KW-CON CAMISA CALEFACTADA,1.1,Trifasico 400V,0.631,,,
CUCCHI-F0G010W0CDNB029,Pompe Cucchi,F0G010W0CDNB029,ENGRANAJES,BARATA,0.09,0.6,101.9,1340.0,False,BOMBA ENGRANAJES 0.55KW 6 POL 400/3/50 IP55B3/B14,0.55,Trifasico 400V,0.303,,,
CUCCHI-F0G040WECDNC025NR,Pompe Cucchi,F0G040WECDNC025NR,ENGRANAJES,BARATA,0.375,2.5,101.9,1532.0,False,"BOMBA ENGRAN.CON BY-PASS 1.5 KW TF. IP 55 1 "" BSP",1.5,Trifasico 400V,0.463,,,
CUCCHI-F0G005Y0CDMB008,Pompe Cucchi,F0G005Y0CDMB008,ENGRANAJES,BARATA,0.045,0.3,101.9,1740.0,False,BOMBA DE ENGRANAJES-0.18KW-8POLOS- HIERRO FUNDIDO,0.18,Trifasico 400V,0.463,Fundición,,
CUCCHI-F0G010UXCDNB001,Pompe Cucchi,F0G010UXCDNB001,ENGRANAJES,BARATA,0.09,0.6,101.9,2360.0,False,BOMBA DE ENGRANAJES MODELO F0G010- 0.75KW-230/1/50,0.75,Trifasico 400V,0.222,,,
CUCCHI-FMG050BECDNE006,Pompe Cucchi,FMG050BECDNE006,ENGRANAJES,BARATA,0.45,3.0,101.9,2377.2,False,BOMBA ENGRANAJE 1.5 KW 4 POL400/3/50 IP54 B3/14,1.5,Trifasico 400V,0.556,,,
CUCCHI-WLX004WXPF0A000,Pompe Cucchi,WLX004WXPF0A000,ENGRANAJES,BARATA,0.094,0.626,100.0,2712.0,False,BOMBA  ENGRAN.-0.37KW-4POLS-400/3/50-IP55+BYPASS,0.37,Trifasico 400V,0.47,,,
CUCCHI-S0G050K0CXSL000,Pompe Cucchi,S0G050K0CXSL000,ENGRANAJES,BARATA,0.45,3.0,152.8,2720.0,False,"BOMBA DE ENGRANAJES-1,5KW-3PH- CON  VENT.FORZADA",1.5,Trifasico 400V,0.833,,,
CUCCHI-SG25_CCP,Pompe Cucchi,SG25/CCP,ENGRANAJES,BARATA,0.225,1.5,152.8,2730.0,False,GEAR PUMP SG25/CCP-C/MOTOR 0.37KW-8POLS-3PH,0.37,Trifasico 400V,0.85,,,
CUCCHI-B0G070W0CDNR000,Pompe Cucchi,B0G070W0CDNR000,ENGRANAJES,CALIDAD_PRECIO,0.63,4.2,99.9,2780.0,False,"BOMBA ENG.4 KW,4 POL. 400/3/50 IP55 B3 70L/M",4.0,Trifasico 400V,0.286,,,
CUCCHI-SKX025L070FS000,Pompe Cucchi,SKX025L070FS000,ENGRANAJES,CALIDAD_PRECIO,0.135,0.9,152.8,3240.0,False,"BOMBA SKX25C 900 L/H 5 BAR INOX316 3/4"" BSP",,Trifasico 400V,0.85,,,
CUCCHI-SKX25_C,Pompe Cucchi,SKX25/C,ENGRANAJES,CALIDAD_PRECIO,0.225,1.5,152.8,3240.0,False,"GEAR PUMP 0,55 KW - 6 POLS - 5 BAR",0.55,Trifasico 400V,0.85,,,
CUCCHI-F0G015W0CDNB020,Pompe Cucchi,F0G015W0CDNB020,ENGRANAJES,CALIDAD_PRECIO,0.15,1.0,101.9,3500.0,False,GEAR PUMP F0G015W0CDNB020-075KW-4,0.75,Trifasico 400V,0.37,,,
CUCCHI-F0G015WECDNB023,Pompe Cucchi,F0G015WECDNB023,ENGRANAJES,CALIDAD_PRECIO,0.15,1.0,101.9,3870.0,False,"BOMBA ENG.0,55 KW 4 POL.400/3/50 EXDIIBT4 IP55+BP.",0.55,Trifasico 400V,0.505,,,
CUCCHI-SKX00521X70F000,Pompe Cucchi,SKX00521X70F000,ENGRANAJES,CALIDAD_PRECIO,0.045,0.3,152.8,3880.0,False,BOMBA ENGR. -AISI316L-0.37KW- 6POLS-C/BYPASS INC.,0.37,Trifasico 400V,0.338,Acero inoxidable 316,,
CUCCHI-SKX010J0AFSL003,Pompe Cucchi,SKX010J0AFSL003,ENGRANAJES,CALIDAD_PRECIO,0.09,0.6,152.8,4028.0,False,GEAR PUMP-AISI316L-0.37KW-8POLS-400/3/50,0.37,Trifasico 400V,0.676,Acero inoxidable 316,,
CUCCHI-NAX3_5-0_37_KW,Pompe Cucchi,"NAX3,5-0,37 KW",ENGRANAJES,CALIDAD_PRECIO,0.018,0.12,152.8,7120.0,False,"BOMBA ENG.0,37 KW 8 POL 400/3/50 IP55 B35",0.37,Trifasico 400V,0.135,,,
CUCCHI-SKX025YXPFSL001,Pompe Cucchi,SKX025YXPFSL001,ENGRANAJES,CALIDAD_PRECIO,0.225,1.5,152.8,7300.8,False,BOMBA ENGRANAJES 0.75 KW 6 POL 400/3/50 IP55,0.75,Trifasico 400V,0.833,,,
CUCCHI-B0G100WECDNB007,Pompe Cucchi,B0G100WECDNB007,ENGRANAJES,CALIDAD_PRECIO,1.026,6.84,99.9,7320.0,False,BOMBA ENGRANAJES 3 KW 8 POLOS,3.0,Trifasico 400V,0.621,,,
CUCCHI-SKX070X0AFS9005,Pompe Cucchi,SKX070X0AFS9005,ENGRANAJES,CALIDAD_PRECIO,0.63,4.2,152.8,7520.0,False,"GEAR PUMP-AISI316L MOTOR 1,5KW-8POLS",1.5,Trifasico 400V,0.85,Acero inoxidable 316,,
CUCCHI-SKX150WXKFSW000,Pompe Cucchi,SKX150WXKFSW000,ENGRANAJES,CALIDAD_PRECIO,1.35,9.0,152.8,9880.0,False,GEAR PUMP SKX150WXKFSW000-MOTOR 3KW-6POLS+BYPASS,3.0,Trifasico 400V,0.85,,,
CUCCHI-S0G150XXCDSW004,Pompe Cucchi,S0G150XXCDSW004,ENGRANAJES,CALIDAD_PRECIO,1.35,9.0,152.8,9920.0,True,BOMBA ENGRANAJES-3KW-6POLS-ATEX- BYPASS,3.0,Trifasico 400V,0.85,,,
CUCCHI-NDX100X0HA0M002,Pompe Cucchi,NDX100X0HA0M002,ENGRANAJES,CALIDAD_PRECIO,0.6,4.0,152.8,11200.0,False,GEAR PUMP-AISI316L-3KW-400/3/50-4POLS,3.0,Trifasico 400V,0.556,Acero inoxidable 316,,
CUCCHI-NEX200XXKF0T009,Pompe Cucchi,NEX200XXKF0T009,ENGRANAJES,PREMIUM,1.2,8.0,152.8,11570.0,True,"BOMBA DOS. ENG. 5,5KW 4P ATEX +BYPASS VALVE+DRAIN",5.5,Trifasico 400V,0.606,,,
CUCCHI-SKX150XX70FS001,Pompe Cucchi,SKX150XX70FS001,ENGRANAJES,PREMIUM,1.35,9.0,152.8,11900.0,False,BOMBA SKX150/TMV 3 KW-C/BYPASS INC.,3.0,Trifasico 400V,0.85,,,
CUCCHI-B0G300LECDND000,Pompe Cucchi,B0G300LECDND000,ENGRANAJES,PREMIUM,2.88,19.2,99.9,11960.0,True,BOMBA ENG. 4KW- 8 POLOS- ATEX - C/BYPASS,4.0,Trifasico 400V,0.85,,,
CUCCHI-NEX200XXKF0T006,Pompe Cucchi,NEX200XXKF0T006,ENGRANAJES,PREMIUM,1.2,8.0,152.8,12714.0,True,"BOMBA DOS. ENG. 7,5KW 4P ATEX +BYPASS VALVE +DRAIN",7.5,Trifasico 400V,0.444,,,
CUCCHI-SKX400XXHFSU002,Pompe Cucchi,SKX400XXHFSU002,ENGRANAJES,PREMIUM,3.6,24.0,152.8,13509.0,False,"GEAR PUMP W/7,5MOTOR+BYPASS VALVE",,Trifasico 400V,0.85,,,
CUCCHI-SKX070XXKFSL008,Pompe Cucchi,SKX070XXKFSL008,ENGRANAJES,PREMIUM,0.63,4.2,152.8,13870.0,True,"BOMBA DOS. ENG. 1,1 KW 6P ATEX+BYPASS VALVE +DRAIN",1.1,Trifasico 400V,0.85,,,
CUCCHI-NBX024K0HF0R000,Pompe Cucchi,NBX024K0HF0R000,ENGRANAJES,PREMIUM,0.135,0.9,152.8,14238.0,False,BOMBA ENGRAN. VELOC.VARIABLE 21.K2/000/A4.0-075KW,0.75,Trifasico 400V,0.5,,,
CUCCHI-B0GM20W0CDN000,Pompe Cucchi,B0GM20W0CDN000,ENGRANAJES,PREMIUM,2.79,18.6,100.0,14468.0,True,BOMBA ENGRANAJES- 11KW-6P- ATEX,11.0,Trifasico 400V,0.47,,,
CUCCHI-S0GM00W0CDSU002,Pompe Cucchi,S0GM00W0CDSU002,ENGRANAJES,PREMIUM,9.0,60.0,152.8,14880.0,True,"BOMBA DE ENGRANAJES-11KW-6P- ATEX- ANSI 4""",11.0,Trifasico 400V,0.85,,,
CUCCHI-NDX068XXKF0N002,Pompe Cucchi,NDX068XXKF0N002,ENGRANAJES,PREMIUM,0.375,2.5,152.8,15115.0,False,"BOMBA DOS. ENG. 2,2 KW 6P +BAYPASS VALVEL + DRAIN",2.2,Trifasico 400V,0.473,,,
CUCCHI-NDX100XXKF0M001,Pompe Cucchi,NDX100XXKF0M001,ENGRANAJES,PREMIUM,0.6,4.0,152.8,15115.0,True,"BOMBA DOS. ENG 2,2 KW 4P ATEX +BAYPASS VALVE+DRAIN",2.2,Trifasico 400V,0.758,,,
CUCCHI-NDX100XXKF0N001,Pompe Cucchi,NDX100XXKF0N001,ENGRANAJES,PREMIUM,0.6,4.0,152.8,15115.0,True,"BOMBA DOS. ENG. 2,2 KW 6P ATEX +BYPASS VALVE+DRAIN",2.2,Trifasico 400V,0.758,,,
CUCCHI-SKX800XXHFSV001,Pompe Cucchi,SKX800XXHFSV001,ENGRANAJES,PREMIUM,7.2,48.0,152.8,18240.0,False,GEAR PUMP C/ MOTOR 11 KW -8 POLS-,11.0,Trifasico 400V,0.85,,,
CUCCHI-NDX068X0KF0M005,Pompe Cucchi,NDX068X0KF0M005,ENGRANAJES,PREMIUM,0.375,2.5,152.8,18500.0,False,BOMBA DOSIF.ENG.4 KW 4 POL.400/3/50 EXDIIBT4 IP55,4.0,Trifasico 400V,0.26,,,
CUCCHI-NDX068X0KF0M006,Pompe Cucchi,NDX068X0KF0M006,ENGRANAJES,PREMIUM,0.375,2.5,152.8,18500.0,True,BOMBA ENGRANAJES CERTI.ATEX.,,Trifasico 400V,0.85,,,
CUCCHI-NCX041X0KF0M006,Pompe Cucchi,NCX041X0KF0M006,ENGRANAJES,PREMIUM,0.195,1.3,152.8,18538.0,False,"BOMBA DOSIF.ENG.2,2 KW 4 POL 400/3/50 EXDIIBT IP55",2.2,Trifasico 400V,0.246,,,
CUCCHI-SKX800XXHFSV000,Pompe Cucchi,SKX800XXHFSV000,ENGRANAJES,PREMIUM,7.2,48.0,152.8,20179.9,True,GEAR PUMP C/MOTOR 11KW-8POLS-ATEX,11.0,Trifasico 400V,0.85,,,
CUCCHI-NFSM60WECU0Z000,Pompe Cucchi,NFSM60WECU0Z000,ENGRANAJES,PREMIUM,5.58,37.2,100.0,25340.0,False,BOMBA TIPO FMS-C/BYPASS-MOTOR SIEMENS 22KW,22.0,Trifasico 400V,0.47,,,
SYDEX-FMC-15_4_CAJ6_M,Sydex,FMC-15/4 CAJ6 M,TORNILLO_HELICOIDAL,BARATA,0.231,1.54,40.8,525.0,False,"BOMBA TORN.HEL.CON MOTOR 3B 0,55K",,Trifasico 400V,0.65,,,
SYDEX-FMC-03_6_CAJ6__3B_,Sydex,FMC-03/6 CAJ6 (3B),TORNILLO_HELICOIDAL,BARATA,0.054,0.36,40.8,563.0,False,"BOMBA 1"", NBR,ROTOR SS316L,CER-GRA-NBR, EJE SS316",,Trifasico 400V,0.65,Acero inoxidable 316,Nitrilo (NBR/Buna-N),
SYDEX-FMC15_4_CAJ6_0_37KW,Sydex,FMC15/4 CAJ6+0.37KW,TORNILLO_HELICOIDAL,BARATA,0.231,1.54,40.8,620.0,False,BOMBA FMC15/4CAJ 6 (3B)+ MOTOR 0.37KW,0.37,Trifasico 400V,0.462,,,
SYDEX-FMC07_4CAJ6_3B_-0_55,Sydex,FMC07/4CAJ6(3B)-0.55,TORNILLO_HELICOIDAL,BARATA,0.111,0.74,40.8,660.0,False,BOMBA CON MOTOR 0.55KW-SIN VARIADOR,0.55,Trifasico 400V,0.149,,,
SYDEX-FMC15_4CAJ6_3B_0_55K,Sydex,"FMC15/4CAJ6(3B)0,55K",TORNILLO_HELICOIDAL,BARATA,0.231,1.54,40.8,660.0,False,"BOMBA SYDEX A VEL. FIJA MOTOR 0,55KW",0.55,Trifasico 400V,0.311,,,
SYDEX-FMS25_4CAJ6-075KW,Sydex,FMS25/4CAJ6-075KW,TORNILLO_HELICOIDAL,BARATA,0.381,2.54,40.8,850.0,False,BOMBA FMS25/4 CAJ6(4D)-0.75KW,0.75,Trifasico 400V,0.376,,,
SYDEX-FMS60_4_J2J_8__4F_,Sydex,FMS60/4 J2J 8 (4F),TORNILLO_HELICOIDAL,BARATA,0.906,6.04,40.8,850.0,False,BOMBA SYDEX-STATOR NBR; CIERRE MEC:CER-GRA-NITRILE,,Trifasico 400V,0.65,,Nitrilo (NBR/Buna-N),
SYDEX-BK0351LG5460L1BAE_G,Sydex,BK0351LG5460L1BAE/G,TORNILLO_HELICOIDAL,BARATA,1.5,10.0,61.1,875.6,False,BOMBA BK035-1LG5-460-L1BA-E/G-0.75KW,0.75,Trifasico 400V,0.65,,,
SYDEX-FMS50_4_CAJ_4F_,Sydex,FMS50/4 CAJ(4F),TORNILLO_HELICOIDAL,BARATA,0.756,5.04,40.8,1040.0,False,BOMBA SYDEX MOD. FMS 50/4 CAJ 6,,Trifasico 400V,0.65,,,
SYDEX-FMS_60_4_CAJ6__4F_,Sydex,FMS 60/4 CAJ6 (4F),TORNILLO_HELICOIDAL,BARATA,0.906,6.04,40.8,1060.0,False,BOMBA FMS 60/4 CAJ6,,Trifasico 400V,0.65,,,
SYDEX-BK0201LG5220L1BA-E_G,Sydex,BK0201LG5220L1BA-E/G,TORNILLO_HELICOIDAL,BARATA,0.45,3.0,61.1,1147.0,False,BOMBA SYDEX BK020,,Trifasico 400V,0.65,,,
SYDEX-FMC_03_6_CAJ6_VAR,Sydex,FMC 03/6 CAJ6+VAR,TORNILLO_HELICOIDAL,BARATA,0.054,0.36,40.8,1187.0,False,"BOMBA SYDEX MOD. FMC03/6 CAJ6- 0,37KW-CON VARIADOR",0.37,Trifasico 400V,0.108,,,
SYDEX-BK0151LG5220L1AA-E_G,Sydex,BK0151LG5220L1AA-E/G,TORNILLO_HELICOIDAL,BARATA,0.06,0.4,61.1,1202.05,False,BOMBA BK015-1L- 400L/H-0.75KW (VELOCIDAD FIJA),0.75,Trifasico 400V,0.089,,,
SYDEX-FMS_60_4_CAK6,Sydex,FMS 60/4 CAK6,TORNILLO_HELICOIDAL,BARATA,0.906,6.04,40.8,1208.9,False,"BOMBA SYDEX 2"" 1400 RPM 2/4 BAR 1.5KW NBR",1.5,Trifasico 400V,0.447,,Nitrilo (NBR/Buna-N),
SYDEX-BK0201LA6220L1AAE_G,Sydex,BK0201LA6220L1AAE/G,TORNILLO_HELICOIDAL,BARATA,0.45,3.0,61.1,1224.0,False,BOMBA BK020-1L-A6-220- 0.75KW-VARMEC RCV241,0.75,Trifasico 400V,0.667,,,
SYDEX-BK0391LG5460L1BA-E_D,Sydex,BK0391LG5460L1BA-E/D,TORNILLO_HELICOIDAL,BARATA,2.4,16.0,61.1,1272.7,False,BOMBA BK039-1L-460-L1BA-E/D-2.2KW,2.2,Trifasico 400V,0.65,,,
SYDEX-FMC-07_4_CAJ6__3B_,Sydex,FMC-07/4 CAJ6 (3B),TORNILLO_HELICOIDAL,BARATA,0.111,0.74,40.8,1280.4,False,FREE MOULDED PUMP 0.37KW 4P B5,0.37,Trifasico 400V,0.222,,,
SYDEX-FMC07_4_CAJ6-0_37KW,Sydex,FMC07/4 CAJ6-0.37KW,TORNILLO_HELICOIDAL,BARATA,0.111,0.74,40.8,1305.7,False,BOMBA SYDEX FMC 07/4 CAJ 6- 0.37KW-C/VARIADOR,0.37,Trifasico 400V,0.222,,,
SYDEX-BK0202SG5220L1A-0_75,Sydex,BK0202SG5220L1A-0.75,TORNILLO_HELICOIDAL,BARATA,0.45,3.0,61.1,1364.0,False,BOMBA SYDEX BK020-2S-G5-220-L1AA-E/G-MOTOR 0.75KW,0.75,Trifasico 400V,0.667,,,
SYDEX-BK0152SG5220L1AA-E_G,Sydex,BK0152SG5220L1AA-E/G,TORNILLO_HELICOIDAL,BARATA,0.33,2.2,61.1,1367.0,False,BOMBA SYDEX MOD: BK015-MOTOR 0.75KW,0.75,Trifasico 400V,0.489,,,
SYDEX-BK0201LG5220L1AA_V,Sydex,BK0201LG5220L1AA+V,TORNILLO_HELICOIDAL,BARATA,0.45,3.0,61.1,1368.84,False,BOMBA SYDEX- CON VARIADOR-0.55KW,0.55,Trifasico 400V,0.909,,,
SYDEX-BK0201LG5220L1AAE_G,Sydex,BK0201LG5220L1AAE/G,TORNILLO_HELICOIDAL,BARATA,0.45,3.0,61.1,1380.0,False,"BOMBA BK020-1L-G5-220-L1AA-E/G-0,75KW-VEL.FIJA",0.75,Trifasico 400V,0.667,,,
SYDEX-BK0351LG5460L1BA-E_G,Sydex,BK0351LG5460L1BA-E/G,TORNILLO_HELICOIDAL,BARATA,1.5,10.0,61.1,1444.0,False,"BOMBA GG20 2"" NBR S/S/VIT +BASE 230/400 0.75 KW",0.75,Trifasico 400V,0.65,,Nitrilo (NBR/Buna-N),
SYDEX-BK0352SG5460L1BAE_G,Sydex,BK0352SG5460L1BAE/G,TORNILLO_HELICOIDAL,BARATA,1.5,10.0,61.1,1477.0,False,BOMBA BK035-2S-G5-460-L1BA-E/G-0.75KW-VEL. FIJA,0.75,Trifasico 400V,0.65,,,
SYDEX-BK0351LG5460L1B_0_75,Sydex,BK0351LG5460L1B_0.75,TORNILLO_HELICOIDAL,BARATA,1.5,10.0,61.1,1480.0,False,BK035-1L-G5-460-L1BA-E/G-0.75KW,0.75,Trifasico 400V,0.65,,,
SYDEX-BK0152SA6220L1AAEG3E,Sydex,BK0152SA6220L1AAEG3E,TORNILLO_HELICOIDAL,BARATA,0.33,2.2,61.1,1493.0,False,BOMBA SYDEX SS 316L 0.75 KW,0.75,Trifasico 400V,0.489,,,
SYDEX-BM9S3A8F220F1BA-0_37,Sydex,BM9S3A8F220F1BA-0.37,TORNILLO_HELICOIDAL,BARATA,0.029,0.196,366.8,1506.0,False,PUMP BM9S3-A8-F220-F1BA-B/G(3B)-0.37KW,0.37,Trifasico 400V,0.53,,,
SYDEX-BM7S3A6F220F1BABG,Sydex,BM7S3A6F220F1BABG,TORNILLO_HELICOIDAL,BARATA,0.029,0.196,366.8,1630.0,False,"BOMBA BM7S3-SP005125-650,0,37KW 6P",0.37,Trifasico 400V,0.53,,,
SYDEX-BK0152SA6220L1-AAE_G,Sydex,BK0152SA6220L1-AAE/G,TORNILLO_HELICOIDAL,BARATA,0.06,0.4,61.1,1642.3,False,BOMBA SYDEX- 400 L/H- 0.75KW (VELOCIDAD FIJA),0.75,Trifasico 400V,0.089,,,
SYDEX-BK0202SG5220L1AA-E_G,Sydex,BK0202SG5220L1AA-E/G,TORNILLO_HELICOIDAL,BARATA,0.45,3.0,61.1,1652.0,False,BOMBA CON VARIADOR-0.55KW,0.55,Trifasico 400V,0.909,,,
SYDEX-BK0391SG5460L1B-TROP,Sydex,BK0391SG5460L1B-TROP,TORNILLO_HELICOIDAL,BARATA,2.4,16.0,61.1,1662.0,False,BOMBA BK039-1S-G5-460-L1BA-E/G-MOTOR1.1KW-TROPIC.,1.1,Trifasico 400V,0.65,,,
SYDEX-BK0152SG5220L-ANSI_V,Sydex,BK0152SG5220L-ANSI+V,TORNILLO_HELICOIDAL,BARATA,0.33,2.2,61.1,1691.0,False,BOMBA BK015-2S-G5-220-L1AA-ANSI+VARIADOR MAN. INT.,0.75,Trifasico 400V,0.489,,,
SYDEX-BK0391SG5460L1BA350R,Sydex,BK0391SG5460L1BA350R,TORNILLO_HELICOIDAL,BARATA,2.4,16.0,61.1,1715.0,False,BOMBA BK039-1S-G5-460-L1BA-E/G (3E) 350 RPM,,Trifasico 400V,0.65,,,
SYDEX-BK0391SG5C460L1XBAEG,Sydex,BK0391SG5C460L1XBAEG,TORNILLO_HELICOIDAL,BARATA,2.4,16.0,61.1,1715.0,False,BOMBA TORNILLO ENTRADA GIRADA +AGUJERO SONDA,,Trifasico 400V,0.65,,,
SYDEX-BK0352SG5460L1B_0_75,Sydex,BK0352SG5460L1B_0.75,TORNILLO_HELICOIDAL,BARATA,1.5,10.0,61.1,1945.0,False,"BOMBA BK035-2S-G5-460-L1BA-E/A_0,75KW_230/400V",2.2,Trifasico 400V,0.758,,,
SYDEX-BK0391SG5F461F1BA-EG,Sydex,BK0391SG5F461F1BA-EG,TORNILLO_HELICOIDAL,BARATA,2.4,16.0,61.1,1962.0,False,BOMBA BK039-1S-G5-F461-F1BA-E/G-1.1KW,1.1,Trifasico 400V,0.65,,,
SYDEX-BHL0202SA6220L1A1QA,Sydex,BHL0202SA6220L1A1QA,TORNILLO_HELICOIDAL,BARATA,0.45,3.0,61.1,2078.0,False,BOMBA BHL020-2S-A6-220-L1QAF/F-MOTOR 0.75K,,Trifasico 400V,0.65,,,
SYDEX-BK0351SG5420L1BAEG,Sydex,BK0351SG5420L1BAEG,TORNILLO_HELICOIDAL,CALIDAD_PRECIO,1.5,10.0,61.1,2090.9,False,BOMBA SYDEX,2.2,Trifasico 400V,0.758,,,
SYDEX-BK0391LG5460_2_2K_5M,Sydex,BK0391LG5460/2.2K/5M,TORNILLO_HELICOIDAL,CALIDAD_PRECIO,0.75,5.0,61.1,2102.0,False,BOMBA BK039-1L-G5-460-L1BA-E/D-2.2KW-5M3/H;I=6.47,2.2,Trifasico 400V,0.379,,,
SYDEX-BK0391LG5460_2_2K_6M,Sydex,BK0391LG5460/2.2K/6M,TORNILLO_HELICOIDAL,CALIDAD_PRECIO,0.9,6.0,61.1,2102.0,False,BOMBA BK039-1L-G5-460-L1BA-E/D-2.2KW-6M3/H; I=5.92,2.2,Trifasico 400V,0.455,,,
SYDEX-BK0391LG5460L1B-BRID,Sydex,BK0391LG5460L1B-BRID,TORNILLO_HELICOIDAL,CALIDAD_PRECIO,2.4,16.0,61.1,2102.0,False,PUMP BK039-1L-G5-460-L1BA-E/D-2.2KW-BRIDA,2.2,Trifasico 400V,0.65,,,
SYDEX-BK0391LG5560L1BA-E_D,Sydex,BK0391LG5560L1BA-E/D,TORNILLO_HELICOIDAL,CALIDAD_PRECIO,2.4,16.0,61.1,2102.0,False,BOMBA HIERRO FUNDIDO DN65 NBR-2.2 KW-,2.2,Trifasico 400V,0.65,Fundición,Nitrilo (NBR/Buna-N),
SYDEX-BK0451SG5460L1BAED,Sydex,BK0451SG5460L1BAED,TORNILLO_HELICOIDAL,CALIDAD_PRECIO,3.75,25.0,61.1,2175.0,False,BOMBA BK045 1S G5 460,7.5,Trifasico 400V,0.556,,,
SYDEX-BK0391LG5460L1BAE_D,Sydex,BK0391LG5460L1BAE/D,TORNILLO_HELICOIDAL,CALIDAD_PRECIO,2.4,16.0,61.1,2180.0,False,BOMBA SYDEX BK039-HIERRO FUNDIDO,,Trifasico 400V,0.65,Fundición,,
SYDEX-AX_BM9S3A8F220F1XBA-,Sydex,AX_BM9S3A8F220F1XBA-,TORNILLO_HELICOIDAL,CALIDAD_PRECIO,0.029,0.196,366.8,2354.0,True,B.ATEX PT 100 AXBM9S3-A8-F220-F1XBA-B/G(3B)-0.37KW,0.37,Trifasico 400V,0.53,,,
SYDEX-BK0451SG5560L1BA-E_D,Sydex,BK0451SG5560L1BA-E/D,TORNILLO_HELICOIDAL,CALIDAD_PRECIO,3.75,25.0,61.1,2362.0,False,"BOMBA DN65,NBR,SS420B,SIC/SIC/VIT.1.5 KW,IP55",1.5,Trifasico 400V,0.65,,Nitrilo (NBR/Buna-N),
SYDEX-BK0451SG5460L1BA-E_D,Sydex,BK0451SG5460L1BA-E/D,TORNILLO_HELICOIDAL,CALIDAD_PRECIO,3.75,25.0,61.1,2392.5,False,BOMBA BK045-1S-G5-460-L1BA-E/D-,7.5,Trifasico 400V,0.556,,,
SYDEX-BK0392SG5A460L1XBA_H,Sydex,BK0392SG5A460L1XBA+H,TORNILLO_HELICOIDAL,CALIDAD_PRECIO,2.4,16.0,61.1,2497.0,False,PUMP BK039-2S-G5A-460-L1XBA-E/D-W/HOLE PROBE+ROTAC,,Trifasico 400V,0.65,,,
SYDEX-BK0391LG5460L1XBAEA,Sydex,BK0391LG5460L1XBAEA,TORNILLO_HELICOIDAL,CALIDAD_PRECIO,2.4,16.0,61.1,2532.2,False,BOMBA CON ORIFICIO SONDA STATOR NBR ROTOR SS,,Trifasico 400V,0.65,,Nitrilo (NBR/Buna-N),
SYDEX-BK0392SG5460L1BA_V_F,Sydex,BK0392SG5460L1BA+V.F,TORNILLO_HELICOIDAL,CALIDAD_PRECIO,2.4,16.0,61.1,2575.0,False,BOMBA SYDEX BK039- CON VENTILACION FORZADA,,Trifasico 400V,0.65,,,
SYDEX-BK0392SG5460L1X_VF_G,Sydex,BK0392SG5460L1X+VF+G,TORNILLO_HELICOIDAL,CALIDAD_PRECIO,2.4,16.0,61.1,2575.0,False,BK039-2S-G5-460-L1XBA-E/D-VEN.FORZ+GIRADA+HOLE,,Trifasico 400V,0.65,,,
SYDEX-AX_BK0352SG5460L1XBA,Sydex,AX_BK0352SG5460L1XBA,TORNILLO_HELICOIDAL,CALIDAD_PRECIO,1.5,10.0,61.1,2594.0,True,BOMBA ATEX AX_BK035-2S-G5-460-L1XBA-E/G-0.75KW,0.75,Trifasico 400V,0.65,,,
SYDEX-BK0392SG5460L1B-TROP,Sydex,BK0392SG5460L1B-TROP,TORNILLO_HELICOIDAL,CALIDAD_PRECIO,2.4,16.0,61.1,2611.0,False,BOMBA BK039-2S-G5-460-L1BA-E/D+V.F+TROPICALIZD,,Trifasico 400V,0.65,,,
SYDEX-BK0451LG5360L1BU-E_G,Sydex,BK0451LG5360L1BU-E/G,TORNILLO_HELICOIDAL,CALIDAD_PRECIO,3.75,25.0,61.1,2632.0,False,BOMBA SYDEX,7.5,Trifasico 400V,0.556,,,
SYDEX-BK0451LG5560L1BA-3KW,Sydex,BK0451LG5560L1BA-3KW,TORNILLO_HELICOIDAL,CALIDAD_PRECIO,3.75,25.0,61.1,2694.0,False,BOMBA BK045-1L-G5-560-L1BA-E/D-MOTOR 3KW,3.0,Trifasico 400V,0.65,,,
SYDEX-BK0452SG5560L1BA-E_D,Sydex,BK0452SG5560L1BA-E/D,TORNILLO_HELICOIDAL,CALIDAD_PRECIO,3.75,25.0,61.1,2694.0,False,BOMBA VEL.FIJA- 3KW- STATOR:NBR-PERBUNAN- ROTOR SS,3.0,Trifasico 400V,0.65,,Nitrilo (NBR/Buna-N),
SYDEX-BK0452SG5C560C1BA-3K,Sydex,BK0452SG5C560C1BA-3K,TORNILLO_HELICOIDAL,CALIDAD_PRECIO,3.75,25.0,61.1,2754.0,False,BK045-2S-G5-C560-C1BA-E/D-3KW,3.0,Trifasico 400V,0.65,,,
SYDEX-BHL0351LA6220L1B1QAF,Sydex,BHL0351LA6220L1B1QAF,TORNILLO_HELICOIDAL,CALIDAD_PRECIO,1.5,10.0,61.1,2760.0,False,BOMBA SYDEX AISI 316 NBR DN32 0.75KW,0.75,Trifasico 400V,0.65,Acero inoxidable 316,Nitrilo (NBR/Buna-N),
SYDEX-BHL0351LA69220L1B1QA,Sydex,BHL0351LA69220L1B1QA,TORNILLO_HELICOIDAL,CALIDAD_PRECIO,1.5,10.0,61.1,2760.0,False,BOMBA SYDEX SS316L-0.75KW-CIERRE:SIL-SIL-NBR+QUENC,0.75,Trifasico 400V,0.65,,Nitrilo (NBR/Buna-N),
SYDEX-BK0152SG5F220F1AQAEG,Sydex,BK0152SG5F220F1AQAEG,TORNILLO_HELICOIDAL,CALIDAD_PRECIO,0.33,2.2,61.1,2781.82,False,BOMBA BK015-2S-G5-F220-F1AQA-E/G-0.75KW,0.75,Trifasico 400V,0.489,,,
SYDEX-BK0392SG5A460L1XBAED,Sydex,BK0392SG5A460L1XBAED,TORNILLO_HELICOIDAL,CALIDAD_PRECIO,2.4,16.0,61.1,2797.3,False,BOMBA SYDEX BK039-2S-G5A-460-L1XBA-E/D (4I),,Trifasico 400V,0.65,,,
SYDEX-BK0391SA6F221F1-VENF,Sydex,BK0391SA6F221F1-VENF,TORNILLO_HELICOIDAL,CALIDAD_PRECIO,2.4,16.0,61.1,2804.0,False,BOMBA BK0391SA6F221F1BA-E/D + VENT. FORZADA,,Trifasico 400V,0.65,,,
SYDEX-BK0451SG5460L1BA_1_5,Sydex,BK0451SG5460L1BA_1.5,TORNILLO_HELICOIDAL,CALIDAD_PRECIO,3.75,25.0,61.1,2829.0,False,BOMBA BK045-1S-G5-460-L1BA-E/A_1.5KW_IE3_230/400V,7.5,Trifasico 400V,0.556,,,
SYDEX-BK0651LA6220L1BQA-F,Sydex,BK0651LA6220L1BQA-F,TORNILLO_HELICOIDAL,CALIDAD_PRECIO,10.5,70.0,61.1,2888.0,False,BOMBA BK065-1L-A6-220-L1BQA-F/D,18.5,Trifasico 400V,0.631,,,
SYDEX-BK0391SG5460L1BA-E_D,Sydex,BK0391SG5460L1BA-E/D,TORNILLO_HELICOIDAL,CALIDAD_PRECIO,2.4,16.0,61.1,2928.2,False,BOMBA TORNILLOHELICOIDAL CON VARIADOR,,Trifasico 400V,0.65,,,
SYDEX-BK0521LG5C561C1BA-ED,Sydex,BK0521LG5C561C1BA-ED,TORNILLO_HELICOIDAL,CALIDAD_PRECIO,5.25,35.0,61.1,2990.0,False,BK052-1L-G5-C561-C1BA-E/D-STATOR CSM-HYPALON-4KW,4.0,Trifasico 400V,0.65,,Hypalon (CSM),
SYDEX-BK0451SA6220L1BAE_D,Sydex,BK0451SA6220L1BAE/D,TORNILLO_HELICOIDAL,CALIDAD_PRECIO,3.75,25.0,61.1,2992.0,False,BOMBA BK045-STATOR NBR;CIERRE MEC:SIL-SIL-VIT-2.2K,2.2,Trifasico 400V,0.65,,Nitrilo (NBR/Buna-N),
SYDEX-BK0451SG5460_VAR,Sydex,BK0451SG5460+VAR,TORNILLO_HELICOIDAL,CALIDAD_PRECIO,3.75,25.0,61.1,3002.0,False,PUMP BK045-1S-G5-460-L1BA-E/D+VAR20/1_MOT:1.5KW,1.5,Trifasico 400V,0.65,,,
SYDEX-BK0351LA62B0L1BA-E_D,Sydex,BK0351LA62B0L1BA-E/D,TORNILLO_HELICOIDAL,CALIDAD_PRECIO,1.5,10.0,61.1,3010.91,False,BK035-1L-A6-2B0-L1BA-E/D -0.75KW,0.75,Trifasico 400V,0.65,,,
SYDEX-BK0324SG5400L1BA-3KW,Sydex,BK0324SG5400L1BA-3KW,TORNILLO_HELICOIDAL,CALIDAD_PRECIO,1.425,9.5,60.0,3167.0,False,BK032-4S-G5-400-L1BA-E/D- 3KW,3.0,Trifasico 400V,0.53,,,
SYDEX-BK0522SG5560L1BAED,Sydex,BK0522SG5560L1BAED,TORNILLO_HELICOIDAL,CALIDAD_PRECIO,1.05,7.0,61.1,3179.0,False,BOMBA BK052-2S-G5-5-6-0-L1BA-ED- 4KW-7M3/H,4.0,Trifasico 400V,0.292,,,
SYDEX-BK0391LA6220L1BQAFD,Sydex,BK0391LA6220L1BQAFD,TORNILLO_HELICOIDAL,CALIDAD_PRECIO,2.4,16.0,61.1,3201.0,False,BOMBA BK039-1L-A6-220-L1BQA-F/D(4I)-SS316,,Trifasico 400V,0.65,Acero inoxidable 316,,
SYDEX-BK0451LG5560L1BAE_D,Sydex,BK0451LG5560L1BAE/D,TORNILLO_HELICOIDAL,CALIDAD_PRECIO,3.75,25.0,61.1,3220.0,False,BOMBA TORN.HELIC.- MOTOR 3KW,3.0,Trifasico 400V,0.65,,,
SYDEX-BK0391LG5460L1BA_VAR,Sydex,BK0391LG5460L1BA+VAR,TORNILLO_HELICOIDAL,CALIDAD_PRECIO,2.4,16.0,61.1,3226.0,False,BOMBA BK039-1L-G5-460-L1BA-E/D+ VARIADOR -1.5KW,1.5,Trifasico 400V,0.65,,,
SYDEX-BK0521LG5360L1BUE_D,Sydex,BK0521LG5360L1BUE/D,TORNILLO_HELICOIDAL,CALIDAD_PRECIO,5.25,35.0,61.1,3229.0,False,BOMBA DE TORNILLO HELICOIDAL- 4KW,4.0,Trifasico 400V,0.65,,,
SYDEX-BK0451LA6220L1B1QAED,Sydex,BK0451LA6220L1B1QAED,TORNILLO_HELICOIDAL,CALIDAD_PRECIO,3.75,25.0,61.1,3311.0,False,BOMBA SYDEX SS316L;STATOR:NBR;ROTOR:SS316L,7.5,Trifasico 400V,0.556,,Nitrilo (NBR/Buna-N),
SYDEX-BK0392SA62BOL1BQAA7D,Sydex,BK0392SA62BOL1BQAA7D,TORNILLO_HELICOIDAL,CALIDAD_PRECIO,2.4,16.0,61.1,3385.0,False,"BOMBA INOX. ROTOR INOX CROMADO. 2,2KW",2.2,Trifasico 400V,0.65,,,
SYDEX-BK0521L-G5560L1XBAEA,Sydex,BK0521L-G5560L1XBAEA,TORNILLO_HELICOIDAL,CALIDAD_PRECIO,5.25,35.0,61.1,3468.0,False,BOMBA CON ALOJAMIENTO SONDA  STATOR NBR ROTOR SS,11.0,Trifasico 400V,0.53,,Nitrilo (NBR/Buna-N),
SYDEX-BK0521LG5560L1BAE_D,Sydex,BK0521LG5560L1BAE/D,TORNILLO_HELICOIDAL,CALIDAD_PRECIO,5.25,35.0,61.1,3495.8,False,BOMBA TORNILLO HELICOIDAL -,11.0,Trifasico 400V,0.53,,,
SYDEX-BK0521LG5560L1BA-4KW,Sydex,BK0521LG5560L1BA-4KW,TORNILLO_HELICOIDAL,CALIDAD_PRECIO,5.25,35.0,61.1,3552.0,False,BOMBA BK052-1L-G5-560-L1BA-E/D- MOTOR 4KW,4.0,Trifasico 400V,0.65,,,
SYDEX-BK0391LA6220L1BA_VF,Sydex,BK0391LA6220L1BA+VF,TORNILLO_HELICOIDAL,PREMIUM,2.4,16.0,61.1,3566.0,False,BOMBA SYDEX BK039-1L-A6-220-L1BA-E/D-VENT.FORZADA,,Trifasico 400V,0.65,,,
SYDEX-BW0391SA6220L4Z1BF_F,Sydex,BW0391SA6220L4Z1BF/F,TORNILLO_HELICOIDAL,PREMIUM,2.4,16.0,61.1,3745.5,False,BOMBA SYDEX SS316 SANITARIA,,Trifasico 400V,0.65,Acero inoxidable 316,,
SYDEX-BK0351LA6220L1BAEA,Sydex,BK0351LA6220L1BAEA,TORNILLO_HELICOIDAL,PREMIUM,1.5,10.0,61.1,3803.8,False,BOMBA SYDEX BK035,2.2,Trifasico 400V,0.758,,,
SYDEX-BK0651LG5560L1BA-E_D,Sydex,BK0651LG5560L1BA-E/D,TORNILLO_HELICOIDAL,PREMIUM,10.5,70.0,61.1,4092.0,False,"BOMBA BK065-1L- 5,5KW-STATOR=NBR;ROTOR=SS420B",5.5,Trifasico 400V,0.65,,Nitrilo (NBR/Buna-N),
SYDEX-BK0451LA6220L1BAFD,Sydex,BK0451LA6220L1BAFD,TORNILLO_HELICOIDAL,PREMIUM,3.75,25.0,61.1,4120.6,False,BOMBA DE TORNILLO HELICOIDAL,7.5,Trifasico 400V,0.556,,,
SYDEX-BHL0391LA6220L1B1QAF,Sydex,BHL0391LA6220L1B1QAF,TORNILLO_HELICOIDAL,PREMIUM,2.4,16.0,61.1,4262.0,False,BOMBA SYDEX AISI 316 NBR 2.2 KW,2.2,Trifasico 400V,0.65,Acero inoxidable 316,Nitrilo (NBR/Buna-N),
SYDEX-BK0751SG5560L1B-4_5K,Sydex,BK0751SG5560L1B-4.5K,TORNILLO_HELICOIDAL,PREMIUM,16.5,110.0,50.9,4289.0,False,BOMBA SYDEX BK075-1S-G5-560-L1BA-E/D-MOTOR 5.5KW,5.5,Trifasico 400V,0.65,,,
SYDEX-SYFLEX25C-B-NR_1_1KW,Sydex,SYFLEX25C-B-NR_1.1KW,TORNILLO_HELICOIDAL,PREMIUM,0.525,3.5,60.0,4400.0,False,BOMBA SYFLEX 25C-B-NR-E/0N_MOTOR1.1KW-70RPM,1.1,Trifasico 400V,0.53,,Caucho natural (NR),
SYDEX-BK0522SG5560L1BAE_VF,Sydex,BK0522SG5560L1BAE+VF,TORNILLO_HELICOIDAL,PREMIUM,5.25,35.0,61.1,4444.0,False,BOMBA HUSILLO+ VENTILACION FORZADA,11.0,Trifasico 400V,0.53,,,
SYDEX-BHL0391LA69220L1B1QA,Sydex,BHL0391LA69220L1B1QA,TORNILLO_HELICOIDAL,PREMIUM,2.4,16.0,61.1,4477.32,False,BOMBA SYDEX-SS316L-2.2KW-C.MEC:SIL-SIL-NBR+QUENCH,2.2,Trifasico 400V,0.65,,Nitrilo (NBR/Buna-N),
SYDEX-BK0152SA6220L1KAAF_G,Sydex,BK0152SA6220L1KAAF/G,TORNILLO_HELICOIDAL,PREMIUM,0.33,2.2,61.1,4526.0,False,BOMBA 0.55KW  CERT.2.20EN 10204,0.55,Trifasico 400V,0.667,,,
SYDEX-BK0652SG5560L1BAED,Sydex,BK0652SG5560L1BAED,TORNILLO_HELICOIDAL,PREMIUM,1.8,12.0,61.1,4588.0,False,BOMBA BK065-2S-G5-5-6-0-L1-BA-ED-7.5KW-12M3/H,7.5,Trifasico 400V,0.267,,,
SYDEX-BK0651LG5560L11A-E_D,Sydex,BK0651LG5560L11A-E/D,TORNILLO_HELICOIDAL,PREMIUM,10.5,70.0,61.1,4918.0,False,BOMBA BK065-1L-G5-560-L11A-E/D-7.5KW,7.5,Trifasico 400V,0.65,,,
SYDEX-BK0522SG5C560C1BA-4K,Sydex,BK0522SG5C560C1BA-4K,TORNILLO_HELICOIDAL,PREMIUM,5.25,35.0,61.1,5035.0,False,BOMBA BK052-2S-G5-C560-C1BA-E/D-4KW,4.0,Trifasico 400V,0.65,,,
SYDEX-BK0651LG5560L1BQAE_D,Sydex,BK0651LG5560L1BQAE/D,TORNILLO_HELICOIDAL,PREMIUM,10.5,70.0,61.1,5088.0,False,BOMBA SYDEX 7.5 KW  4P B5,7.5,Trifasico 400V,0.65,,,
SYDEX-BK0651LG5560L1BAE_D,Sydex,BK0651LG5560L1BAE/D,TORNILLO_HELICOIDAL,PREMIUM,10.5,70.0,61.1,5627.6,False,BOMBA SYDEX;7.5KW-SIL/SIL/VIT-STATOR: NBR,7.5,Trifasico 400V,0.65,,Nitrilo (NBR/Buna-N),
SYDEX-BHL0451LA6220L1B1QAF,Sydex,BHL0451LA6220L1B1QAF,TORNILLO_HELICOIDAL,PREMIUM,3.75,25.0,61.1,5830.0,False,BOMBA TORNILLO HELICOIDAL,7.5,Trifasico 400V,0.556,,,
SYDEX-BK0751LG5360L1-7_5KW,Sydex,BK0751LG5360L1-7.5KW,TORNILLO_HELICOIDAL,PREMIUM,16.5,110.0,50.9,6275.0,False,BOMBA BK075-1L-G5-360-L1BA-E/D-7.5KW,7.5,Trifasico 400V,0.65,,,
SYDEX-BK0751LG5360L1_CARRO,Sydex,BK0751LG5360L1+CARRO,TORNILLO_HELICOIDAL,PREMIUM,16.5,110.0,50.9,6586.0,False,BOMBA BK075-1L-G5-360-L1BA-P/D+ TROLLEY,18.5,Trifasico 400V,0.826,,,
SYDEX-BK0751LG5360L1BA-E_D,Sydex,BK0751LG5360L1BA-E/D,TORNILLO_HELICOIDAL,PREMIUM,16.5,110.0,50.9,6720.0,False,BOMBA SYDEX BK075- 0.75KW,0.75,Trifasico 400V,0.65,,,
SYDEX-BK0651LA62B0L1BFA-FD,Sydex,BK0651LA62B0L1BFA-FD,TORNILLO_HELICOIDAL,PREMIUM,10.5,70.0,61.1,7056.0,False,BK065-1L-A6-2B0-L1-BFA-F/D BOMBA HUSILLO EXCENT.,18.5,Trifasico 400V,0.631,,,
SYDEX-BG0522SF7360L11B-5_5,Sydex,BG0522SF7360L11B-5.5,TORNILLO_HELICOIDAL,PREMIUM,5.25,35.0,61.1,7148.0,False,BOMBA BG052-2S-F7-360-L11B-E/D (6N)-5.5KW,5.5,Trifasico 400V,0.65,,,
SYDEX-BHL0651LA6220L1B_7_5,Sydex,BHL0651LA6220L1B_7.5,TORNILLO_HELICOIDAL,PREMIUM,10.5,70.0,61.1,7401.0,False,BOMBA BHL065-1L-A6-220-L1B1A-FF_MOTOR 7.5KW,7.5,Trifasico 400V,0.65,,,
SYDEX-BW0651SA6C221C1BHBED,Sydex,BW0651SA6C221C1BHBED,TORNILLO_HELICOIDAL,PREMIUM,10.5,70.0,61.1,7616.0,False,BW065-1S-A6-C221-CABHB-E/D-STATOR:CSM-HYPALON-4KW,4.0,Trifasico 400V,0.65,,Hypalon (CSM),
SYDEX-BK0752SG5C360C1BA-15,Sydex,BK0752SG5C360C1BA-15,TORNILLO_HELICOIDAL,PREMIUM,16.5,110.0,50.9,8313.0,False,BK075-2S-G5-C360-C1BA-E/D- 15KW,15.0,Trifasico 400V,0.65,,,
SYDEX-AX_BHL0651LA6220L1BA,Sydex,AX_BHL0651LA6220L1BA,TORNILLO_HELICOIDAL,PREMIUM,10.5,70.0,61.1,8580.0,True,"BOMBA ATEX-BHL065-1L-A6-220-L1BA-F/F-5,5KW",5.5,Trifasico 400V,0.65,,,
SYDEX-BBK0652SYG5360L1B_VF,Sydex,BBK0652SYG5360L1B+VF,TORNILLO_HELICOIDAL,PREMIUM,10.5,70.0,61.1,9260.0,False,BOMBA BBK--MOTOR 7.5KW+VENT. FORZADA,7.5,Trifasico 400V,0.65,,,
SYDEX-RLGA671R7CF1V,Sydex,RLGA671R7CF1V,TORNILLO_HELICOIDAL,PREMIUM,5.25,35.0,60.0,9513.04,False,"BOMBA 11 KW, 415/3/50 300 RPM",11.0,Trifasico 400V,0.53,,,
SYDEX-AX_BK0751LG5361L1X_,Sydex,AX_BK0751LG5361L1X+,TORNILLO_HELICOIDAL,PREMIUM,16.5,110.0,50.9,9603.64,True,BOMBA ATEX BK075 C/VENT. FORZ+ SONDA PTC,18.5,Trifasico 400V,0.826,,,
SYDEX-BK0751LA6220L1B-7_5W,Sydex,BK0751LA6220L1B-7.5W,TORNILLO_HELICOIDAL,PREMIUM,16.5,110.0,50.9,9980.0,False,BOMBA -INOX -BK075-1L-A6-220-L1BA-E/D (6N)-7.5KW,7.5,Trifasico 400V,0.65,,,
SYDEX-BK0912SG5360L1B-9_2W,Sydex,BK0912SG5360L1B-9.2W,TORNILLO_HELICOIDAL,PREMIUM,4.395,29.3,60.0,10207.0,False,BOMBA BK091-2S-G5-360-L1BA-E/D-9.2KW,9.2,Trifasico 400V,0.53,,,
SYDEX-SYFLEX065C-4-NR_11KW,Sydex,SYFLEX065C-4-NR_11KW,TORNILLO_HELICOIDAL,PREMIUM,5.25,35.0,60.0,17900.0,False,BOMBA SYFLEX 065C-4-NR-E/0N-MOTOR11KW,11.0,Trifasico 400V,0.53,,Caucho natural (NR),
CDR-SNT30AA1A-1ATV,CDR Pompe,SNT30AA1A-1ATV,CENTRIFUGA_MAGNETICO,BARATA,7.0,28.0,25.0,1594.0,False,SNT30 MOTOR80 UNIPN10RF PP/V,,Trifasico 400V,0.55,Polipropileno,,
CDR-STN30AA1A-1ATV,CDR Pompe,STN30AA1A-1ATV,CENTRIFUGA_MAGNETICO,BARATA,7.0,28.0,25.0,1720.95,False,STN30MOT.80UNIPN10RF PP/V,0.75,Trifasico 400V,0.55,Polipropileno,,
CDR-STN40EA1-1ATV,CDR Pompe,STN40EA1-1ATV,CENTRIFUGA_MAGNETICO,BARATA,7.0,28.0,25.0,2239.8,False,BOMBA STN40. THREATED- 2.2KW,2.2,Trifasico 400V,0.55,,,
CDR-STN30DA1A-1ATD,CDR Pompe,STN30DA1A-1ATD,CENTRIFUGA_MAGNETICO,BARATA,7.0,28.0,25.0,2462.0,False,BOMBA STN30-MOT.90-1.5K-2P-B5-400V-50Hz-IP55,1.5,Trifasico 400V,0.55,,,
CDR-UTSN30DA1A-1ATD-1_5K,CDR Pompe,UTSN30DA1A-1ATD-1.5K,CENTRIFUGA_MAGNETICO,BARATA,75.0,300.0,99.9,2462.0,False,"BOMBA UTSN30DA1A-1ATD-MOTOR 1,5KW-2P-B5-400V-IP55",1.5,Trifasico 400V,0.78,,,
CDR-STN30DA1A-1ACD,CDR Pompe,STN30DA1A-1ACD,CENTRIFUGA_MAGNETICO,BARATA,7.0,28.0,25.0,2539.6,False,STN30-MOT90-UNIPN 16RF PP/V O-RING EPDM-MOT,1.1,Trifasico 400V,0.55,Polipropileno,EPDM,
CDR-STN30ETFECF,CDR Pompe,STN30ETFECF,CENTRIFUGA_MAGNETICO,BARATA,7.0,28.0,25.0,2652.0,False,BOMBA STN 30 ETFE - CF,,Trifasico 400V,0.55,,,
CDR-STN70GA1A-1AGV,CDR Pompe,STN70GA1A-1AGV,CENTRIFUGA_MAGNETICO,BARATA,15.5,62.0,30.0,2715.0,False,STN. UNIPN16RF PP/GF FPM,,Trifasico 400V,0.65,Polipropileno,Viton (FKM),
CDR-STN30AA5A-3BSV,CDR Pompe,STN30AA5A-3BSV,CENTRIFUGA_MAGNETICO,BARATA,7.0,28.0,25.0,3779.6,False,STN30 MOTOR UNIPN16RF ETFE+PC/CF FPM,,Trifasico 400V,0.55,,Viton (FKM),
CDR-STN70MA1A-1ACD-0_75K,CDR Pompe,"STN70MA1A-1ACD-0,75K",CENTRIFUGA_MAGNETICO,BARATA,15.5,62.0,30.0,3793.6,False,STN70-MOT80 4P-0.75KW-UNIPN16RF GAS PP/V,0.75,Trifasico 400V,0.65,Polipropileno,,
CDR-STN70EA1A-1ACD-4KW,CDR Pompe,STN70EA1A-1ACD-4KW,CENTRIFUGA_MAGNETICO,BARATA,15.5,62.0,30.0,4023.6,False,BOMBA STN70-UNIPN16RF PP/GF-MOTOR4KW,4.0,Trifasico 400V,0.65,Polipropileno,,
CDR-STN40EA5A-3BSV,CDR Pompe,STN40EA5A-3BSV,CENTRIFUGA_MAGNETICO,BARATA,7.0,28.0,25.0,4047.2,False,STN40 MOTOR 90 UNIPN16RF ETFE+PC/CF FPM,,Trifasico 400V,0.55,,Viton (FKM),
CDR-HTN90-ATEX-4KW,CDR Pompe,HTN90-ATEX-4KW,CENTRIFUGA_MAGNETICO,BARATA,1.25,5.0,163.0,4261.8,True,BOMBA HTN90MOT.112-2P-PP4KW-ATEX II2G Ex db IIB G,4.0,Trifasico 400V,0.45,,,
CDR-STN70GA1A-1BSD,CDR Pompe,STN70GA1A-1BSD,CENTRIFUGA_MAGNETICO,BARATA,15.5,62.0,30.0,4897.2,False,BOMBA STN 70 MOT.132 2P-5.5KW,5.5,Trifasico 400V,0.65,,,
CDR-ETN61EA23ACF,CDR Pompe,ETN61EA23ACF,CENTRIFUGA_MAGNETICO,BARATA,15.0,60.0,33.6,5282.2,False,ETN60EVO-MOT.100/112-3KW-4 ETFE-O-ring:FPM/FEP,3.0,Trifasico 400V,0.65,,Viton (FKM),
CDR-ETS30BA1-ASST4-1_5KW,CDR Pompe,"ETS30BA1-ASST4-1,5KW",CENTRIFUGA_MAGNETICO,BARATA,7.0,28.0,39.7,5459.8,False,"BOMBA ETS30-C/MOTOR1,5KW-2P-B5-400V-50HZ-3PH",1.5,Trifasico 400V,0.55,,,
CDR-ETN61NA23BSF-1_1KW,CDR Pompe,"ETN61NA23BSF-1,1KW",CENTRIFUGA_MAGNETICO,BARATA,15.0,60.0,33.6,6020.2,False,"BOMBA ETN60 EVO-MOT1,1KW-4P-ETFE-O-RING:FPM/FEP",1.1,Trifasico 400V,0.65,,Viton (FKM),
CDR-ETS30BA1-AGST4,CDR Pompe,ETS30BA1-AGST4,CENTRIFUGA_MAGNETICO,BARATA,7.0,28.0,39.7,6058.0,True,BOMBA ETS30 TEMP.<140º ANSI150 ATEX II2G 400V TF,,Trifasico 400V,0.55,,,
CDR-ETN61EA24ACF-3KW,CDR Pompe,ETN61EA24ACF-3KW,CENTRIFUGA_MAGNETICO,BARATA,15.0,60.0,33.6,6347.0,False,BOMBA ETN60EVO- C/MOTOR3KW-2P-400V-3F,3.0,Trifasico 400V,0.65,,,
CDR-ETN61EA24BSF-4KW,CDR Pompe,ETN61EA24BSF-4KW,CENTRIFUGA_MAGNETICO,CALIDAD_PRECIO,15.0,60.0,33.6,6669.8,False,BOMBA ETN60-EVO-MOT.100/112+MOTOR4KW-2P-B5-400V,4.0,Trifasico 400V,0.65,,,
CDR-ETN61IA23BSF-MOT7_5K,CDR Pompe,ETN61IA23BSF-MOT7.5K,CENTRIFUGA_MAGNETICO,CALIDAD_PRECIO,15.0,60.0,33.6,6747.2,False,BOMBA ETN60 EVO- MOTOR 7.5KW-ETFE-O-RING FPM/FEP,7.5,Trifasico 400V,0.65,,Viton (FKM),
CDR-HTN90FA2C-11BSV-4KW,CDR Pompe,HTN90FA2C-11BSV-4KW,CENTRIFUGA_MAGNETICO,CALIDAD_PRECIO,1.25,5.0,163.0,6884.8,False,BOMBA HTN90MOT.112 2P 4KW-2P-B5,4.0,Trifasico 400V,0.45,,,
CDR-HTS10DA1-BBSF4-4KW,CDR Pompe,HTS10DA1-BBSF4-4KW,CENTRIFUGA_MAGNETICO,CALIDAD_PRECIO,1.25,5.0,163.0,7486.0,False,BOMBA HTS100-MOTOR IEC4KW-2P-3F-IP55,4.0,Trifasico 400V,0.45,,,
CDR-ETS80EA1-ASST4-5_5KW,CDR Pompe,ETS80EA1-ASST4-5.5KW,CENTRIFUGA_MAGNETICO,CALIDAD_PRECIO,7.0,28.0,39.7,7714.2,False,BOMBA ETS 80 HE+ MOTOR 5.5KW-2P-B5-400V-50HZ-3F EU,5.5,Trifasico 400V,0.55,,,
CDR-ETN61DA23BGF-2_2KW,CDR Pompe,ETN61DA23BGF-2.2KW,CENTRIFUGA_MAGNETICO,CALIDAD_PRECIO,15.0,60.0,33.6,7943.36,False,ETN60 EVO-MOT90-2P-2.2KW,2.2,Trifasico 400V,0.65,,,
CDR-ETN71IA23XXF-7_5KW,CDR Pompe,"ETN71IA23XXF-7,5KW",CENTRIFUGA_MAGNETICO,CALIDAD_PRECIO,15.0,60.0,33.6,8014.6,False,"BOMBA-ETN70-EVO-ETFE-C/RUNSAFESIC-MOT:7,5KW-400V",7.5,Trifasico 400V,0.65,,,
CDR-P1613,CDR Pompe,P1613,CENTRIFUGA_MAGNETICO,CALIDAD_PRECIO,75.0,300.0,99.9,8021.7,False,UTS EVO 40-25-125,,Trifasico 400V,0.78,,,
CDR-P1614,CDR Pompe,P1614,CENTRIFUGA_MAGNETICO,CALIDAD_PRECIO,75.0,300.0,99.9,8064.6,False,UTS EVO 50-32-125,,Trifasico 400V,0.78,,,
CDR-HTS09CA1-BBSF4-3KW,CDR Pompe,HTS09CA1-BBSF4-3KW,CENTRIFUGA_MAGNETICO,CALIDAD_PRECIO,1.25,5.0,163.0,8073.6,False,BOMBA HTS90 MOT.100 UNIPN16RF-MOT3KW,3.0,Trifasico 400V,0.45,,,
CDR-ETS80HE-4KW2PB5400V,CDR Pompe,ETS80HE-4KW2PB5400V,CENTRIFUGA_MAGNETICO,CALIDAD_PRECIO,7.0,28.0,39.7,8077.8,False,BOMBA ETS80 HE- MOT.112-4KW-TEMP:140-180ºC,4.0,Trifasico 400V,0.55,,,
CDR-P1631,CDR Pompe,P1631,CENTRIFUGA_MAGNETICO,CALIDAD_PRECIO,75.0,300.0,99.9,8169.9,False,UTS EVO 65-40-125,,Trifasico 400V,0.78,,,
CDR-HTS10BA1-BBSF4-2_2KW,CDR Pompe,HTS10BA1-BBSF4-2.2KW,CENTRIFUGA_MAGNETICO,CALIDAD_PRECIO,1.25,5.0,163.0,8304.2,True,BOMBA HTS100-ATEX.- MOTOR 2.2KW,2.2,Trifasico 400V,0.45,,,
CDR-HTS13BA1-BBSF4-1_1KW,CDR Pompe,"HTS13BA1-BBSF4-1,1KW",CENTRIFUGA_MAGNETICO,CALIDAD_PRECIO,1.25,5.0,163.0,8346.2,True,BOMBA HTS130-MOT90UNIPN16RF-ATEX-1.1KW,1.1,Trifasico 400V,0.45,,,
CDR-ETN61GB23BGF-5_5K,CDR Pompe,ETN61GB23BGF-5.5K,CENTRIFUGA_MAGNETICO,CALIDAD_PRECIO,15.0,60.0,33.6,8355.8,True,BOMBA ETN60EVO-MOTOR 5.5KW-ATEX II2GD Ex db eb IIC,5.5,Trifasico 400V,0.65,,,
CDR-HTS90-ATEX-3KW,CDR Pompe,HTS90-ATEX-3KW,CENTRIFUGA_MAGNETICO,CALIDAD_PRECIO,1.25,5.0,163.0,8434.0,True,HTS90 MOT.100 UNIPN16RF CSTD ATEX II2G 3KW,3.0,Trifasico 400V,0.45,,,
CDR-HTS10DA1-BASF4,CDR Pompe,HTS10DA1-BASF4,CENTRIFUGA_MAGNETICO,CALIDAD_PRECIO,1.25,5.0,163.0,8762.4,True,BOMBA HTS 100 MOT.112 ATEX 4 KW TF IE3,4.0,Trifasico 400V,0.45,,,
CDR-ETS80LA1-AXXT4,CDR Pompe,ETS80LA1-AXXT4,CENTRIFUGA_MAGNETICO,CALIDAD_PRECIO,7.0,28.0,39.7,8770.0,False,PUMP- ETS80- WITH RSSIC BUSHES FOR DRY RUN SYSTEM,,Trifasico 400V,0.55,,,
CDR-UTBE1AEAAFAADACACA00,CDR Pompe,UTBE1AEAAFAADACACA00,CENTRIFUGA_MAGNETICO,CALIDAD_PRECIO,37.5,150.0,99.9,8832.0,True,BOMBA UTS-B EVO 65-40 125 CS SS HC L25 ATEX 5.5 KW,5.5,Trifasico 400V,0.72,Acero al carbono,,
CDR-ETS80HE-ATEX7_5KW,CDR Pompe,ETS80HE-ATEX7.5KW,CENTRIFUGA_MAGNETICO,CALIDAD_PRECIO,7.0,28.0,39.7,9007.8,True,BOMBA ETS80 HE MOT.132-ATEX II2G  ExdbIIBGb 7.5Kw,7.5,Trifasico 400V,0.55,,,
CDR-UTS-B_EVO_50-32_125,CDR Pompe,UTS-B EVO 50-32 125,CENTRIFUGA_MAGNETICO,CALIDAD_PRECIO,37.5,150.0,99.9,9297.0,False,BOMBA UNIPN16RF CS SS HS L25 MOT.100-112,3.0,Trifasico 400V,0.72,Acero al carbono,,
CDR-P1621,CDR Pompe,P1621,CENTRIFUGA_MAGNETICO,CALIDAD_PRECIO,75.0,300.0,99.9,9382.8,False,UTS EVO 65-40-160,,Trifasico 400V,0.78,,,
CDR-ETS80HE-ATEX_5_5KW,CDR Pompe,ETS80HE-ATEX 5.5KW,CENTRIFUGA_MAGNETICO,CALIDAD_PRECIO,7.0,28.0,39.7,9466.2,True,BOMBA ETS80 HE-MOT132-TEMP:140-180ºC-ATEXII2G Ex,5.5,Trifasico 400V,0.55,,,
CDR-P1611,CDR Pompe,P1611,CENTRIFUGA_MAGNETICO,CALIDAD_PRECIO,75.0,300.0,99.9,9475.1,False,UTS EVO 80-50-160,,Trifasico 400V,0.78,,,
CDR-ETS80EA1-AXXT4-5_5KW,CDR Pompe,ETS80EA1-AXXT4-5.5KW,CENTRIFUGA_MAGNETICO,CALIDAD_PRECIO,7.0,28.0,39.7,9485.0,False,"ETS80 HE MOT 132- MOTOR 5,5KW-2P-3PH",5.5,Trifasico 400V,0.55,,,
CDR-P1618,CDR Pompe,P1618,CENTRIFUGA_MAGNETICO,CALIDAD_PRECIO,75.0,300.0,99.9,9650.6,False,UTS EVO 50-32-200,,Trifasico 400V,0.78,,,
CDR-UTBE1AEAAFAADA-5_5KW,CDR Pompe,UTBE1AEAAFAADA-5.5KW,CENTRIFUGA_MAGNETICO,CALIDAD_PRECIO,37.5,150.0,99.9,9705.6,False,"UTS-B EVO 65-40 125-MOTOR TEFC IEC 5,5KW",5.5,Trifasico 400V,0.72,,,
CDR-UTBE1CBACFAADBCACA00,CDR Pompe,UTBE1CBACFAADBCACA00,CENTRIFUGA_MAGNETICO,CALIDAD_PRECIO,37.5,150.0,99.9,10752.4,False,BOMBA UTS-B EVO ES 40-25 200 +MOTOR 7.5KW-2P-3PH,7.5,Trifasico 400V,0.72,,,
CDR-UTBE1ADAAFAACACACA00,CDR Pompe,UTBE1ADAAFAACACACA00,CENTRIFUGA_MAGNETICO,CALIDAD_PRECIO,37.5,150.0,99.9,11057.6,False,BOMBA UTS-B EVO 50-32-125,,Trifasico 400V,0.72,,,
CDR-UTBE1CAACFCACAC-3KW,CDR Pompe,UTBE1CAACFCACAC-3KW,CENTRIFUGA_MAGNETICO,CALIDAD_PRECIO,37.5,150.0,99.9,11269.4,True,BOMBA UTS-B EVO 40-25 200 UNIPN16RF - ATEX-3KW,3.0,Trifasico 400V,0.72,,,
CDR-UTBE1CBACFCACACA-3KW,CDR Pompe,UTBE1CBACFCACACA-3KW,CENTRIFUGA_MAGNETICO,PREMIUM,37.5,150.0,99.9,11690.8,True,BOMBA UTS-B EVO ES 40-25 200 UNIP16RF-ATEX-3KW,3.0,Trifasico 400V,0.72,,,
CDR-UTBE1CBACFCABAC2_2KW,CDR Pompe,"UTBE1CBACFCABAC2,2KW",CENTRIFUGA_MAGNETICO,PREMIUM,37.5,150.0,99.9,11771.0,True,BOMBA UTS-B EVO ES 40-25 200 UNIPN16RF-ATEX-2.2KW,2.2,Trifasico 400V,0.72,,,
CDR-UTNBL4025160-4KW,CDR Pompe,UTNBL4025160-4KW,CENTRIFUGA_MAGNETICO,PREMIUM,37.5,150.0,60.1,12371.72,False,BOMBA UTNBL 40-25-160+MOT.4KW-2P,4.0,Trifasico 400V,0.72,,,
CDR-UTBE1CAACFCADACACA00,CDR Pompe,UTBE1CAACFCADACACA00,CENTRIFUGA_MAGNETICO,PREMIUM,37.5,150.0,99.9,12636.0,True,"BOMBA UTS-B EVO 40-25 200 UNIPN16RF -ATEX 5,5KW-3F",5.5,Trifasico 400V,0.72,,,
CDR-UTBE1CFAIFCAECCACA00,CDR Pompe,UTBE1CFAIFCAECCACA00,CENTRIFUGA_MAGNETICO,PREMIUM,37.5,150.0,99.9,12755.1,False,UTS-B EVO 80-50 200_MOTOR 18.5KW,18.5,Trifasico 400V,0.72,,,
CDR-UTNBL4025160-ATEX1_1,CDR Pompe,UTNBL4025160-ATEX1.1,CENTRIFUGA_MAGNETICO,PREMIUM,37.5,150.0,60.1,13088.92,True,BOMBA UTN-BL40-25-160- MOTOR ATEXII2GExdbIIB-1.1KW,1.1,Trifasico 400V,0.72,,,
CDR-DTBI1CDACAAAFBAB-15K,CDR Pompe,DTBI1CDACAAAFBAB-15K,CENTRIFUGA_MAGNETICO,PREMIUM,27.0,108.0,107.0,14332.76,False,BOMBA DTBI1CDACAAAFBABC-DTN-BL-80-50 200-MOTOR15KW,15.0,Trifasico 400V,0.72,,,
CDR-UTNBL5032200M100,CDR Pompe,UTNBL5032200M100,CENTRIFUGA_MAGNETICO,PREMIUM,37.5,150.0,60.1,15171.4,True,BOMBA UTN-BL-50-32-200 M.100 - MOTOR ATEX 2KW-4P,2.0,Trifasico 400V,0.72,,,
CDR-UTSB-EVO80-50_125ANS,CDR Pompe,UTSB-EVO80-50 125ANS,CENTRIFUGA_MAGNETICO,PREMIUM,37.5,150.0,99.9,16975.0,False,BOMBA UTS-B-EVO 80-50 125 ANSI 150RF CR SR HC L45,,Trifasico 400V,0.72,,,
CDR-TBLA23EA2-23SSF1_5_5,CDR Pompe,TBLA23EA2-23SSF1_5.5,CENTRIFUGA_MAGNETICO,PREMIUM,37.5,150.0,60.1,17083.2,True,BOMBA UTN-BL-40-25-160-MOTOR 5.5KW-ATEX,5.5,Trifasico 400V,0.72,,,
CDR-TBLD36FB2A23SSV1,CDR Pompe,TBLD36FB2A23SSV1,CENTRIFUGA_MAGNETICO,PREMIUM,37.5,150.0,60.1,19374.1,False,BOMBA UTN-BL 80-50-200-UNIPN16RF PFA FPM (VITON),,Trifasico 400V,0.72,,Viton (FKM),
CDR-UTBE2BHAWBAAGGAAC000,CDR Pompe,UTBE2BHAWBAAGGAAC000,CENTRIFUGA_MAGNETICO,PREMIUM,37.5,150.0,99.9,19450.2,False,BOMBA UTS-B EVO 125-80 160-MOTOR 30KW,30.0,Trifasico 400V,0.72,,,
CDR-UTSEVO80-50-160_FLUS,CDR Pompe,UTSEVO80-50-160+FLUS,CENTRIFUGA_MAGNETICO,PREMIUM,75.0,300.0,99.9,19625.6,False,BOMBA UTS EVO 80-50 160 C/EXTERNAL FLUSHING-15KW,15.0,Trifasico 400V,0.78,,,
CDR-TBLF57HA2A23SSF1,CDR Pompe,TBLF57HA2A23SSF1,CENTRIFUGA_MAGNETICO,PREMIUM,37.5,150.0,60.1,20131.8,False,BOMBA UTN-BL 125-80-160-MOTOR 30KW,30.0,Trifasico 400V,0.72,,,
CDR-UTS_EVO_100-65_160,CDR Pompe,UTS EVO 100-65 160,CENTRIFUGA_MAGNETICO,PREMIUM,75.0,300.0,99.9,20582.0,False,BOMBA UTS EVO 100-65 160 UNIPN16RF CS SS OZ L60,,Trifasico 400V,0.78,Acero al carbono,,
CDR-XTSD78E1-A2AAAXG,CDR Pompe,XTSD78E1-A2AAAXG,CENTRIFUGA_MAGNETICO,PREMIUM,17.5,70.0,41.8,23218.6,False,PUMP-XTS80-50-200- WITH FLUSHING+DRY RUN SYSTEM,,Trifasico 400V,0.65,,,
CDR-UTSE2DHAFAACLFAAB000,CDR Pompe,UTSE2DHAFAACLFAAB000,CENTRIFUGA_MAGNETICO,PREMIUM,75.0,300.0,99.9,30396.7,False,BOMBA UTS EVO 125-80-250-45KW-2P-B3-400V,45.0,Trifasico 400V,0.78,,,
CDR-UTSEVO65-40_160,CDR Pompe,UTSEVO65-40 160,CENTRIFUGA_MAGNETICO,PREMIUM,75.0,300.0,99.9,33272.0,False,BOMBA UTS EVO 65-40 160,,Trifasico 400V,0.78,,,
VERDER-144_0_7106,Verderflex,144.0.7106,PERISTALTICA,BARATA,0.004,0.039,81.5,907.62,False,MK4 B/SFT BOMBA D7 XX SP CI VT,,Trifasico 400V,0.6,Fundición,,
VERDER-AU_M613000_07,Verderflex,AU M613000 07,PERISTALTICA,BARATA,0.029,0.286,100.0,1337.0,False,BOMBA 0.18 KW 230V 3P 50 HZ IP55,0.18,Trifasico 400V,0.53,,,
VERDER-148_1002,Verderflex,148.1002,PERISTALTICA,BARATA,0.008,0.079,20.4,1460.25,False,BOMBA VERDERFLEX VANTAGE 3000 B EZI EU,,Trifasico 400V,0.6,,,
VERDER-AU_M6130137_08,Verderflex,AU M6130137 08,PERISTALTICA,BARATA,0.029,0.286,100.0,1524.48,False,"RAPIDE R6 137 RPM TF 0,18 KW 12,7 X 3,2 SILICONA",0.18,Trifasico 400V,0.53,,Silicona,
VERDER-146_0_0228,Verderflex,146.0.0228,PERISTALTICA,BARATA,0.022,0.222,122.3,1530.41,False,"DURA 10-SW USCLSS-70R-0,55KW- NR HOSE",0.55,Trifasico 400V,0.135,,Caucho natural (NR),
VERDER-146_0_0329,Verderflex,146.0.0329,PERISTALTICA,BARATA,0.022,0.222,122.3,1530.41,False,D10 SW UCCLPP 70R 0.55K EP TF V,,Trifasico 400V,0.6,,,
VERDER-146_0_0208,Verderflex,146.0.0208,PERISTALTICA,BARATA,0.022,0.222,122.3,1569.89,False,D10 NW USCLSS 23R 0.18K NR,,Trifasico 400V,0.6,,Caucho natural (NR),
VERDER-146_0_0218,Verderflex,146.0.0218,PERISTALTICA,BARATA,0.022,0.222,122.3,1586.85,False,DURA 10 SW USCLSS 35r 0.25kw NBR TF V,0.25,Trifasico 400V,0.296,,Nitrilo (NBR/Buna-N),
VERDER-146_0_0265,Verderflex,146.0.0265,PERISTALTICA,BARATA,0.022,0.222,122.3,1616.09,False,BOMBA DURA 10- D10 SW USCLSS 47R -0.37K -FG-TF-V,,Trifasico 400V,0.6,,,
VERDER-121_10U0,Verderflex,121.10U0,PERISTALTICA,BARATA,0.06,0.6,122.3,1799.92,False,CONJUNTO VF15 CC CM US SS AL LP,,Trifasico 400V,0.6,,,
VERDER-146_0_5016,Verderflex,146.0.5016,PERISTALTICA,BARATA,0.002,0.023,100.0,1821.28,False,D05 SW USCL SS 70R 0.55K NR TF W,,Trifasico 400V,0.6,,Caucho natural (NR),
VERDER-146_0_7010,Verderflex,146.0.7010,PERISTALTICA,BARATA,0.003,0.027,81.5,1821.28,False,D7 NR 47 RPM 0.37 KW 27 L/H,0.37,Trifasico 400V,0.016,,Caucho natural (NR),
VERDER-146_0_9016,Verderflex,146.0.9016,PERISTALTICA,BARATA,0.022,0.222,122.3,1821.28,False,D10 SW USCLSS 47R 0.37K FP TF W,,Trifasico 400V,0.6,,,
VERDER-146_0_9025,Verderflex,146.0.9025,PERISTALTICA,BARATA,0.022,0.222,122.3,1821.28,False,DURA 10-D10 SW USCLSS 70R-0.55KW-NR-TF -V,0.55,Trifasico 400V,0.135,,Caucho natural (NR),
VERDER-146_0_5129,Verderflex,146.0.5129,PERISTALTICA,BARATA,0.002,0.023,163.0,1860.78,False,DURA 5-D05 XW USCLSS 23R-0.18K NR FFHW,,Trifasico 400V,0.6,,Caucho natural (NR),
VERDER-146_0_5005,Verderflex,146.0.5005,PERISTALTICA,BARATA,0.002,0.023,100.0,1868.26,False,D05 SW USCLSS 23R 0.18K BU TF W,,Trifasico 400V,0.6,,,
VERDER-146_0_9000,Verderflex,146.0.9000,PERISTALTICA,BARATA,0.022,0.222,122.3,1868.26,False,DURA10 NW USCLSS 23R0.18K NR TF W,,Trifasico 400V,0.6,,Caucho natural (NR),
VERDER-146_0_5007,Verderflex,146.0.5007,PERISTALTICA,BARATA,0.002,0.023,100.0,1888.44,False,D05 SW USCLSS 35R0.25K NR TF W,,Trifasico 400V,0.6,,Caucho natural (NR),
VERDER-146_0_9005,Verderflex,146.0.9005,PERISTALTICA,BARATA,0.022,0.222,122.3,1888.44,False,DURA 10 XW USCLSS 28R.025K NR TF V,,Trifasico 400V,0.6,,Caucho natural (NR),
VERDER-146_0_5030,Verderflex,146.0.5030,PERISTALTICA,BARATA,0.002,0.015,81.5,2058.37,False,D5 CSM 47 RPM 0.37KW 15L/H,0.37,Trifasico 400V,0.009,,Hypalon (CSM),
VERDER-146_0_5027,Verderflex,146.0.5027,PERISTALTICA,BARATA,0.001,0.011,81.5,2144.12,False,D5 CSM 35RPM 0.25 KW 11L/H,0.25,Trifasico 400V,0.01,,Hypalon (CSM),
VERDER-146_0_9013,Verderflex,146.0.9013,PERISTALTICA,BARATA,0.022,0.222,122.3,2144.12,False,D10 SW USCLSS 35R 0.25K CS TF W,,Trifasico 400V,0.6,Acero al carbono,,
VERDER-148_1012,Verderflex,148.1012,PERISTALTICA,BARATA,0.008,0.079,20.4,2190.4,False,BOMBA VERDERLEX VANTAGE 3000C EZI EU,,Trifasico 400V,0.6,,,
VERDER-140_0_0006,Verderflex,140.0.0006,PERISTALTICA,BARATA,0.018,0.18,122.3,2376.69,False,VF10SH USALSS 33R0.25K NR TF,,Trifasico 400V,0.6,,Caucho natural (NR),
VERDER-140_0_0016,Verderflex,140.0.0016,PERISTALTICA,BARATA,0.018,0.18,122.3,2422.43,False,"BOMBA VF10  NR 65 RPM, 0.55 KW,IP55 60HZ TF220/440",0.55,Trifasico 400V,0.109,,Caucho natural (NR),
VERDER-140_0_0017,Verderflex,140.0.0017,PERISTALTICA,BARATA,0.018,0.18,122.3,2422.43,False,BOMBA VF10- 69RPM-0.55KW-EPDM-TF,0.55,Trifasico 400V,0.109,,EPDM,
VERDER-146_1_0200,Verderflex,146.1.0200,PERISTALTICA,BARATA,0.059,0.593,122.3,2517.42,False,D15 NW USCLSS 11RO 25K NR TF V,,Trifasico 400V,0.6,,Caucho natural (NR),
VERDER-146_1_0204,Verderflex,146.1.0204,PERISTALTICA,BARATA,0.059,0.593,122.3,2517.42,False,D15 NW USCLSS 18R0.25K NR TF V,,Trifasico 400V,0.6,,Caucho natural (NR),
VERDER-146_1_0212,Verderflex,146.1.0212,PERISTALTICA,BARATA,0.059,0.593,122.3,2526.93,False,D15 SW USCLSS 35 R0.55KW NR TF V,0.55,Trifasico 400V,0.359,,Caucho natural (NR),
VERDER-146_1_0214,Verderflex,146.1.0214,PERISTALTICA,BARATA,0.059,0.593,122.3,2526.93,False,DURA 15- SW USCLSS 35R-0.55K- NBR,,Trifasico 400V,0.6,,Nitrilo (NBR/Buna-N),
VERDER-146_1_0216,Verderflex,146.1.0216,PERISTALTICA,BARATA,0.059,0.593,122.3,2526.93,False,"D15 SW USCLSS 47R 0,55K NR TFV",,Trifasico 400V,0.6,,Caucho natural (NR),
VERDER-146_1_0220,Verderflex,146.1.0220,PERISTALTICA,BARATA,0.059,0.593,122.3,2526.93,False,DURA 15 SW USCLSS 56R 0.55K NR TF V,,Trifasico 400V,0.6,,Caucho natural (NR),
VERDER-146_1_0222,Verderflex,146.1.0222,PERISTALTICA,BARATA,0.059,0.593,122.3,2526.93,False,D15 SW USCLSS 56 R.055K BU (NBR) TF V,,Trifasico 400V,0.6,,Nitrilo (NBR/Buna-N),
VERDER-146_1_0321,Verderflex,146.1.0321,PERISTALTICA,BARATA,0.059,0.593,122.3,2526.93,False,D15 SW UCCLPP 56R.055K EP TF V,,Trifasico 400V,0.6,,,
VERDER-146_1_0167,Verderflex,146.1.0167,PERISTALTICA,BARATA,0.059,0.593,122.3,2579.15,False,"DURA 15-SW USCLSS-35R-0,55K-NBRF HOSE",,Trifasico 400V,0.6,,,
VERDER-146_1_0208,Verderflex,146.1.0208,PERISTALTICA,BARATA,0.059,0.593,122.3,2590.1,False,"DURA 15 D15SW USCLSS 28R0,37K NR TF V",,Trifasico 400V,0.6,,Caucho natural (NR),
VERDER-146_1_0224,Verderflex,146.1.0224,PERISTALTICA,BARATA,0.059,0.593,122.3,2605.04,False,D15 SW USCLSS 70 R 0.75K NR TF V,,Trifasico 400V,0.6,,Caucho natural (NR),
VERDER-146_1_0235,Verderflex,146.1.0235,PERISTALTICA,BARATA,0.059,0.593,122.3,2605.04,False,D15 NW USCLSS 93R0.75K NR TF V,,Trifasico 400V,0.6,,Caucho natural (NR),
VERDER-146_1_0237,Verderflex,146.1.0237,PERISTALTICA,BARATA,0.059,0.593,122.3,2605.04,False,D15 NW USCLSS 93R0.75K BU TF NBR,,Trifasico 400V,0.6,,Nitrilo (NBR/Buna-N),
VERDER-148_1022,Verderflex,148.1022,PERISTALTICA,BARATA,0.008,0.079,20.4,2677.15,False,VERDERFLEX VANTAGE 3000 P EZI EU,,Trifasico 400V,0.6,,,
VERDER-146_0_5191,Verderflex,146.0.5191,PERISTALTICA,BARATA,0.002,0.023,100.0,2685.0,False,D05 XW UICLPP 14R0.18K CS XLW,,Trifasico 400V,0.6,Acero al carbono,,
VERDER-146_2_0686,Verderflex,146.2.0686,PERISTALTICA,BARATA,0.239,2.387,122.3,2787.77,False,BOBMBA DURA 25-70RPM-1.5KW-EPDM- VERDERSIL,1.5,Trifasico 400V,0.53,,EPDM,
VERDER-146_0_0520,Verderflex,146.0.0520,PERISTALTICA,BARATA,0.022,0.222,122.3,2854.06,False,ID10 SW USCLSS VAR0.55K NR P3V,,Trifasico 400V,0.6,,Caucho natural (NR),
VERDER-146_0_9225,Verderflex,146.0.9225,PERISTALTICA,BARATA,0.022,0.222,122.3,2858.36,False,D10 XW USCLSS 93R0.55K BU TSHW,,Trifasico 400V,0.6,,,
VERDER-140_0_0209,Verderflex,140.0.0209,PERISTALTICA,BARATA,0.018,0.18,122.3,2859.1,False,VF10SH USALPV 40R 0.25K EP TF,,Trifasico 400V,0.6,,,
VERDER-121_20U0,Verderflex,121.20U0,PERISTALTICA,BARATA,0.221,2.21,152.8,2909.72,False,VF 25 CC CM US SS AL,,Trifasico 400V,0.6,,,
VERDER-140_1_0004,Verderflex,140.1.0004,PERISTALTICA,BARATA,0.06,0.6,122.3,2956.03,False,VF15SH USALSS 37R- 0.37K-NR TF,,Trifasico 400V,0.6,,Caucho natural (NR),
VERDER-140_1_0006,Verderflex,140.1.0006,PERISTALTICA,BARATA,0.06,0.6,122.3,2956.03,False,VF15SH ULALSS 41RO.37K NR TF,,Trifasico 400V,0.6,,Caucho natural (NR),
VERDER-140_1_0106,Verderflex,140.1.0106,PERISTALTICA,BARATA,0.06,0.6,122.3,2956.03,False,VF15SH USALPP 41R0.37K NR TF,,Trifasico 400V,0.6,,Caucho natural (NR),
VERDER-140_1_0107,Verderflex,140.1.0107,PERISTALTICA,BARATA,0.06,0.6,122.3,2956.03,False,VF15 SH USALPP 41 R0.37K EP TF,,Trifasico 400V,0.6,,,
VERDER-140_1_0108,Verderflex,140.1.0108,PERISTALTICA,BARATA,0.06,0.6,122.3,2956.03,False,VF15SH ULALPP 44R0,,Trifasico 400V,0.6,,,
VERDER-146_0_0528,Verderflex,146.0.0528,PERISTALTICA,BARATA,0.022,0.222,122.3,2958.23,False,"IDURA 10 EPDM INSET. PP 7,5-90 RPM 0,55 KW",0.55,Trifasico 400V,0.135,Polipropileno,EPDM,
VERDER-148_3012,Verderflex,148.3012,PERISTALTICA,CALIDAD_PRECIO,0.008,0.079,20.4,2969.2,False,BOMBA VANTAGE 3000 C R3I,,Trifasico 400V,0.6,,,
VERDER-140_1_0016,Verderflex,140.1.0016,PERISTALTICA,CALIDAD_PRECIO,0.06,0.6,122.3,2975.25,False,VF15SH USALSS 77R0.75K NR TF,,Trifasico 400V,0.6,,Caucho natural (NR),
VERDER-152_0023,Verderflex,152.0023,PERISTALTICA,CALIDAD_PRECIO,0.04,0.396,20.4,2996.62,False,VANTAGE 5000 C LS V3 R EU,,Trifasico 400V,0.6,,,
VERDER-146_0_0640,Verderflex,146.0.0640,PERISTALTICA,CALIDAD_PRECIO,0.022,0.222,122.3,3048.3,False,iDURA10 SW UCCLPP VAR0.55KW EP P3 W,0.55,Trifasico 400V,0.135,,,
VERDER-146_1_0317,Verderflex,146.1.0317,PERISTALTICA,CALIDAD_PRECIO,0.059,0.593,122.3,3136.0,False,DURA 15-HOSE EPDM-INSERTS PP- 0.55KW-47RPM,0.55,Trifasico 400V,0.359,Polipropileno,EPDM,
VERDER-146_1_0835,Verderflex,146.1.0835,PERISTALTICA,CALIDAD_PRECIO,0.059,0.593,122.3,3143.76,False,D15 XW USCLSS 35R0.55K NR ST V,,Trifasico 400V,0.6,,Caucho natural (NR),
VERDER-146_0_0645,Verderflex,146.0.0645,PERISTALTICA,CALIDAD_PRECIO,0.022,0.222,122.3,3159.65,False,iDURA10- D10NW UCCLPV VAR0.55K EP-P3W,,Trifasico 400V,0.6,,,
VERDER-146_2_0204,Verderflex,146.2.0204,PERISTALTICA,CALIDAD_PRECIO,0.239,2.387,122.3,3248.8,False,D25 SW USCLSS 23R-0.55K NR TF V,,Trifasico 400V,0.6,,Caucho natural (NR),
VERDER-146_2_0205,Verderflex,146.2.0205,PERISTALTICA,CALIDAD_PRECIO,0.239,2.387,122.3,3248.8,False,"DURA 25-SW USCLSS-23R-0,55K- EPDM HOSE",,Trifasico 400V,0.6,,EPDM,
VERDER-146_2_0206,Verderflex,146.2.0206,PERISTALTICA,CALIDAD_PRECIO,0.239,2.387,122.3,3248.8,False,DURA 25- SW USCL SS-23R-0.55KW- NBR HOSE,0.55,Trifasico 400V,0.6,,Nitrilo (NBR/Buna-N),
VERDER-146_2_0304,Verderflex,146.2.0304,PERISTALTICA,CALIDAD_PRECIO,0.239,2.387,122.3,3248.8,False,D25 SW UCCLPP 23R 0.55K NR TF V,,Trifasico 400V,0.6,,Caucho natural (NR),
VERDER-146_2_0209,Verderflex,146.2.0209,PERISTALTICA,CALIDAD_PRECIO,0.239,2.387,122.3,3311.89,False,D25 SW USCL SS 35R 0.75K EP TF V,,Trifasico 400V,0.6,,,
VERDER-146_2_0210,Verderflex,146.2.0210,PERISTALTICA,CALIDAD_PRECIO,0.239,2.387,122.3,3311.89,False,D25 NBR SW USCLSS 35R 0.75K BU TF V,,Trifasico 400V,0.6,,Nitrilo (NBR/Buna-N),
VERDER-146_2_0310,Verderflex,146.2.0310,PERISTALTICA,CALIDAD_PRECIO,0.239,2.387,122.3,3311.89,False,BOMBA D25 SW USCLPP 35R 0.75K BU TF V,,Trifasico 400V,0.6,,,
VERDER-146_2_0208,Verderflex,146.2.0208,PERISTALTICA,CALIDAD_PRECIO,0.239,2.387,122.3,3312.0,False,D25 SW USCLSS 35 R 0.75K NR TF V,,Trifasico 400V,0.6,,Caucho natural (NR),
VERDER-146_2_0232,Verderflex,146.2.0232,PERISTALTICA,CALIDAD_PRECIO,0.239,2.387,122.3,3413.81,False,BOMBA DURA D25 SW USCLSS 35R0.75K FG TF V,,Trifasico 400V,0.6,,,
VERDER-146_0_0641,Verderflex,146.0.0641,PERISTALTICA,CALIDAD_PRECIO,0.022,0.222,122.3,3422.33,False,iDURA10- NBR HOSE -PP INSERTWS WITH VARIATOR,,Trifasico 400V,0.6,Polipropileno,Nitrilo (NBR/Buna-N),
VERDER-148_3022,Verderflex,148.3022,PERISTALTICA,CALIDAD_PRECIO,0.008,0.079,20.4,3480.28,False,BOMBA VERDERFLEX VANTAGE 3000 P R3I EU,,Trifasico 400V,0.6,,,
VERDER-152_0723,Verderflex,152.0723,PERISTALTICA,CALIDAD_PRECIO,0.04,0.396,20.4,3486.05,False,VANTAGE 5000 REMOTE CONTROL,,Trifasico 400V,0.6,,,
VERDER-146_0_5085,Verderflex,146.0.5085,PERISTALTICA,CALIDAD_PRECIO,0.002,0.023,163.0,3501.77,False,IDURA 5 D05 SW UICLPP VAR 0.55K CS P 3W,,Trifasico 400V,0.6,Acero al carbono,,
VERDER-146_2_0212,Verderflex,146.2.0212,PERISTALTICA,CALIDAD_PRECIO,0.239,2.387,122.3,3597.09,False,BOMBA D25 1.1 KW  47 RPM,1.1,Trifasico 400V,0.723,,,
VERDER-146_2_0213,Verderflex,146.2.0213,PERISTALTICA,CALIDAD_PRECIO,0.239,2.387,122.3,3597.09,False,D25 SW USCLSS 47R 1.1K EP TF V,1.1,Trifasico 400V,0.723,,,
VERDER-146_2_0216,Verderflex,146.2.0216,PERISTALTICA,CALIDAD_PRECIO,0.239,2.387,122.3,3597.09,False,BOMBA DURA 25.D25 SW USCLSS 56R 1.1K NR TF V,1.1,Trifasico 400V,0.723,,Caucho natural (NR),
VERDER-146_2_0218,Verderflex,146.2.0218,PERISTALTICA,CALIDAD_PRECIO,0.239,2.387,122.3,3597.09,False,"BOMBA DURA D25NBR 1,1KW",1.1,Trifasico 400V,0.723,,,
VERDER-146_2_0317,Verderflex,146.2.0317,PERISTALTICA,CALIDAD_PRECIO,0.239,2.387,122.3,3597.09,False,D25 SW UCCLPP 56R 1.1K EP TF V,1.1,Trifasico 400V,0.723,,,
VERDER-152_0590,Verderflex,152.0590,PERISTALTICA,CALIDAD_PRECIO,0.04,0.396,20.4,3626.76,False,VANTAGE 5000 RHE H4 R EU-BOMBA VANTAGE REMOTE CONT,,Trifasico 400V,0.6,,,
VERDER-150_0365,Verderflex,150.0365,PERISTALTICA,CALIDAD_PRECIO,0.04,0.396,20.4,3628.94,False,BOMBA VANTAGE 5000-R CONTROL REMOTO,,Trifasico 400V,0.6,,,
VERDER-146_2_0220,Verderflex,146.2.0220,PERISTALTICA,CALIDAD_PRECIO,0.239,2.387,122.3,3677.45,False,D25 SW USCL SS70R 1.5K NR TF V,1.5,Trifasico 400V,0.53,,Caucho natural (NR),
VERDER-146_2_0221,Verderflex,146.2.0221,PERISTALTICA,CALIDAD_PRECIO,0.239,2.387,122.3,3677.45,False,BOMBA DURA 25 EPDM GLICERINA ESPECIAL VERDERSIL,,Trifasico 400V,0.6,,EPDM,
VERDER-152_3782,Verderflex,152.3782,PERISTALTICA,CALIDAD_PRECIO,0.04,0.396,20.4,3764.29,False,VANTAGE 5000 C LH NO R EU CONTROL,,Trifasico 400V,0.6,,,
VERDER-146_2_0214,Verderflex,146.2.0214,PERISTALTICA,CALIDAD_PRECIO,0.239,2.387,122.3,3773.65,False,"DURA 25- NW USCL SS-47R-1,1KW-NBR HOSE",1.1,Trifasico 400V,0.723,,Nitrilo (NBR/Buna-N),
VERDER-146_2_0241,Verderflex,146.2.0241,PERISTALTICA,CALIDAD_PRECIO,0.239,2.387,122.3,3975.84,False,D25 XW USCLSS 47R 1.1K FG ST V MONOFASICA,1.1,Trifasico 400V,0.723,,,
VERDER-146_1_0622,Verderflex,146.1.0622,PERISTALTICA,CALIDAD_PRECIO,0.059,0.593,122.3,3987.04,False,ID15 NW USCLL SS VAR 0.75K NR P1V,,Trifasico 400V,0.6,,Caucho natural (NR),
VERDER-146_3_0276,Verderflex,146.3.0276,PERISTALTICA,CALIDAD_PRECIO,0.529,5.292,163.0,4035.6,False,"DURA 35 1,5KW 47RPM NR HP",1.5,Trifasico 400V,0.6,,Caucho natural (NR),
VERDER-146_1_0605,Verderflex,146.1.0605,PERISTALTICA,CALIDAD_PRECIO,0.059,0.593,122.3,4155.63,False,ID15 SW USCLSS VAR 0.75K NR P3V,,Trifasico 400V,0.6,,Caucho natural (NR),
VERDER-146_1_0608,Verderflex,146.1.0608,PERISTALTICA,CALIDAD_PRECIO,0.059,0.593,122.3,4155.63,False,IDURA 15 SW USCLSS VAR .075K EP P3V,,Trifasico 400V,0.6,,,
VERDER-146_2_1134,Verderflex,146.2.1134,PERISTALTICA,CALIDAD_PRECIO,0.239,2.387,122.3,4219.9,False,"BOMBA DURA 25- 70R - 1,5- EPDM",,Trifasico 400V,0.6,,EPDM,
VERDER-146_1_0428,Verderflex,146.1.0428,PERISTALTICA,CALIDAD_PRECIO,0.059,0.593,122.3,4252.0,False,DURA 15 + INVERTER NR 35 RPM 0.55KW,0.55,Trifasico 400V,0.359,,Caucho natural (NR),
VERDER-140_2_0002,Verderflex,140.2.0002,PERISTALTICA,CALIDAD_PRECIO,0.221,2.21,152.8,4275.34,False,VF25NH USASSS 24R0.55K NR TF,,Trifasico 400V,0.6,,Caucho natural (NR),
VERDER-140_2_0102,Verderflex,140.2.0102,PERISTALTICA,CALIDAD_PRECIO,0.221,2.21,152.8,4275.34,False,VF25NH USASPP 24R0.55K NR TF,,Trifasico 400V,0.6,,Caucho natural (NR),
VERDER-140_2_0013,Verderflex,140.2.0013,PERISTALTICA,CALIDAD_PRECIO,0.221,2.21,152.8,4292.72,False,"VF25SH USASSS 54R 0,75K EPTF",,Trifasico 400V,0.6,,,
VERDER-140_2_0113,Verderflex,140.2.0113,PERISTALTICA,CALIDAD_PRECIO,0.221,2.21,152.8,4292.72,False,VF25NH USASPP 54R0.75K EP TF,,Trifasico 400V,0.6,,,
VERDER-152_0365,Verderflex,152.0365,PERISTALTICA,CALIDAD_PRECIO,0.04,0.396,20.4,4498.81,False,BOMBA VANTAGE 5000-R CONTROL REMOTO,,Trifasico 400V,0.6,,,
VERDER-152_3789,Verderflex,152.3789,PERISTALTICA,CALIDAD_PRECIO,0.04,0.396,20.4,4498.81,False,VANTAGE 5000 REMOTE PUMP- LH NO R EU,,Trifasico 400V,0.6,,,
VERDER-152_4006,Verderflex,152.4006,PERISTALTICA,CALIDAD_PRECIO,0.04,0.396,20.4,4498.81,False,VANTAGE 5000 R EU REMOTE,,Trifasico 400V,0.6,,,
VERDER-146_0_5187,Verderflex,146.0.5187,PERISTALTICA,CALIDAD_PRECIO,0.002,0.023,163.0,4995.7,False,iD05 CW USCLSS VAR0.55K CS X3EW-HOSE BURST K+PR S.,,Trifasico 400V,0.6,Acero al carbono,,
VERDER-146_1_0648,Verderflex,146.1.0648,PERISTALTICA,CALIDAD_PRECIO,0.059,0.593,122.3,5001.58,False,DURA 15 XW UCCLPP 70R-0.75K NR XLHV,,Trifasico 400V,0.6,,Caucho natural (NR),
VERDER-146_2_0626,Verderflex,146.2.0626,PERISTALTICA,CALIDAD_PRECIO,0.239,2.387,122.3,5010.44,False,iDURA25-D25 SW USCLSS VAR1.5K NR P3 V-,,Trifasico 400V,0.6,,Caucho natural (NR),
VERDER-146_2_0629,Verderflex,146.2.0629,PERISTALTICA,CALIDAD_PRECIO,0.239,2.387,122.3,5010.44,False,ID25 SW USCLSS VAR1.5 K EP P3 V,,Trifasico 400V,0.6,,,
VERDER-146_3_0229,Verderflex,146.3.0229,PERISTALTICA,CALIDAD_PRECIO,0.529,5.292,163.0,5527.87,False,"BOMBA DURA 35 SS EPDM 1,1 KW",1.1,Trifasico 400V,0.6,,EPDM,
VERDER-146_3_0236,Verderflex,146.3.0236,PERISTALTICA,CALIDAD_PRECIO,0.529,5.292,163.0,5527.87,False,D35 SW USCLSS 35R 1.5K NR TF V,1.5,Trifasico 400V,0.6,,Caucho natural (NR),
VERDER-146_3_0237,Verderflex,146.3.0237,PERISTALTICA,CALIDAD_PRECIO,0.529,5.292,163.0,5527.87,False,D35 SW 1.5K EPDM TF V,1.5,Trifasico 400V,0.6,,EPDM,
VERDER-146_3_0240,Verderflex,146.3.0240,PERISTALTICA,CALIDAD_PRECIO,0.529,5.292,163.0,5527.87,False,D35 SW USCLSS 47R 1.5K NR TF V BAJA PRESION,1.5,Trifasico 400V,0.6,,Caucho natural (NR),
VERDER-146_3_0242,Verderflex,146.3.0242,PERISTALTICA,CALIDAD_PRECIO,0.529,5.292,163.0,5527.87,False,D35 SW USCL SS NBR 47R 1.5K BU T F V,1.5,Trifasico 400V,0.6,,Nitrilo (NBR/Buna-N),
VERDER-146_3_0341,Verderflex,146.3.0341,PERISTALTICA,CALIDAD_PRECIO,0.529,5.292,163.0,5527.87,False,BOMBA DURA 35- 47RPM-1.5KW- EPDM-INSERTS PP,1.5,Trifasico 400V,0.6,Polipropileno,EPDM,
VERDER-146_3_0232,Verderflex,146.3.0232,PERISTALTICA,CALIDAD_PRECIO,0.529,5.292,163.0,5619.22,False,"DURA 35-SW USCLSS -28R-1,5K- NR HOSE",,Trifasico 400V,0.6,,Caucho natural (NR),
VERDER-146_3_0245,Verderflex,146.3.0245,PERISTALTICA,CALIDAD_PRECIO,0.529,5.292,163.0,5687.15,False,DURA 35- 70RPM-2.2KW- MANG:EPDM,2.2,Trifasico 400V,0.6,,EPDM,
VERDER-146_3_0254,Verderflex,146.3.0254,PERISTALTICA,PREMIUM,0.529,5.292,163.0,5741.8,False,D35 NW USCLSS 47R 1.5K FG TF V,1.5,Trifasico 400V,0.6,,,
VERDER-140_3_0008,Verderflex,140.3.0008,PERISTALTICA,PREMIUM,0.42,4.2,152.8,6114.0,False,VF32NH USASSS 43R 1.5K NR TF,1.5,Trifasico 400V,0.6,,Caucho natural (NR),
VERDER-140_3_0016,Verderflex,140.3.0016,PERISTALTICA,PREMIUM,0.42,4.2,152.8,6208.86,False,VF32 67 R USASS (INSERTOS PP) EPDM TF 2.2 KW,2.2,Trifasico 400V,0.795,Polipropileno,EPDM,
VERDER-140_3_0020,Verderflex,140.3.0020,PERISTALTICA,PREMIUM,0.42,4.2,152.8,6208.86,False,VF32NH USASSS 85R 2.2K NR TF,2.2,Trifasico 400V,0.795,,Caucho natural (NR),
VERDER-140_3_0118,Verderflex,140.3.0118,PERISTALTICA,PREMIUM,0.42,4.2,152.8,6208.86,False,VF32NH USASPP 75R 2.2K NR TF,2.2,Trifasico 400V,0.795,,Caucho natural (NR),
VERDER-136_4_0486,Verderflex,136.4.0486,PERISTALTICA,PREMIUM,1.224,12.24,163.0,6326.0,False,DURA 45 XP UCASSS 38R 4.0K EP TSH-C/DETECT. ROTURA,4.0,Trifasico 400V,0.6,,,
VERDER-146_2_0674,Verderflex,146.2.0674,PERISTALTICA,PREMIUM,0.239,2.387,122.3,6388.88,False,DURA 25 NW UCCLPP 47R- 1.1K- NR XLHV,1.1,Trifasico 400V,0.723,,Caucho natural (NR),
VERDER-146_2_1124,Verderflex,146.2.1124,PERISTALTICA,PREMIUM,0.239,2.387,122.3,6862.98,False,iD25 CW USCLSS VAR-1.5K CS X3EW-HOSE BURST K+PR S,1.5,Trifasico 400V,0.53,Acero al carbono,,
VERDER-136_4_0016,Verderflex,136.4.0016,PERISTALTICA,PREMIUM,1.224,12.24,163.0,7196.08,False,DURA 45-D45 SP USASSS 28R 3.0K NR TF,3.0,Trifasico 400V,0.6,,Caucho natural (NR),
VERDER-136_4_0017,Verderflex,136.4.0017,PERISTALTICA,PREMIUM,1.224,12.24,163.0,7196.08,False,D45 SP USASSS 28R 3.0K EP TF,3.0,Trifasico 400V,0.6,,,
VERDER-136_4_0018,Verderflex,136.4.0018,PERISTALTICA,PREMIUM,1.224,12.24,163.0,7196.08,False,DURA 45 - D45 NBR,,Trifasico 400V,0.6,,Nitrilo (NBR/Buna-N),
VERDER-136_4_0020,Verderflex,136.4.0020,PERISTALTICA,PREMIUM,1.224,12.24,163.0,7196.08,False,D45 SP USASSS 38R 4.0K NR TF,4.0,Trifasico 400V,0.6,,Caucho natural (NR),
VERDER-136_4_0021,Verderflex,136.4.0021,PERISTALTICA,PREMIUM,1.224,12.24,163.0,7196.08,False,D45 SP USASSS 38R 4.0 K EP TF,,Trifasico 400V,0.6,,,
VERDER-136_4_0024,Verderflex,136.4.0024,PERISTALTICA,PREMIUM,1.224,12.24,163.0,7196.08,False,DURA 45-D45 SP USASSSS 47RPM-4.0KW- NR TF,4.0,Trifasico 400V,0.6,,Caucho natural (NR),
VERDER-136_4_0054,Verderflex,136.4.0054,PERISTALTICA,PREMIUM,1.224,12.24,163.0,7196.08,False,DURA45-47RPM-4.0KW-FG TF,4.0,Trifasico 400V,0.6,,,
VERDER-136_4_0117,Verderflex,136.4.0117,PERISTALTICA,PREMIUM,1.224,12.24,163.0,7196.08,False,BOMBA DURA 45 SP UCASPP 28R 3.0K EP TF,3.0,Trifasico 400V,0.6,,,
VERDER-136_4_0028,Verderflex,136.4.0028,PERISTALTICA,PREMIUM,1.224,12.24,163.0,7532.67,False,D45 SP USASSS 59R 5.5K NR TF,5.5,Trifasico 400V,0.989,,Caucho natural (NR),
VERDER-136_4_0219,Verderflex,136.4.0219,PERISTALTICA,PREMIUM,1.224,12.24,163.0,7596.76,False,BOMBA DURA 45 SP UCASPV 28R 3.0K CS TF,3.0,Trifasico 400V,0.6,Acero al carbono,,
VERDER-136_4_0227,Verderflex,136.4.0227,PERISTALTICA,PREMIUM,1.224,12.24,163.0,7596.76,False,D45 SP UCASPV 47R 4.0K CS TF-380V-60HZ,4.0,Trifasico 400V,0.6,Acero al carbono,,
VERDER-146_3_0529,Verderflex,146.3.0529,PERISTALTICA,PREMIUM,0.529,5.292,163.0,7715.65,False,ID35 SW USCLSS VAR2.2 K NR P3V,,Trifasico 400V,0.6,,Caucho natural (NR),
VERDER-136_4_0040,Verderflex,136.4.0040,PERISTALTICA,PREMIUM,1.224,12.24,163.0,7789.1,False,D45 SP USASSS 97R 7.5K NR TF,7.5,Trifasico 400V,0.725,,Caucho natural (NR),
VERDER-140_4_0016,Verderflex,140.4.0016,PERISTALTICA,PREMIUM,0.75,7.5,152.8,7827.92,False,VF40SH USASSS 4 1R 1.5K NR TF,1.5,Trifasico 400V,0.6,,Caucho natural (NR),
VERDER-140_4_0036,Verderflex,140.4.0036,PERISTALTICA,PREMIUM,0.75,7.5,152.8,7924.73,False,BOMBA VF40-VF40NH USASSS 71R 2.2K NR TF,2.2,Trifasico 400V,0.6,,Caucho natural (NR),
VERDER-140_4_0128,Verderflex,140.4.0128,PERISTALTICA,PREMIUM,0.75,7.5,152.8,7924.73,False,VF40 NH USASPP 56R 2.2K NR TF,2.2,Trifasico 400V,0.6,,Caucho natural (NR),
VERDER-140_4_0034,Verderflex,140.4.0034,PERISTALTICA,PREMIUM,0.75,7.5,152.8,8103.18,False,VF40NH USASSS 62R 4.0K NR TF,4.0,Trifasico 400V,0.781,,Caucho natural (NR),
VERDER-136_4_0561,Verderflex,136.4.0561,PERISTALTICA,PREMIUM,1.224,12.24,163.0,8718.34,False,D45 XP USASSS 47R 4.0K NR TF,4.0,Trifasico 400V,0.6,,Caucho natural (NR),
VERDER-136_4_4001,Verderflex,136.4.4001,PERISTALTICA,PREMIUM,1.224,12.24,163.0,8905.0,False,D45 SP USASSS VAR4.0K EP P3V - ID45 CON INVERTER,,Trifasico 400V,0.6,,,
VERDER-136_4_4000,Verderflex,136.4.4000,PERISTALTICA,PREMIUM,1.224,12.24,163.0,8905.95,False,ID45 SP USASSS VAR4.0 K NR P 3 V,,Trifasico 400V,0.6,,Caucho natural (NR),
VERDER-146_5_0048,Verderflex,146.5.0048,PERISTALTICA,PREMIUM,1.53,15.3,81.5,9802.88,False,BOMBA D55 SP USASSS 28R 4.0K NR TF,4.0,Trifasico 400V,0.85,,Caucho natural (NR),
VERDER-146_5_0068,Verderflex,146.5.0068,PERISTALTICA,PREMIUM,1.53,15.3,163.0,10114.14,False,DURA 55 SP USASSS 47R 7.5K BU TF NBR,7.5,Trifasico 400V,0.907,,Nitrilo (NBR/Buna-N),
VERDER-146_5_0167,Verderflex,146.5.0167,PERISTALTICA,PREMIUM,1.53,15.3,81.5,10114.14,False,D55 SP UIASPP 47R 7.5K EP TF,7.5,Trifasico 400V,0.453,,,
VERDER-146_6_0026,Verderflex,146.6.0026,PERISTALTICA,PREMIUM,3.3,33.0,163.0,13348.5,False,"DURA 65 - 5,5KW- MANG. NR",5.5,Trifasico 400V,0.6,,Caucho natural (NR),
VERDER-146_6_0040,Verderflex,146.6.0040,PERISTALTICA,PREMIUM,3.3,33.0,163.0,13622.22,False,BOMBA DURA 65-D65 NP USALSS 31R 7.5K EP TF V,7.5,Trifasico 400V,0.6,,,
VERDER-146_6_0160,Verderflex,146.6.0160,PERISTALTICA,PREMIUM,3.3,33.0,163.0,13839.85,False,D65 NP USAHSS 10R 5.5K BU TF V,5.5,Trifasico 400V,0.6,,,
VERDER-136_4_0563,Verderflex,136.4.0563,PERISTALTICA,PREMIUM,1.224,12.24,163.0,15302.0,False,D45 XP USASSS 47R 4.0K NR TFIA,4.0,Trifasico 400V,0.6,,Caucho natural (NR),
VERDER-136_4_4043,Verderflex,136.4.4043,PERISTALTICA,PREMIUM,1.224,12.24,163.0,15302.0,False,D45 XP USASSS 47R 4.0K NR-WEGMOTOR,4.0,Trifasico 400V,0.6,,Caucho natural (NR),
VERDER-136_4_0502,Verderflex,136.4.0502,PERISTALTICA,PREMIUM,1.224,12.24,163.0,15781.78,True,D45 XP USASSS 47R 4.0K TFIA NR  ATEX,4.0,Trifasico 400V,0.6,,Caucho natural (NR),
VERDER-146_8_0051,Verderflex,146.8.0051,PERISTALTICA,PREMIUM,4.2,42.0,163.0,22341.75,False,DURA 80 - D80SP USALSS32R-9.2KW-BUTFV,9.2,Trifasico 400V,0.6,,,
VERDER-146_8_0032,Verderflex,146.8.0032,PERISTALTICA,PREMIUM,4.2,42.0,163.0,24435.58,False,DURA 80 SP USAMMSS 24R 11.0K NR TF V,11.0,Trifasico 400V,0.6,,Caucho natural (NR),
VERDER-140_8_1062,Verderflex,140.8.1062,PERISTALTICA,PREMIUM,4.0,40.0,163.0,24683.56,False,VF80 NP USASSS-30RPM-15KW-BU TF,15.0,Trifasico 400V,0.6,,,
VERDER-146_8_0060,Verderflex,146.8.0060,PERISTALTICA,PREMIUM,4.2,42.0,163.0,26810.1,False,D80 NP USALSS 38R 11.0K BU TF V,11.0,Trifasico 400V,0.6,,,
VERDER-140_9_0010,Verderflex,140.9.0010,PERISTALTICA,PREMIUM,9.0,90.0,163.0,44626.81,False,VF125NP DNASSS 25R 30K0 NR TFH CON GMU Y FITTED,,Trifasico 400V,0.6,,Caucho natural (NR),
