id,brand,model,technology,profile,min_flow_m3h,max_flow_m3h,max_head_m,base_cost_eur,is_atex,description,recommended_motor_kw,motor_voltage,match_score,wetted_body_material,wetted_elastomer_material,curve_reference_url,real_efficiency_pct
ARO-PD01P-HPS-0NA-A,ARO (Ingersoll Rand),PD01P-HPS-0NA-A,NEUMATICA_DOBLE_MEMBRANA,BARATA,0.06,1.2,87.6,270.0,False,"1/4"" NON-METALLIC PUMP",0.0,Sin motor electrico (neumatica),0.2,,,,
ARO-PD01P-HPS-PAA-A,ARO (Ingersoll Rand),PD01P-HPS-PAA-A,NEUMATICA_DOBLE_MEMBRANA,BARATA,0.06,1.2,87.6,425.0,False,"1/4"" NON-METALLIC PUMP",0.0,Sin motor electrico (neumatica),0.2,Polipropileno (no metálica),Santoprene,,
ARO-PD01P-HPS-0KA-A,ARO (Ingersoll Rand),PD01P-HPS-0KA-A,NEUMATICA_DOBLE_MEMBRANA,BARATA,0.06,1.2,87.6,474.61,False,"1/4"" NON-METALLIC PUMP",0.0,Sin motor electrico (neumatica),0.2,,,,
ARO-PD01P-HPS-PGG-A,ARO (Ingersoll Rand),PD01P-HPS-PGG-A,NEUMATICA_DOBLE_MEMBRANA,BARATA,0.06,1.2,87.6,487.46,False,"1/4"" NON-METALLIC PUMP",0.0,Sin motor electrico (neumatica),0.2,Polipropileno (no metálica),Nitrilo (NBR/Buna-N),,
ARO-PD01P-HPS-PCC-A,ARO (Ingersoll Rand),PD01P-HPS-PCC-A,NEUMATICA_DOBLE_MEMBRANA,BARATA,0.06,1.2,87.6,491.13,False,"1/4"" NON-METALLIC PUMP",0.0,Sin motor electrico (neumatica),0.2,Polipropileno (no metálica),Hytrel,,
ARO-PD01P-HRS-PAA-A,ARO (Ingersoll Rand),PD01P-HRS-PAA-A,NEUMATICA_DOBLE_MEMBRANA,BARATA,0.06,1.2,87.6,502.15,False,"1/4"" NON-METALLIC PUMP",0.0,Sin motor electrico (neumatica),0.2,Polipropileno (no metálica),Santoprene,,
ARO-PE01P-HPS-PAA-AA0,ARO (Ingersoll Rand),PE01P-HPS-PAA-AA0,NEUMATICA_DOBLE_MEMBRANA,BARATA,0.06,1.2,87.6,525.1,False,"1/4"" NON-METALLIC PUMP",0.0,Sin motor electrico (neumatica),0.2,Polipropileno (no metálica),Santoprene,,
ARO-PE01P-HPS-PAA-AC0,ARO (Ingersoll Rand),PE01P-HPS-PAA-AC0,NEUMATICA_DOBLE_MEMBRANA,BARATA,0.06,1.2,87.6,525.1,False,"1/4"" NON-METALLIC PUMP",0.0,Sin motor electrico (neumatica),0.2,Polipropileno (no metálica),Santoprene,,
ARO-PD03P-APS-PAA,ARO (Ingersoll Rand),PD03P-APS-PAA,NEUMATICA_DOBLE_MEMBRANA,BARATA,0.12,2.406,70.3,539.78,False,PUMP ASSEMBLY,0.0,Sin motor electrico (neumatica),0.2,Polipropileno (no metálica),Santoprene,,
ARO-PE01P-HPS-0KA-AD0,ARO (Ingersoll Rand),PE01P-HPS-0KA-AD0,NEUMATICA_DOBLE_MEMBRANA,BARATA,0.06,1.2,87.6,539.78,False,"1/4"" NON-METALLIC PUMP",0.0,Sin motor electrico (neumatica),0.2,,,,
ARO-PD01P-HPS-0JC-A,ARO (Ingersoll Rand),PD01P-HPS-0JC-A,NEUMATICA_DOBLE_MEMBRANA,BARATA,0.06,1.2,87.6,563.65,False,"1/4"" NON-METALLIC PUMP",0.0,Sin motor electrico (neumatica),0.2,,,,
ARO-PD01P-HPS-PTT-A,ARO (Ingersoll Rand),PD01P-HPS-PTT-A,NEUMATICA_DOBLE_MEMBRANA,BARATA,0.06,1.2,87.6,565.0,False,"1/4"" NON-METALLIC PUMP",0.0,Sin motor electrico (neumatica),0.2,Polipropileno (no metálica),PTFE (Teflón),,
ARO-PD03P-ARS-PCC,ARO (Ingersoll Rand),PD03P-ARS-PCC,NEUMATICA_DOBLE_MEMBRANA,BARATA,0.12,2.406,70.3,570.08,False,PUMP ASSEMBLY,0.0,Sin motor electrico (neumatica),0.2,Polipropileno (no metálica),Hytrel,,
ARO-PD01E-HES-DAA-A,ARO (Ingersoll Rand),PD01E-HES-DAA-A,NEUMATICA_DOBLE_MEMBRANA,BARATA,0.06,1.2,87.6,615.98,False,1/4 NON-METALLIC PUMP,0.0,Sin motor electrico (neumatica),0.2,,,,
ARO-PD01P-HPS-0LT-A,ARO (Ingersoll Rand),PD01P-HPS-0LT-A,NEUMATICA_DOBLE_MEMBRANA,BARATA,0.06,1.2,87.6,623.32,False,"1/4"" NON-METALLIC PUMP",0.0,Sin motor electrico (neumatica),0.2,,,,
ARO-PE01P-HPS-PAA-AD0,ARO (Ingersoll Rand),PE01P-HPS-PAA-AD0,NEUMATICA_DOBLE_MEMBRANA,BARATA,0.06,1.2,87.6,627.91,False,"1/4"" NON-METALLIC PUMP",0.0,Sin motor electrico (neumatica),0.2,Polipropileno (no metálica),Santoprene,,
ARO-PD03P-BRS-PAA,ARO (Ingersoll Rand),PD03P-BRS-PAA,NEUMATICA_DOBLE_MEMBRANA,BARATA,0.12,2.406,70.3,629.75,False,PUMP ASSEMBLY,0.0,Sin motor electrico (neumatica),0.2,Polipropileno (no metálica),Santoprene,,
ARO-PD03P-ARS-PAA,ARO (Ingersoll Rand),PD03P-ARS-PAA,NEUMATICA_DOBLE_MEMBRANA,BARATA,0.12,2.406,70.3,630.0,False,PUMP ASSEMBLY,0.0,Sin motor electrico (neumatica),0.2,Polipropileno (no metálica),Santoprene,,
ARO-PD01P-HRS-PTT-A,ARO (Ingersoll Rand),PD01P-HRS-PTT-A,NEUMATICA_DOBLE_MEMBRANA,BARATA,0.06,1.2,87.6,644.44,False,"1/4"" NON-METALLIC PUMP",0.0,Sin motor electrico (neumatica),0.2,Polipropileno (no metálica),PTFE (Teflón),,
ARO-PD03P-BPS-PAA,ARO (Ingersoll Rand),PD03P-BPS-PAA,NEUMATICA_DOBLE_MEMBRANA,BARATA,0.12,2.406,70.3,646.27,False,PUMP ASSEMBLY,0.0,Sin motor electrico (neumatica),0.2,Polipropileno (no metálica),Santoprene,,
ARO-PE01P-HPS-PAA-AB0,ARO (Ingersoll Rand),PE01P-HPS-PAA-AB0,NEUMATICA_DOBLE_MEMBRANA,BARATA,0.06,1.2,87.6,657.29,False,"1/4"" NON-METALLIC PUMP",0.0,Sin motor electrico (neumatica),0.2,Polipropileno (no metálica),Santoprene,,
ARO-PD03P-ARS-PVV,ARO (Ingersoll Rand),PD03P-ARS-PVV,NEUMATICA_DOBLE_MEMBRANA,BARATA,0.12,2.406,70.3,658.21,False,PUMP ASSEMBLY,0.0,Sin motor electrico (neumatica),0.2,Polipropileno (no metálica),,,
ARO-PD03P-BRS-PCC,ARO (Ingersoll Rand),PD03P-BRS-PCC,NEUMATICA_DOBLE_MEMBRANA,BARATA,0.12,2.406,70.3,668.3,False,PUMP ASSEMBLY,0.0,Sin motor electrico (neumatica),0.2,Polipropileno (no metálica),Hytrel,,
ARO-PD03P-BPS-PCC,ARO (Ingersoll Rand),PD03P-BPS-PCC,NEUMATICA_DOBLE_MEMBRANA,BARATA,0.12,2.406,70.3,675.65,False,PUMP ASSEMBLY,0.0,Sin motor electrico (neumatica),0.2,Polipropileno (no metálica),Hytrel,,
ARO-PD01P-HKS-KAA-A,ARO (Ingersoll Rand),PD01P-HKS-KAA-A,NEUMATICA_DOBLE_MEMBRANA,BARATA,0.06,1.2,87.6,682.07,False,"1/4"" NON-METALLIC PUMP",0.0,Sin motor electrico (neumatica),0.2,Polipropileno (no metálica),Santoprene,,
ARO-PE01P-HPS-PTT-AA0,ARO (Ingersoll Rand),PE01P-HPS-PTT-AA0,NEUMATICA_DOBLE_MEMBRANA,BARATA,0.06,1.2,87.6,692.17,False,"1/4"" NON-METALLIC PUMP",0.0,Sin motor electrico (neumatica),0.2,Polipropileno (no metálica),PTFE (Teflón),,
ARO-PE01P-HPS-PTT-AD0,ARO (Ingersoll Rand),PE01P-HPS-PTT-AD0,NEUMATICA_DOBLE_MEMBRANA,BARATA,0.06,1.2,87.6,692.17,False,"1/4"" NON-METALLIC PUMP",0.0,Sin motor electrico (neumatica),0.2,Polipropileno (no metálica),PTFE (Teflón),,
ARO-PE01P-HPS-0LT-AD0,ARO (Ingersoll Rand),PE01P-HPS-0LT-AD0,NEUMATICA_DOBLE_MEMBRANA,BARATA,0.06,1.2,87.6,715.12,False,"1/4"" NON-METALLIC PUMP",0.0,Sin motor electrico (neumatica),0.2,,,,
ARO-PD03P-APS-PTT,ARO (Ingersoll Rand),PD03P-APS-PTT,NEUMATICA_DOBLE_MEMBRANA,BARATA,0.12,2.406,70.3,719.71,False,PUMP ASSEMBLY,0.0,Sin motor electrico (neumatica),0.2,Polipropileno (no metálica),PTFE (Teflón),,
ARO-PD03P-BPS-SAA,ARO (Ingersoll Rand),PD03P-BPS-SAA,NEUMATICA_DOBLE_MEMBRANA,BARATA,0.12,2.406,70.3,740.83,False,PUMP ASSEMBLY,0.0,Sin motor electrico (neumatica),0.2,Polipropileno (no metálica),Santoprene,,
ARO-PD03P-BRS-SAA,ARO (Ingersoll Rand),PD03P-BRS-SAA,NEUMATICA_DOBLE_MEMBRANA,BARATA,0.12,2.406,70.3,741.74,False,PUMP ASSEMBLY,0.0,Sin motor electrico (neumatica),0.2,Polipropileno (no metálica),Santoprene,,
ARO-PD03P-BES-DCC,ARO (Ingersoll Rand),PD03P-BES-DCC,NEUMATICA_DOBLE_MEMBRANA,BARATA,0.12,2.406,70.3,743.58,False,PUMP ASSEMBLY,0.0,Sin motor electrico (neumatica),0.2,Polipropileno (no metálica),Hytrel,,
ARO-LM2203A-11-C,ARO (Ingersoll Rand),LM2203A-11-C,NEUMATICA_DOBLE_MEMBRANA,BARATA,1.953,39.06,84.6,745.62,False,"PUMP ASM, 2"" AM, 3:1 OIL - LM2203A-11-C",0.0,Sin motor electrico (neumatica),0.2,,,,
ARO-LM2203A-12-C,ARO (Ingersoll Rand),LM2203A-12-C,NEUMATICA_DOBLE_MEMBRANA,BARATA,1.953,39.06,84.6,745.62,False,"PUMP ASM, 2"" AM, 3:1 OIL - LM2203A-12-C",0.0,Sin motor electrico (neumatica),0.2,,,,
ARO-PD03P-ARS-PTT,ARO (Ingersoll Rand),PD03P-ARS-PTT,NEUMATICA_DOBLE_MEMBRANA,BARATA,0.12,2.406,70.3,780.0,False,PUMP ASSEMBLY,0.0,Sin motor electrico (neumatica),0.2,Polipropileno (no metálica),PTFE (Teflón),,
ARO-LM2203A-31-C,ARO (Ingersoll Rand),LM2203A-31-C,NEUMATICA_DOBLE_MEMBRANA,BARATA,1.953,39.06,84.6,785.4,False,"PUMP ASM, 2"" AM, 3:1 OIL - LM2203A-31-C",0.0,Sin motor electrico (neumatica),0.2,,,,
ARO-LM2203A-32-C,ARO (Ingersoll Rand),LM2203A-32-C,NEUMATICA_DOBLE_MEMBRANA,BARATA,1.953,39.06,84.6,785.4,False,"PUMP ASM, 2"" AM, 3:1 OIL - LM2203A-32-C",0.0,Sin motor electrico (neumatica),0.2,,,,
ARO-PD01E-HES-DTT-A,ARO (Ingersoll Rand),PD01E-HES-DTT-A,NEUMATICA_DOBLE_MEMBRANA,BARATA,0.06,1.2,87.6,794.07,False,"1/4"" NON-METALLIC PUMP",0.0,Sin motor electrico (neumatica),0.2,,,,
ARO-PD03P-BRS-PTT,ARO (Ingersoll Rand),PD03P-BRS-PTT,NEUMATICA_DOBLE_MEMBRANA,BARATA,0.12,2.406,70.3,798.66,False,PUMP ASSEMBLY,0.0,Sin motor electrico (neumatica),0.2,Polipropileno (no metálica),PTFE (Teflón),,
ARO-PD03P-BPS-PTT,ARO (Ingersoll Rand),PD03P-BPS-PTT,NEUMATICA_DOBLE_MEMBRANA,BARATA,0.12,2.406,70.3,807.84,False,PUMP ASSEMBLY,0.0,Sin motor electrico (neumatica),0.2,Polipropileno (no metálica),PTFE (Teflón),,
ARO-PE03P-BPS-PAA-AD0,ARO (Ingersoll Rand),PE03P-BPS-PAA-AD0,NEUMATICA_DOBLE_MEMBRANA,BARATA,0.12,2.406,70.3,814.27,False,"3/8"" PUMP ASSEMBLY",0.0,Sin motor electrico (neumatica),0.2,Polipropileno (no metálica),Santoprene,,
ARO-LM2203A-41-C,ARO (Ingersoll Rand),LM2203A-41-C,NEUMATICA_DOBLE_MEMBRANA,BARATA,1.953,39.06,84.6,821.1,False,"PUMP ASM, 2"" AM, 3:1 OIL - LM2203A-41-C",0.0,Sin motor electrico (neumatica),0.2,,,,
ARO-LM2203A-42-C,ARO (Ingersoll Rand),LM2203A-42-C,NEUMATICA_DOBLE_MEMBRANA,BARATA,1.953,39.06,84.6,821.1,False,"PUMP ASM, 2"" AM, 3:1 OIL - LM2203A-42-C",0.0,Sin motor electrico (neumatica),0.2,,,,
ARO-PE03P-BRS-PAA-AD0,ARO (Ingersoll Rand),PE03P-BRS-PAA-AD0,NEUMATICA_DOBLE_MEMBRANA,BARATA,0.12,2.406,70.3,829.87,False,"3/8"" PUMP ASM",0.0,Sin motor electrico (neumatica),0.2,Polipropileno (no metálica),Santoprene,,
ARO-PE01P-HPS-PAA-ADF,ARO (Ingersoll Rand),PE01P-HPS-PAA-ADF,NEUMATICA_DOBLE_MEMBRANA,BARATA,0.06,1.2,87.6,842.72,False,"1/4"" NON-METALLIC PUMP",0.0,Sin motor electrico (neumatica),0.2,Polipropileno (no metálica),Santoprene,,
ARO-PD03P-BES-DAA,ARO (Ingersoll Rand),PD03P-BES-DAA,NEUMATICA_DOBLE_MEMBRANA,BARATA,0.12,2.406,70.3,857.82,False,PUMP ASSEMBLY,0.0,Sin motor electrico (neumatica),0.2,Polipropileno (no metálica),Santoprene,,
ARO-PD05P-BRS-PAA-B,ARO (Ingersoll Rand),PD05P-BRS-PAA-B,NEUMATICA_DOBLE_MEMBRANA,BARATA,0.164,3.27,70.3,860.0,False,"1/2"" PUMP ASSEMBLY",0.0,Sin motor electrico (neumatica),0.2,Polipropileno (no metálica),Santoprene,,
ARO-PD01E-HDS-1LT-A,ARO (Ingersoll Rand),PD01E-HDS-1LT-A,NEUMATICA_DOBLE_MEMBRANA,BARATA,0.06,1.2,87.6,864.76,False,"1/4"" NON-METALLIC PUMP",0.0,Sin motor electrico (neumatica),0.2,,,,
ARO-666120-3C9-C,ARO (Ingersoll Rand),666120-3C9-C,NEUMATICA_DOBLE_MEMBRANA,BARATA,0.399,7.98,84.6,875.0,False,"PUMP ASM, 1"" METAL DIAPHRAGM PUMP",0.0,Sin motor electrico (neumatica),0.2,,Hytrel,,
ARO-PD05P-APS-PCC-B,ARO (Ingersoll Rand),PD05P-APS-PCC-B,NEUMATICA_DOBLE_MEMBRANA,BARATA,0.164,3.27,70.3,884.03,False,"1/2"" PUMP ASSEMBLY",0.0,Sin motor electrico (neumatica),0.2,Polipropileno (no metálica),Hytrel,,
ARO-PD05P-BPS-PAA-B,ARO (Ingersoll Rand),PD05P-BPS-PAA-B,NEUMATICA_DOBLE_MEMBRANA,BARATA,0.164,3.27,70.3,899.64,False,1/2 PUMP ASSEMBLY,0.0,Sin motor electrico (neumatica),0.2,Polipropileno (no metálica),Santoprene,,
ARO-PD03P-ADS-DTT,ARO (Ingersoll Rand),PD03P-ADS-DTT,NEUMATICA_DOBLE_MEMBRANA,BARATA,0.12,2.406,70.3,905.15,False,PUMP ASSEMBLY,0.0,Sin motor electrico (neumatica),0.2,Polipropileno (no metálica),PTFE (Teflón),,
ARO-PD05P-ARS-PCC-B,ARO (Ingersoll Rand),PD05P-ARS-PCC-B,NEUMATICA_DOBLE_MEMBRANA,BARATA,0.164,3.27,70.3,917.08,False,"1/2"" PUMP ASSEMBLY",0.0,Sin motor electrico (neumatica),0.2,Polipropileno (no metálica),Hytrel,,
ARO-PE03P-BRS-PTT-AD0,ARO (Ingersoll Rand),PE03P-BRS-PTT-AD0,NEUMATICA_DOBLE_MEMBRANA,BARATA,0.12,2.406,70.3,918.0,False,"3/8"" PUMP ASSEMBLY",0.0,Sin motor electrico (neumatica),0.2,Polipropileno (no metálica),PTFE (Teflón),,
ARO-PD03P-AES-DTT,ARO (Ingersoll Rand),PD03P-AES-DTT,NEUMATICA_DOBLE_MEMBRANA,BARATA,0.12,2.406,70.3,921.67,False,PUMP ASSEMBLY,0.0,Sin motor electrico (neumatica),0.2,Polipropileno (no metálica),PTFE (Teflón),,
ARO-PD05P-ARS-PAA-B,ARO (Ingersoll Rand),PD05P-ARS-PAA-B,NEUMATICA_DOBLE_MEMBRANA,BARATA,0.164,3.27,70.3,921.67,False,1/2 PUMP ASSEMBLY,0.0,Sin motor electrico (neumatica),0.2,Polipropileno (no metálica),Santoprene,,
ARO-PD05P-ARS-PGG-B,ARO (Ingersoll Rand),PD05P-ARS-PGG-B,NEUMATICA_DOBLE_MEMBRANA,BARATA,0.164,3.27,70.3,921.67,False,1/2 PUMP ASSEMBLY,0.0,Sin motor electrico (neumatica),0.2,Polipropileno (no metálica),Nitrilo (NBR/Buna-N),,
ARO-PE05P-BRS-PAA-BP0,ARO (Ingersoll Rand),PE05P-BRS-PAA-BP0,NEUMATICA_DOBLE_MEMBRANA,BARATA,0.136,2.724,70.3,921.67,False,"1/2"" PUMP ASSEMBLY",0.0,Sin motor electrico (neumatica),0.2,Polipropileno (no metálica),Santoprene,,
ARO-PE05P-ARS-PCC-BP0,ARO (Ingersoll Rand),PE05P-ARS-PCC-BP0,NEUMATICA_DOBLE_MEMBRANA,BARATA,0.136,2.724,70.3,925.34,False,"1/2"" PUMP ASSEMBLY",0.0,Sin motor electrico (neumatica),0.2,Polipropileno (no metálica),Hytrel,,
ARO-PD03P-BPS-STT,ARO (Ingersoll Rand),PD03P-BPS-STT,NEUMATICA_DOBLE_MEMBRANA,BARATA,0.12,2.406,70.3,928.1,False,PUMP ASSEMBLY,0.0,Sin motor electrico (neumatica),0.2,Polipropileno (no metálica),PTFE (Teflón),,
ARO-66605J-311,ARO (Ingersoll Rand),66605J-311,NEUMATICA_DOBLE_MEMBRANA,BARATA,0.164,3.27,70.3,930.0,False,"PUMP ASSEMBLY (1/2"" PLASTIC DIAPHRAGM PUMP)",0.0,Sin motor electrico (neumatica),0.2,Plástico (no metálico),,,
ARO-PE03P-BPS-PTT-AD0,ARO (Ingersoll Rand),PE03P-BPS-PTT-AD0,NEUMATICA_DOBLE_MEMBRANA,BARATA,0.12,2.406,70.3,952.88,False,"3/8"" PUMP ASSEMBLY",0.0,Sin motor electrico (neumatica),0.2,Polipropileno (no metálica),PTFE (Teflón),,
ARO-PD03P-BPS-SST,ARO (Ingersoll Rand),PD03P-BPS-SST,NEUMATICA_DOBLE_MEMBRANA,BARATA,0.12,2.406,70.3,955.64,False,PUMP ASSEMBLY,0.0,Sin motor electrico (neumatica),0.2,Polipropileno (no metálica),,,
ARO-PD05P-BRS-PGG-B,ARO (Ingersoll Rand),PD05P-BRS-PGG-B,NEUMATICA_DOBLE_MEMBRANA,BARATA,0.164,3.27,70.3,957.47,False,"1/2"" PUMP ASSEMBLY",0.0,Sin motor electrico (neumatica),0.2,Polipropileno (no metálica),Nitrilo (NBR/Buna-N),,
ARO-666053-0CB,ARO (Ingersoll Rand),666053-0CB,NEUMATICA_DOBLE_MEMBRANA,BARATA,0.164,3.27,70.3,968.49,False,"PUMP ASSEMBLY (1/2"" PLASTIC DIAPHRAGM PUMP)",0.0,Sin motor electrico (neumatica),0.2,Plástico (no metálico),,,
ARO-670273-A,ARO (Ingersoll Rand),670273-A,NEUMATICA_DOBLE_MEMBRANA,BARATA,0.164,3.27,70.3,971.04,False,"1/2"" PLASTIC DIAPHRAGM PUMP - OEM HENNECKE",0.0,Sin motor electrico (neumatica),0.2,Plástico (no metálico),,,
ARO-LM2203A-52-C,ARO (Ingersoll Rand),LM2203A-52-C,NEUMATICA_DOBLE_MEMBRANA,BARATA,1.953,39.06,84.6,980.22,False,"PUMP ASM, 2"" AM, 3:1 OIL - LM2203A-52-C",0.0,Sin motor electrico (neumatica),0.2,,,,
ARO-66605J-389,ARO (Ingersoll Rand),66605J-389,NEUMATICA_DOBLE_MEMBRANA,BARATA,0.164,3.27,70.3,980.42,False,"PUMP ASSEMBLY (1/2"" PLASTIC DIAPHRAGM PUMP)",0.0,Sin motor electrico (neumatica),0.2,Plástico (no metálico),,,
ARO-670093,ARO (Ingersoll Rand),670093,NEUMATICA_DOBLE_MEMBRANA,BARATA,0.136,2.724,70.3,991.44,False,"1/2"" DIAPHRAGM PUMP (NON-METALLIC)",0.0,Sin motor electrico (neumatica),0.2,,,,
ARO-PD03P-BLS-KAA,ARO (Ingersoll Rand),PD03P-BLS-KAA,NEUMATICA_DOBLE_MEMBRANA,BARATA,0.12,2.406,70.3,992.36,False,PUMP ASSEMBLY,0.0,Sin motor electrico (neumatica),0.2,Polipropileno (no metálica),Santoprene,,
ARO-670272-A,ARO (Ingersoll Rand),670272-A,NEUMATICA_DOBLE_MEMBRANA,BARATA,0.164,3.27,70.3,993.48,False,"1/2"" PLASTIC DIAPHRAGM PUMP - OEM HENNECKE",0.0,Sin motor electrico (neumatica),0.2,Plástico (no metálico),,,
ARO-666053-0C8,ARO (Ingersoll Rand),666053-0C8,NEUMATICA_DOBLE_MEMBRANA,BARATA,0.164,3.27,70.3,996.03,False,"PUMP ASSEMBLY (1/2"" PLASTIC DIAPHRAGM PUMP)",0.0,Sin motor electrico (neumatica),0.2,Plástico (no metálico),,,
ARO-666053-3A2,ARO (Ingersoll Rand),666053-3A2,NEUMATICA_DOBLE_MEMBRANA,BARATA,0.164,3.27,70.3,996.03,False,"PUMP ASSEMBLY (1/2"" PLASTIC DIAPHRAGM PUMP)",0.0,Sin motor electrico (neumatica),0.2,Plástico (no metálico),,,
ARO-66605J-322,ARO (Ingersoll Rand),66605J-322,NEUMATICA_DOBLE_MEMBRANA,BARATA,0.164,3.27,70.3,1004.29,False,"PUMP ASSEMBLY (1/2"" PLASTIC DIAPHRAGM PUMP)",0.0,Sin motor electrico (neumatica),0.2,Plástico (no metálico),,,
ARO-PD03P-BDS-STT,ARO (Ingersoll Rand),PD03P-BDS-STT,NEUMATICA_DOBLE_MEMBRANA,BARATA,0.12,2.406,70.3,1004.29,False,PUMP ASSEMBLY,0.0,Sin motor electrico (neumatica),0.2,Polipropileno (no metálica),PTFE (Teflón),,
ARO-66605J-34B,ARO (Ingersoll Rand),66605J-34B,NEUMATICA_DOBLE_MEMBRANA,BARATA,0.164,3.27,70.3,1005.21,False,"PUMP ASSEMBLY (1/2"" PLASTIC DIAPHRAGM PUMP)",0.0,Sin motor electrico (neumatica),0.2,Plástico (no metálico),,,
ARO-PE01P-HPS-PTT-ACF,ARO (Ingersoll Rand),PE01P-HPS-PTT-ACF,NEUMATICA_DOBLE_MEMBRANA,BARATA,0.06,1.2,87.6,1011.64,False,"1/4"" NON-METALLIC PUMP",0.0,Sin motor electrico (neumatica),0.2,Polipropileno (no metálica),PTFE (Teflón),,
ARO-PE01P-HPS-PTT-ADF,ARO (Ingersoll Rand),PE01P-HPS-PTT-ADF,NEUMATICA_DOBLE_MEMBRANA,BARATA,0.06,1.2,87.6,1011.64,False,"1/4"" NON-METALLIC PUMP",0.0,Sin motor electrico (neumatica),0.2,Polipropileno (no metálica),PTFE (Teflón),,
ARO-PD07P-BPS-PAA,ARO (Ingersoll Rand),PD07P-BPS-PAA,NEUMATICA_DOBLE_MEMBRANA,BARATA,0.168,3.36,70.3,1015.0,False,"3/4"" PUMP ASM (NON-METAL)",0.0,Sin motor electrico (neumatica),0.2,Polipropileno (no metálica),Santoprene,,
ARO-PD07P-APS-PAA,ARO (Ingersoll Rand),PD07P-APS-PAA,NEUMATICA_DOBLE_MEMBRANA,BARATA,0.168,3.36,70.3,1017.14,False,PUMP ASM,0.0,Sin motor electrico (neumatica),0.2,Polipropileno (no metálica),Santoprene,,
ARO-PD05P-AAS-FAA,ARO (Ingersoll Rand),PD05P-AAS-FAA,NEUMATICA_DOBLE_MEMBRANA,BARATA,0.164,3.27,70.3,1020.0,False,"PUMP, DIAPHRAGM PD05P-AAS-FAA",0.0,Sin motor electrico (neumatica),0.2,Polipropileno (no metálica),Santoprene,,
ARO-PD07P-BPS-PCC,ARO (Ingersoll Rand),PD07P-BPS-PCC,NEUMATICA_DOBLE_MEMBRANA,BARATA,0.168,3.36,70.3,1020.82,False,3/4 PUMP ASM (NON-METAL),0.0,Sin motor electrico (neumatica),0.2,Polipropileno (no metálica),Hytrel,,
ARO-LM2250E-31-B,ARO (Ingersoll Rand),LM2250E-31-B,NEUMATICA_DOBLE_MEMBRANA,BARATA,1.953,39.06,84.6,1024.08,False,"PUMP ASM, 2"" AM, 50:1 GREASE - LM2250E-31-B",0.0,Sin motor electrico (neumatica),0.2,,,,
ARO-PD03P-BES-DTT,ARO (Ingersoll Rand),PD03P-BES-DTT,NEUMATICA_DOBLE_MEMBRANA,BARATA,0.12,2.406,70.3,1035.5,False,PUMP ASSEMBLY,0.0,Sin motor electrico (neumatica),0.2,Polipropileno (no metálica),PTFE (Teflón),,
ARO-666053-389,ARO (Ingersoll Rand),666053-389,NEUMATICA_DOBLE_MEMBRANA,BARATA,0.164,3.27,70.3,1047.44,False,"PUMP ASSEMBLY (1/2"" PLASTIC DIAPHRAGM PUMP)",0.0,Sin motor electrico (neumatica),0.2,Plástico (no metálico),,,
ARO-66605J-2EB,ARO (Ingersoll Rand),66605J-2EB,NEUMATICA_DOBLE_MEMBRANA,BARATA,0.164,3.27,70.3,1054.78,False,"PUMP ASSEMBLY (1/2"" PLASTIC DIAPHRAGM PUMP)",0.0,Sin motor electrico (neumatica),0.2,Plástico (no metálico),,,
ARO-PD05R-BAS-PAA-B,ARO (Ingersoll Rand),PD05R-BAS-PAA-B,NEUMATICA_DOBLE_MEMBRANA,BARATA,0.136,2.724,70.3,1055.7,False,"1/2"" PUMP ASM. (METAL)",0.0,Sin motor electrico (neumatica),0.2,Polipropileno (centro) con cabezales metálicos,Santoprene,,
ARO-PE05P-BRS-PAA-BD0,ARO (Ingersoll Rand),PE05P-BRS-PAA-BD0,NEUMATICA_DOBLE_MEMBRANA,BARATA,0.136,2.724,70.3,1056.62,False,"1/2"" PUMP ASSEMBLY",0.0,Sin motor electrico (neumatica),0.2,Polipropileno (no metálica),Santoprene,,
ARO-666053-311,ARO (Ingersoll Rand),666053-311,NEUMATICA_DOBLE_MEMBRANA,BARATA,0.164,3.27,70.3,1061.21,False,"PUMP ASSEMBLY (1/2"" PLASTIC DIAPHRAGM PUMP)",0.0,Sin motor electrico (neumatica),0.2,Plástico (no metálico),,,
ARO-PD05R-AAS-PAA-B,ARO (Ingersoll Rand),PD05R-AAS-PAA-B,NEUMATICA_DOBLE_MEMBRANA,BARATA,0.136,2.724,70.3,1062.13,False,"1/2"" PUMP ASM. (METAL)",0.0,Sin motor electrico (neumatica),0.2,Polipropileno (centro) con cabezales metálicos,Santoprene,,
ARO-LM2250E-42-B,ARO (Ingersoll Rand),LM2250E-42-B,NEUMATICA_DOBLE_MEMBRANA,BARATA,1.953,39.06,84.6,1063.86,False,"PUMP ASM, 2"" AM, 50:1 GREASE - LM2250E-42-B",0.0,Sin motor electrico (neumatica),0.2,,,,
ARO-LM2305A-12-B,ARO (Ingersoll Rand),LM2305A-12-B,NEUMATICA_DOBLE_MEMBRANA,BARATA,2.691,53.82,84.6,1064.88,False,"PUMP ASM, 3"" AIR MOTOR, 5:1 RATIO",0.0,Sin motor electrico (neumatica),0.2,,,,
ARO-PE05P-BPS-PAA-BB0,ARO (Ingersoll Rand),PE05P-BPS-PAA-BB0,NEUMATICA_DOBLE_MEMBRANA,BARATA,0.136,2.724,70.3,1068.55,False,"1/2"" PUMP ASSEMBLY",0.0,Sin motor electrico (neumatica),0.2,Polipropileno (no metálica),Santoprene,,
ARO-PD03P-ALS-KVV,ARO (Ingersoll Rand),PD03P-ALS-KVV,NEUMATICA_DOBLE_MEMBRANA,BARATA,0.12,2.406,70.3,1069.47,False,"3/8"" PUMP ASSEMBLY - RESTRICTED",0.0,Sin motor electrico (neumatica),0.2,Polipropileno (no metálica),,,
ARO-PD05P-ARS-SSA-B,ARO (Ingersoll Rand),PD05P-ARS-SSA-B,NEUMATICA_DOBLE_MEMBRANA,BARATA,0.164,3.27,70.3,1069.47,False,"1/2"" PUMP ASSEMBLY",0.0,Sin motor electrico (neumatica),0.2,Polipropileno (no metálica),,,
ARO-LM2250E-62-B,ARO (Ingersoll Rand),LM2250E-62-B,NEUMATICA_DOBLE_MEMBRANA,BARATA,1.953,39.06,84.6,1071.0,False,"PUMP ASM, 2"" AM, 50:1 GREASE - LM2250E-62-B",0.0,Sin motor electrico (neumatica),0.2,,,,
ARO-PD05P-AAS-PGG,ARO (Ingersoll Rand),PD05P-AAS-PGG,NEUMATICA_DOBLE_MEMBRANA,BARATA,0.164,3.27,70.3,1076.81,False,1/2ALUM PUMP ASM,0.0,Sin motor electrico (neumatica),0.2,Polipropileno (no metálica),Nitrilo (NBR/Buna-N),,
ARO-PD05R-AAS-PGG-B,ARO (Ingersoll Rand),PD05R-AAS-PGG-B,NEUMATICA_DOBLE_MEMBRANA,BARATA,0.136,2.724,70.3,1076.81,False,1/2 PUMP ASM. (METAL),0.0,Sin motor electrico (neumatica),0.2,Polipropileno (centro) con cabezales metálicos,Nitrilo (NBR/Buna-N),,
ARO-PD05R-BAS-PGG-B,ARO (Ingersoll Rand),PD05R-BAS-PGG-B,NEUMATICA_DOBLE_MEMBRANA,BARATA,0.136,2.724,70.3,1076.81,False,"1/2"" PUMP ASM. (METAL)",0.0,Sin motor electrico (neumatica),0.2,Polipropileno (centro) con cabezales metálicos,Nitrilo (NBR/Buna-N),,
ARO-PD05R-BAS-FAA-B,ARO (Ingersoll Rand),PD05R-BAS-FAA-B,NEUMATICA_DOBLE_MEMBRANA,BARATA,0.136,2.724,70.3,1078.65,False,"1/2"" PUMP ASM. (METAL)",0.0,Sin motor electrico (neumatica),0.2,Polipropileno (centro) con cabezales metálicos,Santoprene,,
ARO-PD05R-AAS-PCC-B,ARO (Ingersoll Rand),PD05R-AAS-PCC-B,NEUMATICA_DOBLE_MEMBRANA,BARATA,0.136,2.724,70.3,1079.57,False,"1/2"" PUMP ASM. (METAL)",0.0,Sin motor electrico (neumatica),0.2,Polipropileno (centro) con cabezales metálicos,Hytrel,,
ARO-PD03P-BDS-DTT,ARO (Ingersoll Rand),PD03P-BDS-DTT,NEUMATICA_DOBLE_MEMBRANA,BARATA,0.12,2.406,70.3,1080.18,False,PUMP ASSEMBLY,0.0,Sin motor electrico (neumatica),0.2,Polipropileno (no metálica),PTFE (Teflón),,
ARO-PD05P-BRS-PTT-B,ARO (Ingersoll Rand),PD05P-BRS-PTT-B,NEUMATICA_DOBLE_MEMBRANA,BARATA,0.164,3.27,70.3,1085.0,False,1/2 PUMP ASSEMBLY,0.0,Sin motor electrico (neumatica),0.2,Polipropileno (no metálica),PTFE (Teflón),,
ARO-LM2305A-11-B,ARO (Ingersoll Rand),LM2305A-11-B,NEUMATICA_DOBLE_MEMBRANA,BARATA,2.691,53.82,84.6,1086.3,False,"PUMP ASM, 3"" AIR MOTOR, 5:1 RATIO",0.0,Sin motor electrico (neumatica),0.2,,,,
ARO-666053-333,ARO (Ingersoll Rand),666053-333,NEUMATICA_DOBLE_MEMBRANA,BARATA,0.164,3.27,70.3,1086.91,False,"PUMP ASSEMBLY (1/2"" PLASTIC DIAPHRAGM PUMP)",0.0,Sin motor electrico (neumatica),0.2,Plástico (no metálico),,,
ARO-666053-2A2,ARO (Ingersoll Rand),666053-2A2,NEUMATICA_DOBLE_MEMBRANA,BARATA,0.164,3.27,70.3,1091.5,False,"PUMP ASSEMBLY (1/2"" PLASTIC DIAPHRAGM PUMP)",0.0,Sin motor electrico (neumatica),0.2,Plástico (no metálico),,,
ARO-66605J-333,ARO (Ingersoll Rand),66605J-333,NEUMATICA_DOBLE_MEMBRANA,BARATA,0.164,3.27,70.3,1101.6,False,"PUMP ASSEMBLY (1/2"" PLASTIC DIAPHRAGM PUMP)",0.0,Sin motor electrico (neumatica),0.2,Plástico (no metálico),,,
ARO-PD05R-BAS-FGG-B,ARO (Ingersoll Rand),PD05R-BAS-FGG-B,NEUMATICA_DOBLE_MEMBRANA,BARATA,0.136,2.724,70.3,1109.86,False,"1/2"" PUMP ASM. (METAL)",0.0,Sin motor electrico (neumatica),0.2,Polipropileno (centro) con cabezales metálicos,Nitrilo (NBR/Buna-N),,
ARO-666120-3EB-C,ARO (Ingersoll Rand),666120-3EB-C,NEUMATICA_DOBLE_MEMBRANA,BARATA,0.399,7.98,84.6,1110.0,False,"PUMP ASM, 1"" METAL DIAPHRAGM PUMP",0.0,Sin motor electrico (neumatica),0.2,,Santoprene,,
ARO-PD03P-BES-SST,ARO (Ingersoll Rand),PD03P-BES-SST,NEUMATICA_DOBLE_MEMBRANA,BARATA,0.12,2.406,70.3,1113.53,False,DIAP PUMP- 3/8IN- BSP PD03P-BES-SST,0.0,Sin motor electrico (neumatica),0.2,Polipropileno (no metálica),,,
ARO-PD05R-AAS-FAA-B,ARO (Ingersoll Rand),PD05R-AAS-FAA-B,NEUMATICA_DOBLE_MEMBRANA,BARATA,0.136,2.724,70.3,1118.12,False,"1/2"" PUMP ASM. (METAL)",0.0,Sin motor electrico (neumatica),0.2,Polipropileno (centro) con cabezales metálicos,Santoprene,,
ARO-PD05R-AAS-FGG-B,ARO (Ingersoll Rand),PD05R-AAS-FGG-B,NEUMATICA_DOBLE_MEMBRANA,BARATA,0.136,2.724,70.3,1118.12,False,1/2 PUMP ASM. (METAL),0.0,Sin motor electrico (neumatica),0.2,Polipropileno (centro) con cabezales metálicos,Nitrilo (NBR/Buna-N),,
ARO-PD05P-APS-PTT-B,ARO (Ingersoll Rand),PD05P-APS-PTT-B,NEUMATICA_DOBLE_MEMBRANA,BARATA,0.164,3.27,70.3,1120.88,False,1/2 PUMP ASSEMBLY,0.0,Sin motor electrico (neumatica),0.2,Polipropileno (no metálica),PTFE (Teflón),,
ARO-PE05P-APS-PTT-BP0,ARO (Ingersoll Rand),PE05P-APS-PTT-BP0,NEUMATICA_DOBLE_MEMBRANA,BARATA,0.136,2.724,70.3,1120.88,False,"1/2"" PUMP ASSEMBLY",0.0,Sin motor electrico (neumatica),0.2,Polipropileno (no metálica),PTFE (Teflón),,
ARO-LM2350E-71-B,ARO (Ingersoll Rand),LM2350E-71-B,NEUMATICA_DOBLE_MEMBRANA,BARATA,2.691,53.82,84.6,1122.0,False,"3"" GREASE PUMP-50:1-120LB LM2350E-71-B",0.0,Sin motor electrico (neumatica),0.2,,,,
ARO-PD03P-AES-STT,ARO (Ingersoll Rand),PD03P-AES-STT,NEUMATICA_DOBLE_MEMBRANA,BARATA,0.12,2.406,70.3,1126.08,False,PUMP ASSEMBLY,0.0,Sin motor electrico (neumatica),0.2,Polipropileno (no metálica),PTFE (Teflón),,
ARO-PD03P-BKS-KTT,ARO (Ingersoll Rand),PD03P-BKS-KTT,NEUMATICA_DOBLE_MEMBRANA,BARATA,0.12,2.406,70.3,1126.39,False,"3/8"" PUMP ASSEMBLY-RESTRICTED",0.0,Sin motor electrico (neumatica),0.2,Polipropileno (no metálica),PTFE (Teflón),,
ARO-LM2305A-31-B,ARO (Ingersoll Rand),LM2305A-31-B,NEUMATICA_DOBLE_MEMBRANA,BARATA,2.691,53.82,84.6,1141.38,False,"PUMP ASM, 3"" AIR MOTOR, 5:1 RATIO",0.0,Sin motor electrico (neumatica),0.2,,,,
ARO-LM2305A-32-B,ARO (Ingersoll Rand),LM2305A-32-B,NEUMATICA_DOBLE_MEMBRANA,BARATA,2.691,53.82,84.6,1141.38,False,"PUMP ASM, 3"" AIR MOTOR, 5:1 RATIO",0.0,Sin motor electrico (neumatica),0.2,,,,
ARO-PE05P-BRS-PAA-BS0,ARO (Ingersoll Rand),PE05P-BRS-PAA-BS0,NEUMATICA_DOBLE_MEMBRANA,BARATA,0.136,2.724,70.3,1152.09,False,"1/2"" PUMP ASSEMBLY",0.0,Sin motor electrico (neumatica),0.2,Polipropileno (no metálica),Santoprene,,
ARO-PD05P-AAS-PAA,ARO (Ingersoll Rand),PD05P-AAS-PAA,NEUMATICA_DOBLE_MEMBRANA,BARATA,0.164,3.27,70.3,1156.68,False,1/2ALUM PUMP ASM.,0.0,Sin motor electrico (neumatica),0.2,Polipropileno (no metálica),Santoprene,,
ARO-PE05P-BRS-PTT-BP0,ARO (Ingersoll Rand),PE05P-BRS-PTT-BP0,NEUMATICA_DOBLE_MEMBRANA,BARATA,0.136,2.724,70.3,1163.11,False,"1/2"" PUMP ASSEMBLY",0.0,Sin motor electrico (neumatica),0.2,Polipropileno (no metálica),PTFE (Teflón),,
ARO-PD05R-AAS-SAA-B,ARO (Ingersoll Rand),PD05R-AAS-SAA-B,NEUMATICA_DOBLE_MEMBRANA,BARATA,0.136,2.724,70.3,1169.53,False,"1/2"" PUMP ASM. (METAL)",0.0,Sin motor electrico (neumatica),0.2,Polipropileno (centro) con cabezales metálicos,Santoprene,,
ARO-666053-334,ARO (Ingersoll Rand),666053-334,NEUMATICA_DOBLE_MEMBRANA,BARATA,0.164,3.27,70.3,1172.29,False,"PUMP ASSEMBLY (1/2"" PLASTIC DIAPHRAGM PUMP)",0.0,Sin motor electrico (neumatica),0.2,Plástico (no metálico),,,
ARO-PD05P-AAS-FGG,ARO (Ingersoll Rand),PD05P-AAS-FGG,NEUMATICA_DOBLE_MEMBRANA,BARATA,0.164,3.27,70.3,1175.04,False,"PUMP, DIAPHRAGM 1/2 ALUM PD05P-AAS-FGG",0.0,Sin motor electrico (neumatica),0.2,Polipropileno (no metálica),Nitrilo (NBR/Buna-N),,
ARO-PD03P-ALS-KTT,ARO (Ingersoll Rand),PD03P-ALS-KTT,NEUMATICA_DOBLE_MEMBRANA,BARATA,0.12,2.406,70.3,1175.96,False,"3/8"" PUMP ASSEMBLY - RESTRICTED",0.0,Sin motor electrico (neumatica),0.2,Polipropileno (no metálica),PTFE (Teflón),,
ARO-PD03P-BLS-KTT,ARO (Ingersoll Rand),PD03P-BLS-KTT,NEUMATICA_DOBLE_MEMBRANA,BARATA,0.12,2.406,70.3,1175.96,False,"3/8"" PUMP ASSEMBLY-RESTRICTED",0.0,Sin motor electrico (neumatica),0.2,Polipropileno (no metálica),PTFE (Teflón),,
ARO-666053-3A4,ARO (Ingersoll Rand),666053-3A4,NEUMATICA_DOBLE_MEMBRANA,BARATA,0.164,3.27,70.3,1189.73,False,"PUMP ASSEMBLY (1/2"" PLASTIC DIAPHRAGM PUMP)",0.0,Sin motor electrico (neumatica),0.2,Plástico (no metálico),,,
ARO-PD05P-BPS-PTT-B,ARO (Ingersoll Rand),PD05P-BPS-PTT-B,NEUMATICA_DOBLE_MEMBRANA,BARATA,0.164,3.27,70.3,1200.74,False,"1/2"" PUMP ASSEMBLY",0.0,Sin motor electrico (neumatica),0.2,Polipropileno (no metálica),PTFE (Teflón),,
ARO-PE05P-BPS-PTT-BD0,ARO (Ingersoll Rand),PE05P-BPS-PTT-BD0,NEUMATICA_DOBLE_MEMBRANA,BARATA,0.136,2.724,70.3,1201.66,False,"1/2"" PUMP ASSEMBLY",0.0,Sin motor electrico (neumatica),0.2,Polipropileno (no metálica),PTFE (Teflón),,
ARO-66605H-622,ARO (Ingersoll Rand),66605H-622,NEUMATICA_DOBLE_MEMBRANA,BARATA,0.164,3.27,70.3,1203.5,False,"PUMP ASSEMBLY (1/2"" PLASTIC DIAPHRAGM PUMP)",0.0,Sin motor electrico (neumatica),0.2,Plástico (no metálico),,,
ARO-66605H-6EB,ARO (Ingersoll Rand),66605H-6EB,NEUMATICA_DOBLE_MEMBRANA,BARATA,0.164,3.27,70.3,1203.5,False,"PUMP ASSEMBLY (1/2"" PLASTIC DIAPHRAGM PUMP)",0.0,Sin motor electrico (neumatica),0.2,Plástico (no metálico),,,
ARO-LM2305A-42-B,ARO (Ingersoll Rand),LM2305A-42-B,NEUMATICA_DOBLE_MEMBRANA,BARATA,2.691,53.82,84.6,1204.62,False,"PUMP ASM, 3"" AIR MOTOR, 5:1 RATIO",0.0,Sin motor electrico (neumatica),0.2,,,,
ARO-PE03P-BPS-PAA-ADF,ARO (Ingersoll Rand),PE03P-BPS-PAA-ADF,NEUMATICA_DOBLE_MEMBRANA,BARATA,0.12,2.406,70.3,1205.33,False,"3/8"" PUMP ASSEMBLY",0.0,Sin motor electrico (neumatica),0.2,Polipropileno (no metálica),Santoprene,,
ARO-PE03P-BRS-PAA-ADF,ARO (Ingersoll Rand),PE03P-BRS-PAA-ADF,NEUMATICA_DOBLE_MEMBRANA,BARATA,0.12,2.406,70.3,1205.33,False,"3/8"" PUMP ASM",0.0,Sin motor electrico (neumatica),0.2,Polipropileno (no metálica),Santoprene,,
ARO-670109,ARO (Ingersoll Rand),670109,NEUMATICA_DOBLE_MEMBRANA,BARATA,0.136,2.724,70.3,1208.09,False,"1/2"" DIAPHRAGM PUMP (NON-METALLIC)",0.0,Sin motor electrico (neumatica),0.2,,,,
ARO-66605J-0D2,ARO (Ingersoll Rand),66605J-0D2,NEUMATICA_DOBLE_MEMBRANA,BARATA,0.164,3.27,70.3,1211.76,False,"PUMP ASSEMBLY (1/2"" PLASTIC DIAPHRAGM PUMP)",0.0,Sin motor electrico (neumatica),0.2,Plástico (no metálico),,,
ARO-PD05R-BAS-FTT-B,ARO (Ingersoll Rand),PD05R-BAS-FTT-B,NEUMATICA_DOBLE_MEMBRANA,BARATA,0.136,2.724,70.3,1215.0,False,"1/2"" PUMP ASM. (METAL)",0.0,Sin motor electrico (neumatica),0.2,Polipropileno (centro) con cabezales metálicos,PTFE (Teflón),,
ARO-PD05P-ARS-PTT-B,ARO (Ingersoll Rand),PD05P-ARS-PTT-B,NEUMATICA_DOBLE_MEMBRANA,BARATA,0.164,3.27,70.3,1218.19,False,1/2 PUMP ASSEMBLY,0.0,Sin motor electrico (neumatica),0.2,Polipropileno (no metálica),PTFE (Teflón),,
ARO-PD05A-AAS-PAA-B,ARO (Ingersoll Rand),PD05A-AAS-PAA-B,NEUMATICA_DOBLE_MEMBRANA,BARATA,0.136,2.724,70.3,1231.04,False,"1/2"" PUMP ASM. (METAL)",0.0,Sin motor electrico (neumatica),0.2,Aluminio,Santoprene,,
ARO-PD05A-AAS-PCC-B,ARO (Ingersoll Rand),PD05A-AAS-PCC-B,NEUMATICA_DOBLE_MEMBRANA,BARATA,0.136,2.724,70.3,1233.79,False,"1/2"" PUMP ASM. (METAL)",0.0,Sin motor electrico (neumatica),0.2,Aluminio,Hytrel,,
ARO-PD05P-AES-SAA-B,ARO (Ingersoll Rand),PD05P-AES-SAA-B,NEUMATICA_DOBLE_MEMBRANA,BARATA,0.164,3.27,70.3,1241.14,False,1/2 PUMP ASSEMBLY,0.0,Sin motor electrico (neumatica),0.2,Polipropileno (no metálica),Santoprene,,
ARO-PE05P-BRS-PTT-BD0,ARO (Ingersoll Rand),PE05P-BRS-PTT-BD0,NEUMATICA_DOBLE_MEMBRANA,BARATA,0.136,2.724,70.3,1243.89,False,"1/2"" PUMP ASSEMBLY",0.0,Sin motor electrico (neumatica),0.2,Polipropileno (no metálica),PTFE (Teflón),,
ARO-PD05A-AAS-FAA-B,ARO (Ingersoll Rand),PD05A-AAS-FAA-B,NEUMATICA_DOBLE_MEMBRANA,BARATA,0.136,2.724,70.3,1247.56,False,"1/2"" PUMP ASM. (METAL)",0.0,Sin motor electrico (neumatica),0.2,Aluminio,Santoprene,,
ARO-LM2305A-52-B,ARO (Ingersoll Rand),LM2305A-52-B,NEUMATICA_DOBLE_MEMBRANA,BARATA,2.691,53.82,84.6,1248.48,False,"PUMP ASM, 3"" AIR MOTOR, 5:1 RATIO",0.0,Sin motor electrico (neumatica),0.2,,,,
ARO-PD07P-APS-PTT,ARO (Ingersoll Rand),PD07P-APS-PTT,NEUMATICA_DOBLE_MEMBRANA,BARATA,0.168,3.36,70.3,1257.66,False,PUMP ASM,0.0,Sin motor electrico (neumatica),0.2,Polipropileno (no metálica),PTFE (Teflón),,
ARO-PD05A-AAS-FGG-B,ARO (Ingersoll Rand),PD05A-AAS-FGG-B,NEUMATICA_DOBLE_MEMBRANA,BARATA,0.136,2.724,70.3,1272.35,False,"1/2"" PUMP ASM. (METAL)",0.0,Sin motor electrico (neumatica),0.2,Aluminio,Nitrilo (NBR/Buna-N),,
ARO-PD03P-AKS-KTT,ARO (Ingersoll Rand),PD03P-AKS-KTT,NEUMATICA_DOBLE_MEMBRANA,BARATA,0.12,2.406,70.3,1276.02,False,"3/8"" PUMP ASSEMBLY - RESTRICTED",0.0,Sin motor electrico (neumatica),0.2,Polipropileno (no metálica),PTFE (Teflón),,
ARO-PD05A-BAS-PGG-B,ARO (Ingersoll Rand),PD05A-BAS-PGG-B,NEUMATICA_DOBLE_MEMBRANA,BARATA,0.136,2.724,70.3,1276.94,False,"1/2"" PUMP ASM. (METAL)",0.0,Sin motor electrico (neumatica),0.2,Aluminio (centro),Nitrilo (NBR/Buna-N),,
ARO-PE03P-ARS-PAA-A0F,ARO (Ingersoll Rand),PE03P-ARS-PAA-A0F,NEUMATICA_DOBLE_MEMBRANA,BARATA,0.12,2.406,70.3,1292.34,False,"3/8"" PUMP",0.0,Sin motor electrico (neumatica),0.2,Polipropileno (no metálica),Santoprene,,
ARO-670128,ARO (Ingersoll Rand),670128,NEUMATICA_DOBLE_MEMBRANA,BARATA,0.136,2.724,70.3,1304.48,False,"1/2"" DIAPHRAGM PUMP",0.0,Sin motor electrico (neumatica),0.2,,,,
ARO-PE03P-BDS-DAA-AH0,ARO (Ingersoll Rand),PE03P-BDS-DAA-AH0,NEUMATICA_DOBLE_MEMBRANA,BARATA,0.12,2.406,70.3,1304.48,False,"3/8"" PUMP ASSEMBLY",0.0,Sin motor electrico (neumatica),0.2,Polipropileno (no metálica),Santoprene,,
ARO-PE05P-ARS-PAA-BDF,ARO (Ingersoll Rand),PE05P-ARS-PAA-BDF,NEUMATICA_DOBLE_MEMBRANA,BARATA,0.136,2.724,70.3,1319.17,False,"1/2"" PUMP ASSEMBLY",0.0,Sin motor electrico (neumatica),0.2,Polipropileno (no metálica),Santoprene,,
ARO-PD05R-BAS-PTT-B,ARO (Ingersoll Rand),PD05R-BAS-PTT-B,NEUMATICA_DOBLE_MEMBRANA,BARATA,0.136,2.724,70.3,1321.92,False,"1/2"" PUMP ASM. (METAL)",0.0,Sin motor electrico (neumatica),0.2,Polipropileno (centro) con cabezales metálicos,PTFE (Teflón),,
ARO-PD07R-AAS-FAA,ARO (Ingersoll Rand),PD07R-AAS-FAA,NEUMATICA_DOBLE_MEMBRANA,BARATA,0.154,3.09,70.3,1322.84,False,DIAP PUMP-3/4IN-MET PD07R-AAS-FAA,0.0,Sin motor electrico (neumatica),0.2,Polipropileno (centro) con cabezales metálicos,Santoprene,,
ARO-PE05P-BRS-PAA-B0F,ARO (Ingersoll Rand),PE05P-BRS-PAA-B0F,NEUMATICA_DOBLE_MEMBRANA,BARATA,0.136,2.724,70.3,1323.96,False,"1/2"" DIAPHRAGM PUMP ASSEMBLY",0.0,Sin motor electrico (neumatica),0.2,Polipropileno (no metálica),Santoprene,,
ARO-PD07R-BAS-FAA,ARO (Ingersoll Rand),PD07R-BAS-FAA,NEUMATICA_DOBLE_MEMBRANA,BARATA,0.154,3.09,70.3,1325.59,False,DIAP PUMP-3/4IN-MET-BSP PD07R-BAS-FAA,0.0,Sin motor electrico (neumatica),0.2,Polipropileno (centro) con cabezales metálicos,Santoprene,,
ARO-PD05R-AAS-FTT-B,ARO (Ingersoll Rand),PD05R-AAS-FTT-B,NEUMATICA_DOBLE_MEMBRANA,BARATA,0.136,2.724,70.3,1327.43,False,1/2 PUMP ASM. (METAL),0.0,Sin motor electrico (neumatica),0.2,Polipropileno (centro) con cabezales metálicos,PTFE (Teflón),,
ARO-666070-3EB-A,ARO (Ingersoll Rand),666070-3EB-A,NEUMATICA_DOBLE_MEMBRANA,BARATA,0.154,3.09,70.3,1334.77,False,"PUMP ASM, 3/4"" METAL DIAPHRAGM PUMP",0.0,Sin motor electrico (neumatica),0.2,,,,
ARO-666120-322-C,ARO (Ingersoll Rand),666120-322-C,NEUMATICA_DOBLE_MEMBRANA,BARATA,0.399,7.98,84.6,1335.0,False,"PUMP ASM, 1"" METAL DIAPHRAGM PUMP",0.0,Sin motor electrico (neumatica),0.2,,Nitrilo (NBR/Buna-N),,
ARO-PE05R-BAS-FTT-BP0,ARO (Ingersoll Rand),PE05R-BAS-FTT-BP0,NEUMATICA_DOBLE_MEMBRANA,BARATA,0.136,2.724,70.3,1353.13,False,"1/2"" PUMP ASM",0.0,Sin motor electrico (neumatica),0.2,Polipropileno (centro) con cabezales metálicos,PTFE (Teflón),,
ARO-PD07P-BPS-PTT,ARO (Ingersoll Rand),PD07P-BPS-PTT,NEUMATICA_DOBLE_MEMBRANA,BARATA,0.168,3.36,70.3,1365.0,False,3/4 PUMP ASM (NON-METAL),0.0,Sin motor electrico (neumatica),0.2,Polipropileno (no metálica),PTFE (Teflón),,
ARO-66607A-3EB-A,ARO (Ingersoll Rand),66607A-3EB-A,NEUMATICA_DOBLE_MEMBRANA,BARATA,0.154,3.09,70.3,1366.9,False,"PUMP ASM, 3/4"" METAL DIAPHRAGM PUMP",0.0,Sin motor electrico (neumatica),0.2,,,,
ARO-PD05A-AAS-PGG-B,ARO (Ingersoll Rand),PD05A-AAS-PGG-B,NEUMATICA_DOBLE_MEMBRANA,BARATA,0.136,2.724,70.3,1367.82,False,"1/2"" PUMP ASM. (METAL)",0.0,Sin motor electrico (neumatica),0.2,Aluminio,Nitrilo (NBR/Buna-N),,
ARO-666070-1EB-A,ARO (Ingersoll Rand),666070-1EB-A,NEUMATICA_DOBLE_MEMBRANA,BARATA,0.154,3.09,70.3,1372.41,False,"PUMP ASM, 3/4"" METAL DIAPHRAGM PUMP",0.0,Sin motor electrico (neumatica),0.2,,,,
ARO-666070-3C9-A,ARO (Ingersoll Rand),666070-3C9-A,NEUMATICA_DOBLE_MEMBRANA,BARATA,0.154,3.09,70.3,1372.41,False,"PUMP ASM, 3/4"" METAL DIAPHRAGM PUMP",0.0,Sin motor electrico (neumatica),0.2,,,,
ARO-666080-1EB-A,ARO (Ingersoll Rand),666080-1EB-A,NEUMATICA_DOBLE_MEMBRANA,BARATA,0.154,3.09,70.3,1372.41,False,"PUMP ASM, 3/4"" METAL DIAPHRAGM PUMP",0.0,Sin motor electrico (neumatica),0.2,,,,
ARO-666080-3C9-A,ARO (Ingersoll Rand),666080-3C9-A,NEUMATICA_DOBLE_MEMBRANA,BARATA,0.154,3.09,70.3,1372.41,False,"PUMP ASM, 3/4"" METAL DIAPHRAGM PUMP",0.0,Sin motor electrico (neumatica),0.2,,,,
ARO-PE03P-BPS-PTT-ADF,ARO (Ingersoll Rand),PE03P-BPS-PTT-ADF,NEUMATICA_DOBLE_MEMBRANA,BARATA,0.12,2.406,70.3,1372.41,False,"3/8"" PUMP ASSEMBLY",0.0,Sin motor electrico (neumatica),0.2,Polipropileno (no metálica),PTFE (Teflón),,
ARO-PE05P-BRS-PTT-BS0,ARO (Ingersoll Rand),PE05P-BRS-PTT-BS0,NEUMATICA_DOBLE_MEMBRANA,BARATA,0.136,2.724,70.3,1372.41,False,"1/2"" PUMP ASSEMBLY",0.0,Sin motor electrico (neumatica),0.2,Polipropileno (no metálica),PTFE (Teflón),,
ARO-670283-A,ARO (Ingersoll Rand),670283-A,NEUMATICA_DOBLE_MEMBRANA,BARATA,0.164,3.27,70.3,1375.98,False,"1/2"" OEM PLASTIC DIAPHRAGM PUMP",0.0,Sin motor electrico (neumatica),0.2,Plástico (no metálico),,,
ARO-670127,ARO (Ingersoll Rand),670127,NEUMATICA_DOBLE_MEMBRANA,BARATA,0.136,2.724,70.3,1384.34,False,"PUMP ASM (1/2"" DIAPHRAGM PUMP)",0.0,Sin motor electrico (neumatica),0.2,,,,
ARO-PD07P-APS-PTL,ARO (Ingersoll Rand),PD07P-APS-PTL,NEUMATICA_DOBLE_MEMBRANA,BARATA,0.168,3.36,70.3,1388.93,False,"3/4"" PUMP ASM (NON-METAL)",0.0,Sin motor electrico (neumatica),0.2,Polipropileno (no metálica),,,
ARO-66607A-1EB-A,ARO (Ingersoll Rand),66607A-1EB-A,NEUMATICA_DOBLE_MEMBRANA,BARATA,0.154,3.09,70.3,1402.7,False,"PUMP ASM, 3/4"" METAL DIAPHRAGM PUMP",0.0,Sin motor electrico (neumatica),0.2,,,,
ARO-PD05R-AAS-STT-B,ARO (Ingersoll Rand),PD05R-AAS-STT-B,NEUMATICA_DOBLE_MEMBRANA,BARATA,0.136,2.724,70.3,1404.54,False,1/2 PUMP ASM. (METAL),0.0,Sin motor electrico (neumatica),0.2,Polipropileno (centro) con cabezales metálicos,PTFE (Teflón),,
ARO-PD05P-AES-DTT-B,ARO (Ingersoll Rand),PD05P-AES-DTT-B,NEUMATICA_DOBLE_MEMBRANA,BARATA,0.164,3.27,70.3,1407.29,False,1/2 PUMP ASSEMBLY,0.0,Sin motor electrico (neumatica),0.2,Polipropileno (no metálica),PTFE (Teflón),,
ARO-666070-1C9-A,ARO (Ingersoll Rand),666070-1C9-A,NEUMATICA_DOBLE_MEMBRANA,BARATA,0.154,3.09,70.3,1409.13,False,"PUMP ASM, 3/4"" METAL DIAPHRAGM PUMP",0.0,Sin motor electrico (neumatica),0.2,,,,
ARO-666080-1C9-A,ARO (Ingersoll Rand),666080-1C9-A,NEUMATICA_DOBLE_MEMBRANA,BARATA,0.154,3.09,70.3,1409.13,False,"PUMP ASM, 3/4"" METAL DIAPHRAGM PUMP",0.0,Sin motor electrico (neumatica),0.2,,,,
ARO-666080-3EB-A,ARO (Ingersoll Rand),666080-3EB-A,NEUMATICA_DOBLE_MEMBRANA,BARATA,0.154,3.09,70.3,1415.56,False,"PUMP ASM, 3/4"" METAL DIAPHRAGM PUMP",0.0,Sin motor electrico (neumatica),0.2,,,,
ARO-PD05P-AAS-FTT,ARO (Ingersoll Rand),PD05P-AAS-FTT,NEUMATICA_DOBLE_MEMBRANA,BARATA,0.164,3.27,70.3,1416.47,False,1/2 METALLIC PUMP,0.0,Sin motor electrico (neumatica),0.2,Polipropileno (no metálica),PTFE (Teflón),,
ARO-PD05R-BAS-SVV-B,ARO (Ingersoll Rand),PD05R-BAS-SVV-B,NEUMATICA_DOBLE_MEMBRANA,BARATA,0.136,2.724,70.3,1424.74,False,"1/2"" PUMP ASM. (METAL)",0.0,Sin motor electrico (neumatica),0.2,Polipropileno (centro) con cabezales metálicos,,,
ARO-PD05A-AAS-FCC-B,ARO (Ingersoll Rand),PD05A-AAS-FCC-B,NEUMATICA_DOBLE_MEMBRANA,BARATA,0.136,2.724,70.3,1430.24,False,"1/2"" PUMP ASM. (METAL)",0.0,Sin motor electrico (neumatica),0.2,Aluminio,Hytrel,,
ARO-666056-6A4,ARO (Ingersoll Rand),666056-6A4,NEUMATICA_DOBLE_MEMBRANA,BARATA,0.164,3.27,70.3,1433.92,False,"PUMP ASSEMBLY (1/2"" PLASTIC DIAPHRAGM PUMP)",0.0,Sin motor electrico (neumatica),0.2,Plástico (no metálico),,,
ARO-66605H-6A4,ARO (Ingersoll Rand),66605H-6A4,NEUMATICA_DOBLE_MEMBRANA,BARATA,0.164,3.27,70.3,1448.6,False,"PUMP ASSEMBLY (1/2"" PLASTIC DIAPHRAGM PUMP)",0.0,Sin motor electrico (neumatica),0.2,Plástico (no metálico),,,
ARO-6661AF-322-C,ARO (Ingersoll Rand),6661AF-322-C,NEUMATICA_DOBLE_MEMBRANA,BARATA,0.534,10.68,84.6,1456.87,False,"PLASTIC, 1"" DIAPHRAGM PUMP",0.0,Sin motor electrico (neumatica),0.2,Plástico (no metálico),,,
ARO-PD07R-AAS-PCC,ARO (Ingersoll Rand),PD07R-AAS-PCC,NEUMATICA_DOBLE_MEMBRANA,BARATA,0.154,3.09,70.3,1456.87,False,PUMP ASM (ALUM),0.0,Sin motor electrico (neumatica),0.2,Polipropileno (centro) con cabezales metálicos,Hytrel,,
ARO-PD05R-BAS-STT-B,ARO (Ingersoll Rand),PD05R-BAS-STT-B,NEUMATICA_DOBLE_MEMBRANA,BARATA,0.136,2.724,70.3,1457.78,False,"1/2"" PUMP ASM. (METAL)",0.0,Sin motor electrico (neumatica),0.2,Polipropileno (centro) con cabezales metálicos,PTFE (Teflón),,
ARO-PD05R-BAS-SST-B,ARO (Ingersoll Rand),PD05R-BAS-SST-B,NEUMATICA_DOBLE_MEMBRANA,BARATA,0.136,2.724,70.3,1459.62,False,"1/2"" PUMP ASM. (METAL)",0.0,Sin motor electrico (neumatica),0.2,Polipropileno (centro) con cabezales metálicos,,,
ARO-PD05P-BDS-DTT-B,ARO (Ingersoll Rand),PD05P-BDS-DTT-B,NEUMATICA_DOBLE_MEMBRANA,BARATA,0.164,3.27,70.3,1466.05,False,"1/2"" PUMP ASSEMBLY",0.0,Sin motor electrico (neumatica),0.2,Polipropileno (no metálica),PTFE (Teflón),,
ARO-PD05A-AAS-SVV-B,ARO (Ingersoll Rand),PD05A-AAS-SVV-B,NEUMATICA_DOBLE_MEMBRANA,BARATA,0.136,2.724,70.3,1467.88,False,"1/2"" PUMP ASM. (METAL)",0.0,Sin motor electrico (neumatica),0.2,Aluminio,,,
ARO-PD05A-AAS-PTT-B,ARO (Ingersoll Rand),PD05A-AAS-PTT-B,NEUMATICA_DOBLE_MEMBRANA,BARATA,0.136,2.724,70.3,1469.72,False,"1/2"" PUMP ASM. (METAL)",0.0,Sin motor electrico (neumatica),0.2,Aluminio,PTFE (Teflón),,
ARO-PD05P-AES-STT-B,ARO (Ingersoll Rand),PD05P-AES-STT-B,NEUMATICA_DOBLE_MEMBRANA,BARATA,0.164,3.27,70.3,1482.57,False,"1/2"" PUMP ASSEMBLY",0.0,Sin motor electrico (neumatica),0.2,Polipropileno (no metálica),PTFE (Teflón),,
ARO-PD07R-BAS-PTT,ARO (Ingersoll Rand),PD07R-BAS-PTT,NEUMATICA_DOBLE_MEMBRANA,BARATA,0.154,3.09,70.3,1491.75,False,DIAP PUMP-3/4IN-MET-BSP PD07R-BAS-PTT,0.0,Sin motor electrico (neumatica),0.2,Polipropileno (centro) con cabezales metálicos,PTFE (Teflón),,
ARO-PD05P-AAS-PTT,ARO (Ingersoll Rand),PD05P-AAS-PTT,NEUMATICA_DOBLE_MEMBRANA,BARATA,0.164,3.27,70.3,1493.59,False,PUMP ASSEMBLY 1/2 PD05P-AAS-PTT,0.0,Sin motor electrico (neumatica),0.2,Polipropileno (no metálica),PTFE (Teflón),,
ARO-PD05P-AAS-STT,ARO (Ingersoll Rand),PD05P-AAS-STT,NEUMATICA_DOBLE_MEMBRANA,BARATA,0.164,3.27,70.3,1501.85,False,1/2 ALUM PUMP ASM,0.0,Sin motor electrico (neumatica),0.2,Polipropileno (no metálica),PTFE (Teflón),,
ARO-6661AP-3EB-C,ARO (Ingersoll Rand),6661AP-3EB-C,NEUMATICA_DOBLE_MEMBRANA,BARATA,0.534,10.68,84.6,1504.6,False,"PLASTIC, 1"" DIAPHRAGM PUMP",0.0,Sin motor electrico (neumatica),0.2,Plástico (no metálico),,,
ARO-PE05R-BAS-FTT-BS0,ARO (Ingersoll Rand),PE05R-BAS-FTT-BS0,NEUMATICA_DOBLE_MEMBRANA,BARATA,0.136,2.724,70.3,1504.6,False,"1/2"" PUMP ASM",0.0,Sin motor electrico (neumatica),0.2,Polipropileno (centro) con cabezales metálicos,PTFE (Teflón),,
ARO-666100-362-C,ARO (Ingersoll Rand),666100-362-C,NEUMATICA_DOBLE_MEMBRANA,BARATA,0.399,7.98,84.6,1506.44,False,"PUMP ASM, 1"" METAL DIAPHRAGM PUMP",0.0,Sin motor electrico (neumatica),0.2,,Nitrilo (NBR/Buna-N),,
ARO-PD05R-BAS-FTL-B,ARO (Ingersoll Rand),PD05R-BAS-FTL-B,NEUMATICA_DOBLE_MEMBRANA,BARATA,0.136,2.724,70.3,1506.44,False,"1/2"" PUMP ASM. (METAL)",0.0,Sin motor electrico (neumatica),0.2,Polipropileno (centro) con cabezales metálicos,,,
ARO-PD07R-BAS-FCC,ARO (Ingersoll Rand),PD07R-BAS-FCC,NEUMATICA_DOBLE_MEMBRANA,BARATA,0.154,3.09,70.3,1509.19,False,DIAP PUMP-3/4IN-MET-BSP PD07R-BAS-FCC,0.0,Sin motor electrico (neumatica),0.2,Polipropileno (centro) con cabezales metálicos,Hytrel,,
ARO-666100-3C9-C,ARO (Ingersoll Rand),666100-3C9-C,NEUMATICA_DOBLE_MEMBRANA,BARATA,0.399,7.98,84.6,1511.95,False,"PUMP ASM, 1"" METAL DIAPHRAGM PUMP",0.0,Sin motor electrico (neumatica),0.2,,Hytrel,,
ARO-PE05A-BAS-FAA-BD0,ARO (Ingersoll Rand),PE05A-BAS-FAA-BD0,NEUMATICA_DOBLE_MEMBRANA,BARATA,0.136,2.724,70.3,1511.95,False,"1/2"" PUMP ASSEMBLY",0.0,Sin motor electrico (neumatica),0.2,Aluminio (centro),Santoprene,,
ARO-PD05P-BES-DTT-B,ARO (Ingersoll Rand),PD05P-BES-DTT-B,NEUMATICA_DOBLE_MEMBRANA,BARATA,0.164,3.27,70.3,1532.14,False,1/2 PUMP ASSEMBLY,0.0,Sin motor electrico (neumatica),0.2,Polipropileno (no metálica),PTFE (Teflón),,
ARO-666100-311-C,ARO (Ingersoll Rand),666100-311-C,NEUMATICA_DOBLE_MEMBRANA,BARATA,0.399,7.98,84.6,1535.81,False,"PUMP ASM, 1"" METAL DIAPHRAGM PUMP",0.0,Sin motor electrico (neumatica),0.2,,Neopreno,,
ARO-666100-322-C,ARO (Ingersoll Rand),666100-322-C,NEUMATICA_DOBLE_MEMBRANA,BARATA,0.399,7.98,84.6,1535.81,False,"PUMP ASM, 1"" METAL DIAPHRAGM PUMP",0.0,Sin motor electrico (neumatica),0.2,,Nitrilo (NBR/Buna-N),,
ARO-666100-3EB-C,ARO (Ingersoll Rand),666100-3EB-C,NEUMATICA_DOBLE_MEMBRANA,BARATA,0.399,7.98,84.6,1535.81,False,"PUMP ASM, 1"" METAL DIAPHRAGM PUMP",0.0,Sin motor electrico (neumatica),0.2,,Santoprene,,
ARO-666120-311-C,ARO (Ingersoll Rand),666120-311-C,NEUMATICA_DOBLE_MEMBRANA,BARATA,0.399,7.98,84.6,1535.81,False,"PUMP ASM, 1"" METAL DIAPHRAGM PUMP",0.0,Sin motor electrico (neumatica),0.2,,Neopreno,,
ARO-666120-362-C,ARO (Ingersoll Rand),666120-362-C,NEUMATICA_DOBLE_MEMBRANA,BARATA,0.399,7.98,84.6,1535.81,False,"PUMP ASM, 1"" METAL DIAPHRAGM PUMP",0.0,Sin motor electrico (neumatica),0.2,,Nitrilo (NBR/Buna-N),,
ARO-6661AJ-311-C,ARO (Ingersoll Rand),6661AJ-311-C,NEUMATICA_DOBLE_MEMBRANA,BARATA,0.534,10.68,84.6,1553.26,False,"PLASTIC, 1"" DIAPHRAGM PUMP",0.0,Sin motor electrico (neumatica),0.2,Plástico (no metálico),,,
ARO-PD07R-AAS-FTT,ARO (Ingersoll Rand),PD07R-AAS-FTT,NEUMATICA_DOBLE_MEMBRANA,BARATA,0.154,3.09,70.3,1558.76,False,DIAP PUMP-3/4IN-MET PD07R-AAS-FTT,0.0,Sin motor electrico (neumatica),0.2,Polipropileno (centro) con cabezales metálicos,PTFE (Teflón),,
ARO-PE05P-ARS-PTT-BDF,ARO (Ingersoll Rand),PE05P-ARS-PTT-BDF,NEUMATICA_DOBLE_MEMBRANA,BARATA,0.136,2.724,70.3,1561.52,False,"1/2"" PUMP ASSEMBLY",0.0,Sin motor electrico (neumatica),0.2,Polipropileno (no metálica),PTFE (Teflón),,
ARO-666100-422-C,ARO (Ingersoll Rand),666100-422-C,NEUMATICA_DOBLE_MEMBRANA,BARATA,0.399,7.98,84.6,1562.44,False,"PUMP ASM, 1"" METAL DIAPHRAGM PUMP",0.0,Sin motor electrico (neumatica),0.2,,Nitrilo (NBR/Buna-N),,
ARO-666100-4EB-C,ARO (Ingersoll Rand),666100-4EB-C,NEUMATICA_DOBLE_MEMBRANA,BARATA,0.399,7.98,84.6,1562.44,False,"PUMP ASM, 1"" METAL DIAPHRAGM PUMP",0.0,Sin motor electrico (neumatica),0.2,,Santoprene,,
ARO-6661A3-349-C,ARO (Ingersoll Rand),6661A3-349-C,NEUMATICA_DOBLE_MEMBRANA,BARATA,0.534,10.68,84.6,1562.44,False,"PLASTIC, 1"" DIAPHRAGM PUMP",0.0,Sin motor electrico (neumatica),0.2,Plástico (no metálico),,,
ARO-6661A3-34B-C,ARO (Ingersoll Rand),6661A3-34B-C,NEUMATICA_DOBLE_MEMBRANA,BARATA,0.534,10.68,84.6,1562.44,False,"PLASTIC, 1"" DIAPHRAGM PUMP",0.0,Sin motor electrico (neumatica),0.2,Plástico (no metálico),,,
ARO-PD05A-AAS-STT-B,ARO (Ingersoll Rand),PD05A-AAS-STT-B,NEUMATICA_DOBLE_MEMBRANA,BARATA,0.136,2.724,70.3,1565.19,False,1/2 PUMP ASM. (METAL),0.0,Sin motor electrico (neumatica),0.2,Aluminio,PTFE (Teflón),,
ARO-PD05P-BAS-STT,ARO (Ingersoll Rand),PD05P-BAS-STT,NEUMATICA_DOBLE_MEMBRANA,BARATA,0.164,3.27,70.3,1569.78,False,"1/2"" ALUMINUM PUMP",0.0,Sin motor electrico (neumatica),0.2,Aluminio,,,
ARO-PD05A-AAS-SST-B,ARO (Ingersoll Rand),PD05A-AAS-SST-B,NEUMATICA_DOBLE_MEMBRANA,BARATA,0.136,2.724,70.3,1570.7,False,"1/2"" PUMP ASM. (METAL)",0.0,Sin motor electrico (neumatica),0.2,Aluminio,,,
ARO-666120-122-C,ARO (Ingersoll Rand),666120-122-C,NEUMATICA_DOBLE_MEMBRANA,BARATA,0.399,7.98,84.6,1571.62,False,"PUMP ASM, 1"" METAL DIAPHRAGM PUMP",0.0,Sin motor electrico (neumatica),0.2,,Nitrilo (NBR/Buna-N),,
ARO-666100-122-C,ARO (Ingersoll Rand),666100-122-C,NEUMATICA_DOBLE_MEMBRANA,BARATA,0.399,7.98,84.6,1578.96,False,"PUMP ASM, 1"" METAL DIAPHRAGM PUMP",0.0,Sin motor electrico (neumatica),0.2,,Nitrilo (NBR/Buna-N),,
ARO-666120-344-C,ARO (Ingersoll Rand),666120-344-C,NEUMATICA_DOBLE_MEMBRANA,BARATA,0.399,7.98,84.6,1595.0,False,"PUMP ASM, 1"" METAL DIAPHRAGM PUMP",0.0,Sin motor electrico (neumatica),0.2,,PTFE (Teflón)/Santoprene,,
ARO-666120-222-C,ARO (Ingersoll Rand),666120-222-C,NEUMATICA_DOBLE_MEMBRANA,BARATA,0.399,7.98,84.6,1601.91,False,"PUMP ASM, 1"" METAL DIAPHRAGM PUMP",0.0,Sin motor electrico (neumatica),0.2,,Nitrilo (NBR/Buna-N),,
ARO-PD05A-AAS-FTT-B,ARO (Ingersoll Rand),PD05A-AAS-FTT-B,NEUMATICA_DOBLE_MEMBRANA,BARATA,0.136,2.724,70.3,1604.66,False,1/2 PUMP ASM. (METAL),0.0,Sin motor electrico (neumatica),0.2,Aluminio,PTFE (Teflón),,
ARO-666100-111-C,ARO (Ingersoll Rand),666100-111-C,NEUMATICA_DOBLE_MEMBRANA,BARATA,0.399,7.98,84.6,1610.17,False,"PUMP ASM, 1"" METAL DIAPHRAGM PUMP",0.0,Sin motor electrico (neumatica),0.2,,Neopreno,,
ARO-666100-1EB-C,ARO (Ingersoll Rand),666100-1EB-C,NEUMATICA_DOBLE_MEMBRANA,BARATA,0.399,7.98,84.6,1610.17,False,"PUMP ASM, 1"" METAL DIAPHRAGM PUMP",0.0,Sin motor electrico (neumatica),0.2,,Santoprene,,
ARO-66610A-3EB-C,ARO (Ingersoll Rand),66610A-3EB-C,NEUMATICA_DOBLE_MEMBRANA,BARATA,0.399,7.98,84.6,1610.17,False,"PUMP ASM, 1"" METAL DIAPHRAGM PUMP",0.0,Sin motor electrico (neumatica),0.2,,Santoprene,,
ARO-670271-A,ARO (Ingersoll Rand),670271-A,NEUMATICA_DOBLE_MEMBRANA,BARATA,0.399,7.98,84.6,1619.76,False,"1"" METAL DIAPHRAGM PUMP - OEM HENNECKE",0.0,Sin motor electrico (neumatica),0.2,,,,
ARO-6661BF-3EB-C,ARO (Ingersoll Rand),6661BF-3EB-C,NEUMATICA_DOBLE_MEMBRANA,BARATA,0.534,10.68,84.6,1638.63,False,"PLASTIC 1"" DIAPHRAGM PUMP",0.0,Sin motor electrico (neumatica),0.2,Plástico (no metálico),,,
ARO-PD07R-BAS-FTT,ARO (Ingersoll Rand),PD07R-BAS-FTT,NEUMATICA_DOBLE_MEMBRANA,BARATA,0.154,3.09,70.3,1638.63,False,"DIAP PUMP,3/4IN,MET,BSP",0.0,Sin motor electrico (neumatica),0.2,Polipropileno (centro) con cabezales metálicos,PTFE (Teflón),,
ARO-PD05P-BES-SST-B,ARO (Ingersoll Rand),PD05P-BES-SST-B,NEUMATICA_DOBLE_MEMBRANA,BARATA,0.164,3.27,70.3,1649.65,False,"1/2"" PUMP ASSEMBLY",0.0,Sin motor electrico (neumatica),0.2,Polipropileno (no metálica),,,
ARO-670278-A,ARO (Ingersoll Rand),670278-A,NEUMATICA_DOBLE_MEMBRANA,BARATA,0.399,7.98,84.6,1658.52,False,"1"" METAL DIAPHRAGM PUMP - OEM HENNECKE",0.0,Sin motor electrico (neumatica),0.2,,,,
ARO-PE05R-BAS-FTT-B0F,ARO (Ingersoll Rand),PE05R-BAS-FTT-B0F,NEUMATICA_DOBLE_MEMBRANA,BARATA,0.136,2.724,70.3,1662.5,False,"1/2"" PUMP ASM. (METAL)",0.0,Sin motor electrico (neumatica),0.2,Polipropileno (centro) con cabezales metálicos,PTFE (Teflón),,
ARO-PE01P-HKS-KTT-ADF,ARO (Ingersoll Rand),PE01P-HKS-KTT-ADF,NEUMATICA_DOBLE_MEMBRANA,BARATA,0.06,1.2,87.6,1665.66,False,"1/4"" PUMP",0.0,Sin motor electrico (neumatica),0.2,Polipropileno (no metálica),PTFE (Teflón),,
ARO-666120-2EB-C,ARO (Ingersoll Rand),666120-2EB-C,NEUMATICA_DOBLE_MEMBRANA,BARATA,0.399,7.98,84.6,1676.27,False,"PUMP ASM, 1"" METAL DIAPHRAGM PUMP",0.0,Sin motor electrico (neumatica),0.2,,Santoprene,,
ARO-666070-344-A,ARO (Ingersoll Rand),666070-344-A,NEUMATICA_DOBLE_MEMBRANA,BARATA,0.154,3.09,70.3,1683.61,False,"PUMP ASM, 3/4"" METAL DIAPHRAGM PUMP",0.0,Sin motor electrico (neumatica),0.2,,,,
ARO-666080-344-A,ARO (Ingersoll Rand),666080-344-A,NEUMATICA_DOBLE_MEMBRANA,BARATA,0.154,3.09,70.3,1683.61,False,"PUMP ASM, 3/4"" METAL DIAPHRAGM PUMP",0.0,Sin motor electrico (neumatica),0.2,,,,
ARO-6661B3-311-C,ARO (Ingersoll Rand),6661B3-311-C,NEUMATICA_DOBLE_MEMBRANA,BARATA,0.534,10.68,84.6,1688.2,False,"PLASTIC, 1"" DIAPHRAGM PUMP",0.0,Sin motor electrico (neumatica),0.2,Plástico (no metálico),,,
ARO-6661B3-322-C,ARO (Ingersoll Rand),6661B3-322-C,NEUMATICA_DOBLE_MEMBRANA,BARATA,0.534,10.68,84.6,1688.2,False,"PLASTIC, 1"" DIAPHRAGM PUMP",0.0,Sin motor electrico (neumatica),0.2,Plástico (no metálico),,,
ARO-6661B3-3EB-C,ARO (Ingersoll Rand),6661B3-3EB-C,NEUMATICA_DOBLE_MEMBRANA,BARATA,0.534,10.68,84.6,1688.2,False,"PLASTIC 1"" DIAPHRAGM PUMP",0.0,Sin motor electrico (neumatica),0.2,Plástico (no metálico),,,
ARO-PD10P-FPS-PAA,ARO (Ingersoll Rand),PD10P-FPS-PAA,NEUMATICA_DOBLE_MEMBRANA,BARATA,0.534,10.68,84.6,1690.0,False,1 NON-METALLIC DIAPH PUMP ASM,0.0,Sin motor electrico (neumatica),0.2,Polipropileno (no metálica),Santoprene,,
ARO-6661AJ-3EB-C,ARO (Ingersoll Rand),6661AJ-3EB-C,NEUMATICA_DOBLE_MEMBRANA,BARATA,0.534,10.68,84.6,1690.96,False,"PLASTIC, 1"" DIAPHRAGM PUMP",0.0,Sin motor electrico (neumatica),0.2,Plástico (no metálico),,,
ARO-666100-211-C,ARO (Ingersoll Rand),666100-211-C,NEUMATICA_DOBLE_MEMBRANA,BARATA,0.399,7.98,84.6,1706.56,False,"PUMP ASM, 1"" METAL DIAPHRAGM PUMP",0.0,Sin motor electrico (neumatica),0.2,,Neopreno,,
ARO-666100-2EB-C,ARO (Ingersoll Rand),666100-2EB-C,NEUMATICA_DOBLE_MEMBRANA,BARATA,0.399,7.98,84.6,1706.56,False,"PUMP ASM, 1"" METAL DIAPHRAGM PUMP",0.0,Sin motor electrico (neumatica),0.2,,Santoprene,,
ARO-666120-211-C,ARO (Ingersoll Rand),666120-211-C,NEUMATICA_DOBLE_MEMBRANA,BARATA,0.399,7.98,84.6,1706.56,False,"PUMP ASM, 1"" METAL DIAPHRAGM PUMP",0.0,Sin motor electrico (neumatica),0.2,,Neopreno,,
ARO-66607A-344-A,ARO (Ingersoll Rand),66607A-344-A,NEUMATICA_DOBLE_MEMBRANA,BARATA,0.154,3.09,70.3,1713.91,False,"PUMP ASM, 3/4"" METAL DIAPHRAGM PUMP",0.0,Sin motor electrico (neumatica),0.2,,,,
ARO-666122-322-C,ARO (Ingersoll Rand),666122-322-C,NEUMATICA_DOBLE_MEMBRANA,BARATA,0.399,7.98,84.6,1720.0,False,"PUMP ASM, 1"" METAL DIAPHRAGM PUMP",0.0,Sin motor electrico (neumatica),0.2,,Nitrilo (NBR/Buna-N),,
ARO-666070-144-A,ARO (Ingersoll Rand),666070-144-A,NEUMATICA_DOBLE_MEMBRANA,BARATA,0.154,3.09,70.3,1721.25,False,"PUMP ASM, 3/4"" METAL DIAPHRAGM PUMP",0.0,Sin motor electrico (neumatica),0.2,,,,
ARO-PD10P-APS-PAA,ARO (Ingersoll Rand),PD10P-APS-PAA,NEUMATICA_DOBLE_MEMBRANA,BARATA,0.534,10.68,84.6,1721.76,False,"1"" NON-METALLIC DIAPH PUMP ASM",0.0,Sin motor electrico (neumatica),0.2,Polipropileno (no metálica),Santoprene,,
ARO-PD10P-APS-PGG,ARO (Ingersoll Rand),PD10P-APS-PGG,NEUMATICA_DOBLE_MEMBRANA,BARATA,0.534,10.68,84.6,1721.76,False,"1"" NON-METALLIC DIAPH PUMP ASM",0.0,Sin motor electrico (neumatica),0.2,Polipropileno (no metálica),Nitrilo (NBR/Buna-N),,
ARO-PE05P-BDS-DTT-BH0,ARO (Ingersoll Rand),PE05P-BDS-DTT-BH0,NEUMATICA_DOBLE_MEMBRANA,BARATA,0.136,2.724,70.3,1728.59,False,"1/2"" PUMP ASSEMBLY",0.0,Sin motor electrico (neumatica),0.2,Polipropileno (no metálica),PTFE (Teflón),,
ARO-666170-322-C,ARO (Ingersoll Rand),666170-322-C,NEUMATICA_DOBLE_MEMBRANA,BARATA,1.022,20.442,84.6,1740.0,False,"1-1/2"" DIAPHRAGM PUMP",0.0,Sin motor electrico (neumatica),0.2,,Nitrilo (NBR/Buna-N),,
ARO-6661AL-322-C,ARO (Ingersoll Rand),6661AL-322-C,NEUMATICA_DOBLE_MEMBRANA,BARATA,0.534,10.68,84.6,1758.89,False,"PLASTIC, 1"" DIAPHRAGM PUMP",0.0,Sin motor electrico (neumatica),0.2,Plástico (no metálico),,,
ARO-PE05P-BRS-PTT-BDF,ARO (Ingersoll Rand),PE05P-BRS-PTT-BDF,NEUMATICA_DOBLE_MEMBRANA,BARATA,0.136,2.724,70.3,1758.89,False,"PE05P-BRS-PTT-BDF 1/2"" PUMP ASSEMBLY",0.0,Sin motor electrico (neumatica),0.2,Polipropileno (no metálica),PTFE (Teflón),,
ARO-66605H-2A4,ARO (Ingersoll Rand),66605H-2A4,NEUMATICA_DOBLE_MEMBRANA,BARATA,0.164,3.27,70.3,1762.56,False,"PUMP ASSEMBLY (1/2"" PLASTIC DIAPHRAGM PUMP)",0.0,Sin motor electrico (neumatica),0.2,Plástico (no metálico),,,
ARO-66610A-1EB-C,ARO (Ingersoll Rand),66610A-1EB-C,NEUMATICA_DOBLE_MEMBRANA,BARATA,0.399,7.98,84.6,1770.72,False,"PUMP ASM, 1"" METAL DIAPHRAGM PUMP",0.0,Sin motor electrico (neumatica),0.2,,Santoprene,,
ARO-666080-144-A,ARO (Ingersoll Rand),666080-144-A,NEUMATICA_DOBLE_MEMBRANA,BARATA,0.154,3.09,70.3,1771.74,False,"PUMP ASM, 3/4"" METAL DIAPHRAGM PUMP",0.0,Sin motor electrico (neumatica),0.2,,,,
ARO-PE05P-BKS-KTT-BS0,ARO (Ingersoll Rand),PE05P-BKS-KTT-BS0,NEUMATICA_DOBLE_MEMBRANA,BARATA,0.136,2.724,70.3,1771.74,False,"1/2"" PUMP ASM-RESTRICTED",0.0,Sin motor electrico (neumatica),0.2,Polipropileno (no metálica),PTFE (Teflón),,
ARO-6661AL-3EB-C,ARO (Ingersoll Rand),6661AL-3EB-C,NEUMATICA_DOBLE_MEMBRANA,BARATA,0.534,10.68,84.6,1778.17,False,"PLASTIC, 1"" DIAPHRAGM PUMP",0.0,Sin motor electrico (neumatica),0.2,Plástico (no metálico),,,
ARO-PD10P-FPS-PGG,ARO (Ingersoll Rand),PD10P-FPS-PGG,NEUMATICA_DOBLE_MEMBRANA,BARATA,0.534,10.68,84.6,1778.88,False,1 NON-METALLIC DIAPH PUMP ASM,0.0,Sin motor electrico (neumatica),0.2,Polipropileno (no metálica),Nitrilo (NBR/Buna-N),,
ARO-PD10P-YPS-PGG,ARO (Ingersoll Rand),PD10P-YPS-PGG,NEUMATICA_DOBLE_MEMBRANA,BARATA,0.534,10.68,84.6,1778.88,False,1 NON-METALLIC DIAPH PUMP ASM,0.0,Sin motor electrico (neumatica),0.2,Polipropileno (no metálica),Nitrilo (NBR/Buna-N),,
ARO-66610A-222-C,ARO (Ingersoll Rand),66610A-222-C,NEUMATICA_DOBLE_MEMBRANA,BARATA,0.399,7.98,84.6,1780.0,False,"PUMP ASM, 1"" METAL DIAPHRAGM PUMP",0.0,Sin motor electrico (neumatica),0.2,,Nitrilo (NBR/Buna-N),,
ARO-PD10P-FPS-PCC,ARO (Ingersoll Rand),PD10P-FPS-PCC,NEUMATICA_DOBLE_MEMBRANA,BARATA,0.534,10.68,84.6,1785.0,False,"1"" NON-METALLIC DIAPH PUMP ASM",0.0,Sin motor electrico (neumatica),0.2,Polipropileno (no metálica),Hytrel,,
ARO-PD10P-YPS-PCC,ARO (Ingersoll Rand),PD10P-YPS-PCC,NEUMATICA_DOBLE_MEMBRANA,BARATA,0.534,10.68,84.6,1785.0,False,"1"" NON-METALLIC DIAPH PUMP ASM",0.0,Sin motor electrico (neumatica),0.2,Polipropileno (no metálica),Hytrel,,
ARO-6661A3-311-C,ARO (Ingersoll Rand),6661A3-311-C,NEUMATICA_DOBLE_MEMBRANA,BARATA,0.534,10.68,84.6,1796.53,False,"PLASTIC, 1"" DIAPHRAGM PUMP",0.0,Sin motor electrico (neumatica),0.2,Plástico (no metálico),,,
ARO-PE05P-BKS-KTT-BD0,ARO (Ingersoll Rand),PE05P-BKS-KTT-BD0,NEUMATICA_DOBLE_MEMBRANA,BARATA,0.136,2.724,70.3,1806.62,False,"1/2"" PUMP ASM-RESTRICTED",0.0,Sin motor electrico (neumatica),0.2,Polipropileno (no metálica),PTFE (Teflón),,
ARO-666172-3EB-C,ARO (Ingersoll Rand),666172-3EB-C,NEUMATICA_DOBLE_MEMBRANA,BARATA,1.022,20.442,84.6,1815.0,False,"1-1/2"" DIAPHRAGM PUMP",0.0,Sin motor electrico (neumatica),0.2,,Santoprene,,
ARO-PD05P-AKS-KTT-B,ARO (Ingersoll Rand),PD05P-AKS-KTT-B,NEUMATICA_DOBLE_MEMBRANA,BARATA,0.164,3.27,70.3,1831.41,False,"1/2"" PUMP ASSEMBLY - RESTRICTED",0.0,Sin motor electrico (neumatica),0.2,Polipropileno (no metálica),PTFE (Teflón),,
ARO-666100-344-C,ARO (Ingersoll Rand),666100-344-C,NEUMATICA_DOBLE_MEMBRANA,BARATA,0.399,7.98,84.6,1834.16,False,"PUMP ASM, 1"" METAL DIAPHRAGM PUMP",0.0,Sin motor electrico (neumatica),0.2,,PTFE (Teflón)/Santoprene,,
ARO-666102-3EB-C,ARO (Ingersoll Rand),666102-3EB-C,NEUMATICA_DOBLE_MEMBRANA,BARATA,0.399,7.98,84.6,1850.69,False,"PUMP ASM, 1"" METAL DIAPHRAGM PUMP",0.0,Sin motor electrico (neumatica),0.2,,Santoprene,,
ARO-6661AP-344-C,ARO (Ingersoll Rand),6661AP-344-C,NEUMATICA_DOBLE_MEMBRANA,BARATA,0.534,10.68,84.6,1850.69,False,"PLASTIC, 1"" DIAPHRAGM PUMP",0.0,Sin motor electrico (neumatica),0.2,Plástico (no metálico),,,
ARO-PD05P-BKS-KAA-B,ARO (Ingersoll Rand),PD05P-BKS-KAA-B,NEUMATICA_DOBLE_MEMBRANA,BARATA,0.164,3.27,70.3,1866.29,False,"1/2"" PUMP ASSEMBLY",0.0,Sin motor electrico (neumatica),0.2,Polipropileno (no metálica),Santoprene,,
ARO-666100-444-C,ARO (Ingersoll Rand),666100-444-C,NEUMATICA_DOBLE_MEMBRANA,BARATA,0.399,7.98,84.6,1867.21,False,"PUMP ASM, 1"" METAL DIAPHRAGM PUMP",0.0,Sin motor electrico (neumatica),0.2,,PTFE (Teflón)/Santoprene,,
ARO-666122-3EB-C,ARO (Ingersoll Rand),666122-3EB-C,NEUMATICA_DOBLE_MEMBRANA,BARATA,0.399,7.98,84.6,1874.56,False,"PUMP ASM, 1"" METAL DIAPHRAGM PUMP",0.0,Sin motor electrico (neumatica),0.2,,Santoprene,,
ARO-666120-144-C,ARO (Ingersoll Rand),666120-144-C,NEUMATICA_DOBLE_MEMBRANA,BARATA,0.399,7.98,84.6,1925.05,False,"PUMP ASM, 1"" METAL DIAPHRAGM PUMP",0.0,Sin motor electrico (neumatica),0.2,,PTFE (Teflón)/Santoprene,,
ARO-666056-2A4,ARO (Ingersoll Rand),666056-2A4,NEUMATICA_DOBLE_MEMBRANA,BARATA,0.164,3.27,70.3,1932.39,False,"PUMP ASM (1/2"" PLASTIC DIAPHRAGM PUMP)",0.0,Sin motor electrico (neumatica),0.2,Plástico (no metálico),,,
ARO-666100-144-C,ARO (Ingersoll Rand),666100-144-C,NEUMATICA_DOBLE_MEMBRANA,BARATA,0.399,7.98,84.6,1934.23,False,"PUMP ASM, 1"" METAL DIAPHRAGM PUMP",0.0,Sin motor electrico (neumatica),0.2,,PTFE (Teflón)/Santoprene,,
ARO-666150-322-C,ARO (Ingersoll Rand),666150-322-C,NEUMATICA_DOBLE_MEMBRANA,BARATA,1.022,20.442,84.6,1934.94,False,"1-1/2"" DIAPHRAGM PUMP",0.0,Sin motor electrico (neumatica),0.2,,Nitrilo (NBR/Buna-N),,
ARO-666150-361-C,ARO (Ingersoll Rand),666150-361-C,NEUMATICA_DOBLE_MEMBRANA,BARATA,1.022,20.442,84.6,1934.94,False,"1-1/2"" DIAPHRAGM PUMP",0.0,Sin motor electrico (neumatica),0.2,,Neopreno,,
ARO-666150-362-C,ARO (Ingersoll Rand),666150-362-C,NEUMATICA_DOBLE_MEMBRANA,BARATA,1.022,20.442,84.6,1934.94,False,"1-1/2"" DIAPHRAGM PUMP",0.0,Sin motor electrico (neumatica),0.2,,Nitrilo (NBR/Buna-N),,
ARO-666150-3C9-C,ARO (Ingersoll Rand),666150-3C9-C,NEUMATICA_DOBLE_MEMBRANA,BARATA,1.022,20.442,84.6,1941.06,False,"1-1/2"" DIAPHRAGM PUMP",0.0,Sin motor electrico (neumatica),0.2,,Hytrel,,
ARO-66612C-322-C,ARO (Ingersoll Rand),66612C-322-C,NEUMATICA_DOBLE_MEMBRANA,BARATA,0.399,7.98,84.6,1944.32,False,"PUMP ASM, 1"" METAL DIAPHRAGM PUMP",0.0,Sin motor electrico (neumatica),0.2,,Nitrilo (NBR/Buna-N),,
ARO-PD10P-APS-PVV,ARO (Ingersoll Rand),PD10P-APS-PVV,NEUMATICA_DOBLE_MEMBRANA,BARATA,0.534,10.68,84.6,1957.38,False,"1"" NON-METALLIC DIAPH PUMP ASM",0.0,Sin motor electrico (neumatica),0.2,Polipropileno (no metálica),,,
ARO-666120-444-C,ARO (Ingersoll Rand),666120-444-C,NEUMATICA_DOBLE_MEMBRANA,BARATA,0.399,7.98,84.6,1984.72,False,"PUMP ASM, 1"" METAL DIAPHRAGM PUMP",0.0,Sin motor electrico (neumatica),0.2,,PTFE (Teflón)/Santoprene,,
ARO-6661AF-3EB-C,ARO (Ingersoll Rand),6661AF-3EB-C,NEUMATICA_DOBLE_MEMBRANA,BARATA,0.534,10.68,84.6,1985.0,False,"PLASTIC, 1"" DIAPHRAGM PUMP",0.0,Sin motor electrico (neumatica),0.2,Plástico (no metálico),,,
ARO-6661BF-344-C,ARO (Ingersoll Rand),6661BF-344-C,NEUMATICA_DOBLE_MEMBRANA,BARATA,0.534,10.68,84.6,1987.47,False,"PLASTIC, 1"" DIAPHRAGM PUMP",0.0,Sin motor electrico (neumatica),0.2,Plástico (no metálico),,,
ARO-6661B3-344-C,ARO (Ingersoll Rand),6661B3-344-C,NEUMATICA_DOBLE_MEMBRANA,BARATA,0.534,10.68,84.6,1995.73,False,"PLASTIC, 1"" DIAPHRAGM PUMP",0.0,Sin motor electrico (neumatica),0.2,Plástico (no metálico),,,
ARO-PD10P-BPS-PCC,ARO (Ingersoll Rand),PD10P-BPS-PCC,NEUMATICA_DOBLE_MEMBRANA,BARATA,0.534,10.68,84.6,2000.22,False,"1"" NON-METALLIC DIAPH PUMP ASM",0.0,Sin motor electrico (neumatica),0.2,Polipropileno (no metálica),Hytrel,,
ARO-PD10P-FPS-PVV,ARO (Ingersoll Rand),PD10P-FPS-PVV,NEUMATICA_DOBLE_MEMBRANA,BARATA,0.534,10.68,84.6,2015.52,False,"1"" NON-METALLIC DIAPH PUMP ASM",0.0,Sin motor electrico (neumatica),0.2,Polipropileno (no metálica),,,
ARO-PD10P-YPS-PVV,ARO (Ingersoll Rand),PD10P-YPS-PVV,NEUMATICA_DOBLE_MEMBRANA,BARATA,0.534,10.68,84.6,2015.52,False,"1"" NON-METALLIC DIAPH PUMP ASM",0.0,Sin motor electrico (neumatica),0.2,Polipropileno (no metálica),,,
ARO-PD10P-YPS-PAA,ARO (Ingersoll Rand),PD10P-YPS-PAA,NEUMATICA_DOBLE_MEMBRANA,BARATA,0.534,10.68,84.6,2017.56,False,1 NON-METALLIC DIAPH PUMP ASM,0.0,Sin motor electrico (neumatica),0.2,Polipropileno (no metálica),Santoprene,,
ARO-666150-122-C,ARO (Ingersoll Rand),666150-122-C,NEUMATICA_DOBLE_MEMBRANA,BARATA,1.022,20.442,84.6,2018.58,False,"1-1/2"" DIAPHRAGM PUMP",0.0,Sin motor electrico (neumatica),0.2,,Nitrilo (NBR/Buna-N),,
ARO-666150-161-C,ARO (Ingersoll Rand),666150-161-C,NEUMATICA_DOBLE_MEMBRANA,BARATA,1.022,20.442,84.6,2018.58,False,"1-1/2"" DIAPHRAGM PUMP",0.0,Sin motor electrico (neumatica),0.2,,Neopreno,,
ARO-PE10P-BPS-PAA-AP0,ARO (Ingersoll Rand),PE10P-BPS-PAA-AP0,NEUMATICA_DOBLE_MEMBRANA,BARATA,0.399,7.98,84.6,2035.92,False,"1"" NON METALLIC PUMP",0.0,Sin motor electrico (neumatica),0.2,Polipropileno (no metálica),Santoprene,,
ARO-666070-2A4-A,ARO (Ingersoll Rand),666070-2A4-A,NEUMATICA_DOBLE_MEMBRANA,BARATA,0.154,3.09,70.3,2042.55,False,"PUMP ASM, 3/4"" METAL DIAPHRAGM PUMP",0.0,Sin motor electrico (neumatica),0.2,,,,
ARO-666080-2A4-A,ARO (Ingersoll Rand),666080-2A4-A,NEUMATICA_DOBLE_MEMBRANA,BARATA,0.154,3.09,70.3,2042.55,False,"PUMP ASM, 3/4"" METAL DIAPHRAGM PUMP",0.0,Sin motor electrico (neumatica),0.2,,,,
ARO-NM2202A-11-C31,ARO (Ingersoll Rand),NM2202A-11-C31,NEUMATICA_DOBLE_MEMBRANA,BARATA,1.953,39.06,84.6,2046.12,False,"PUMP ASM (2"" AM, CS, 2:1 RATIO)",0.0,Sin motor electrico (neumatica),0.2,Acero al carbono,,,
ARO-PD10A-BAP-FAA,ARO (Ingersoll Rand),PD10A-BAP-FAA,NEUMATICA_DOBLE_MEMBRANA,BARATA,0.399,7.98,84.6,2055.3,False,"1"" METAL PUMP ASM",0.0,Sin motor electrico (neumatica),0.2,Aluminio (centro),Santoprene,,
ARO-666100-244-C,ARO (Ingersoll Rand),666100-244-C,NEUMATICA_DOBLE_MEMBRANA,BARATA,0.399,7.98,84.6,2056.32,False,"PUMP ASM, 1"" METAL DIAPHRAGM PUMP",0.0,Sin motor electrico (neumatica),0.2,,PTFE (Teflón)/Santoprene,,
ARO-PD10P-APS-PTT,ARO (Ingersoll Rand),PD10P-APS-PTT,NEUMATICA_DOBLE_MEMBRANA,BARATA,0.534,10.68,84.6,2061.42,False,1 NON-METALLIC DIAPH PUMP ASM,0.0,Sin motor electrico (neumatica),0.2,Polipropileno (no metálica),PTFE (Teflón),,
ARO-PD10P-BPS-PGG,ARO (Ingersoll Rand),PD10P-BPS-PGG,NEUMATICA_DOBLE_MEMBRANA,BARATA,0.534,10.68,84.6,2063.46,False,1 NON-METALLIC DIAPH PUMP ASM,0.0,Sin motor electrico (neumatica),0.2,Polipropileno (no metálica),Nitrilo (NBR/Buna-N),,
ARO-666120-244-C,ARO (Ingersoll Rand),666120-244-C,NEUMATICA_DOBLE_MEMBRANA,BARATA,0.399,7.98,84.6,2068.25,False,"PUMP ASM, 1"" METAL DIAPHRAGM PUMP",0.0,Sin motor electrico (neumatica),0.2,,PTFE (Teflón)/Santoprene,,
ARO-666150-3EB-C,ARO (Ingersoll Rand),666150-3EB-C,NEUMATICA_DOBLE_MEMBRANA,BARATA,1.022,20.442,84.6,2073.66,False,"1-1/2"" DIAPHRAGM PUMP",0.0,Sin motor electrico (neumatica),0.2,,Santoprene,,
ARO-66612C-2EB-C,ARO (Ingersoll Rand),66612C-2EB-C,NEUMATICA_DOBLE_MEMBRANA,BARATA,0.399,7.98,84.6,2074.68,False,"PUMP ASM, 1"" METAL DIAPHRAGM PUMP",0.0,Sin motor electrico (neumatica),0.2,,Santoprene,,
ARO-PD10P-FPS-PTT,ARO (Ingersoll Rand),PD10P-FPS-PTT,NEUMATICA_DOBLE_MEMBRANA,BARATA,0.534,10.68,84.6,2085.0,False,1 NON-METALLIC DIAPH PUMP ASM,0.0,Sin motor electrico (neumatica),0.2,Polipropileno (no metálica),PTFE (Teflón),,
ARO-666170-1EB-C,ARO (Ingersoll Rand),666170-1EB-C,NEUMATICA_DOBLE_MEMBRANA,BARATA,1.022,20.442,84.6,2085.9,False,"1-1/2"" DIAPHRAGM PUMP",0.0,Sin motor electrico (neumatica),0.2,,Santoprene,,
ARO-PD10P-BPS-PAA,ARO (Ingersoll Rand),PD10P-BPS-PAA,NEUMATICA_DOBLE_MEMBRANA,BARATA,0.534,10.68,84.6,2085.9,False,1 NON-METALLIC DIAPH PUMP ASM,0.0,Sin motor electrico (neumatica),0.2,Polipropileno (no metálica),Santoprene,,
ARO-PE01P-HPS-PTT-ADE,ARO (Ingersoll Rand),PE01P-HPS-PTT-ADE,NEUMATICA_DOBLE_MEMBRANA,BARATA,0.06,1.2,87.6,2098.14,False,"1/4"" NON-METALLIC PUMP",0.0,Sin motor electrico (neumatica),0.2,Polipropileno (no metálica),PTFE (Teflón),,
ARO-PD10A-BAP-GGG-AM0,ARO (Ingersoll Rand),PD10A-BAP-GGG-AM0,NEUMATICA_DOBLE_MEMBRANA,BARATA,0.399,7.98,84.6,2100.18,False,"1"" METAL DIAPH PUMP",0.0,Sin motor electrico (neumatica),0.2,Aluminio (centro),Nitrilo (NBR/Buna-N),,
ARO-666057-4EB,ARO (Ingersoll Rand),666057-4EB,NEUMATICA_DOBLE_MEMBRANA,BARATA,0.164,3.27,70.3,2102.22,False,"PUMP ASSEMBLY (1/2"" PLASTIC DIAPHRAGM PUMP)",0.0,Sin motor electrico (neumatica),0.2,Plástico (no metálico),,,
ARO-6661A3-844-C,ARO (Ingersoll Rand),6661A3-844-C,NEUMATICA_DOBLE_MEMBRANA,BARATA,0.534,10.68,84.6,2118.74,False,"PLASTIC, 1"" DIAPHRAGM PUMP",0.0,Sin motor electrico (neumatica),0.2,Plástico (no metálico),,,
ARO-666170-362-C,ARO (Ingersoll Rand),666170-362-C,NEUMATICA_DOBLE_MEMBRANA,BARATA,1.022,20.442,84.6,2125.68,False,"1-1/2"" DIAPHRAGM PUMP",0.0,Sin motor electrico (neumatica),0.2,,Nitrilo (NBR/Buna-N),,
ARO-66612A-244-C,ARO (Ingersoll Rand),66612A-244-C,NEUMATICA_DOBLE_MEMBRANA,BARATA,0.399,7.98,84.6,2128.84,False,"PUMP ASM, 1"" METAL DIAPHRAGM PUMP",0.0,Sin motor electrico (neumatica),0.2,,PTFE (Teflón)/Santoprene,,
ARO-666102-822-C,ARO (Ingersoll Rand),666102-822-C,NEUMATICA_DOBLE_MEMBRANA,BARATA,0.399,7.98,84.6,2138.02,False,"PUMP ASM, 1"" METAL DIAPHRAGM PUMP",0.0,Sin motor electrico (neumatica),0.2,,Nitrilo (NBR/Buna-N),,
ARO-666122-8EB-C,ARO (Ingersoll Rand),666122-8EB-C,NEUMATICA_DOBLE_MEMBRANA,BARATA,0.399,7.98,84.6,2138.02,False,"PUMP ASM, 1"" METAL DIAPHRAGM PUMP",0.0,Sin motor electrico (neumatica),0.2,,Santoprene,,
ARO-NM2202A-41-C31,ARO (Ingersoll Rand),NM2202A-41-C31,NEUMATICA_DOBLE_MEMBRANA,BARATA,1.953,39.06,84.6,2144.04,False,"PUMP ASM (2"" AM, CS, 2:1 RATIO)",0.0,Sin motor electrico (neumatica),0.2,Acero al carbono,,,
ARO-PD05P-BKS-KTT-B,ARO (Ingersoll Rand),PD05P-BKS-KTT-B,NEUMATICA_DOBLE_MEMBRANA,BARATA,0.164,3.27,70.3,2149.04,False,"1/2"" PUMP ASSEMBLY - RESTRICTED",0.0,Sin motor electrico (neumatica),0.2,Polipropileno (no metálica),PTFE (Teflón),,
ARO-666150-222-C,ARO (Ingersoll Rand),666150-222-C,NEUMATICA_DOBLE_MEMBRANA,BARATA,1.022,20.442,84.6,2151.18,False,"1-1/2"" DIAPHRAGM PUMP",0.0,Sin motor electrico (neumatica),0.2,,Nitrilo (NBR/Buna-N),,
ARO-666150-2EB-C,ARO (Ingersoll Rand),666150-2EB-C,NEUMATICA_DOBLE_MEMBRANA,BARATA,1.022,20.442,84.6,2151.18,False,"1-1/2"" DIAPHRAGM PUMP",0.0,Sin motor electrico (neumatica),0.2,,Santoprene,,
ARO-666170-2EB-C,ARO (Ingersoll Rand),666170-2EB-C,NEUMATICA_DOBLE_MEMBRANA,BARATA,1.022,20.442,84.6,2151.18,False,"1-1/2"" DIAPHRAGM PUMP",0.0,Sin motor electrico (neumatica),0.2,,Santoprene,,
ARO-666170-3C9-C,ARO (Ingersoll Rand),666170-3C9-C,NEUMATICA_DOBLE_MEMBRANA,BARATA,1.022,20.442,84.6,2161.38,False,"1-1/2"" DIAPHRAGM PUMP",0.0,Sin motor electrico (neumatica),0.2,,Hytrel,,
ARO-PE10P-APS-PAA-ADF,ARO (Ingersoll Rand),PE10P-APS-PAA-ADF,NEUMATICA_DOBLE_MEMBRANA,BARATA,0.399,7.98,84.6,2162.4,False,"1"" DIAPHRAGM PUMP",0.0,Sin motor electrico (neumatica),0.2,Polipropileno (no metálica),Santoprene,,
ARO-PE07R-BAS-FTT-ADF,ARO (Ingersoll Rand),PE07R-BAS-FTT-ADF,NEUMATICA_DOBLE_MEMBRANA,BARATA,0.154,3.09,70.3,2166.48,False,"3/4"" PUMP ASM",0.0,Sin motor electrico (neumatica),0.2,Polipropileno (centro) con cabezales metálicos,PTFE (Teflón),,
ARO-PD05P-BLS-KTT-B,ARO (Ingersoll Rand),PD05P-BLS-KTT-B,NEUMATICA_DOBLE_MEMBRANA,BARATA,0.164,3.27,70.3,2174.74,False,"1/2"" PUMP ASSEMBLY - RESTRICTED",0.0,Sin motor electrico (neumatica),0.2,Polipropileno (no metálica),PTFE (Teflón),,
ARO-PZ10A-BAP-AAA-A,ARO (Ingersoll Rand),PZ10A-BAP-AAA-A,NEUMATICA_DOBLE_MEMBRANA,BARATA,0.399,7.98,84.6,2184.84,False,"1"" DIAPHRAGM PUMP ASM (METALLIC)",0.0,Sin motor electrico (neumatica),0.2,,,,
ARO-PD10P-YPS-KTT,ARO (Ingersoll Rand),PD10P-YPS-KTT,NEUMATICA_DOBLE_MEMBRANA,BARATA,0.534,10.68,84.6,2190.96,False,"1"" NON-METALLIC DIAPH PUMP ASM",0.0,Sin motor electrico (neumatica),0.2,Polipropileno (no metálica),PTFE (Teflón),,
ARO-666170-3EB-C,ARO (Ingersoll Rand),666170-3EB-C,NEUMATICA_DOBLE_MEMBRANA,BARATA,1.022,20.442,84.6,2191.98,False,"1-1/2"" DIAPHRAGM PUMP",0.0,Sin motor electrico (neumatica),0.2,,Santoprene,,
ARO-PD05P-ALS-KTT-B,ARO (Ingersoll Rand),PD05P-ALS-KTT-B,NEUMATICA_DOBLE_MEMBRANA,BARATA,0.164,3.27,70.3,2192.18,False,1/2 PUMP ASSEMBLY - RESTRICTED,0.0,Sin motor electrico (neumatica),0.2,Polipropileno (no metálica),PTFE (Teflón),,
ARO-PE10P-FPS-PTT-AP0,ARO (Ingersoll Rand),PE10P-FPS-PTT-AP0,NEUMATICA_DOBLE_MEMBRANA,BARATA,0.399,7.98,84.6,2203.2,False,"1"" DIAPHRAGM PUMP",0.0,Sin motor electrico (neumatica),0.2,Polipropileno (no metálica),PTFE (Teflón),,
ARO-666100-133-C,ARO (Ingersoll Rand),666100-133-C,NEUMATICA_DOBLE_MEMBRANA,BARATA,0.399,7.98,84.6,2210.34,False,"1"" PUMP ASM",0.0,Sin motor electrico (neumatica),0.2,,Viton (FKM),,
ARO-PD05R-ASS-SGG-B,ARO (Ingersoll Rand),PD05R-ASS-SGG-B,NEUMATICA_DOBLE_MEMBRANA,BARATA,0.136,2.724,70.3,2217.89,False,1/2 PUMP ASM. (METAL),0.0,Sin motor electrico (neumatica),0.2,Polipropileno (centro) con cabezales metálicos,Nitrilo (NBR/Buna-N),,
ARO-666170-122-C,ARO (Ingersoll Rand),666170-122-C,NEUMATICA_DOBLE_MEMBRANA,BARATA,1.022,20.442,84.6,2226.66,False,"1-1/2"" DIAPHRAGM PUMP",0.0,Sin motor electrico (neumatica),0.2,,Nitrilo (NBR/Buna-N),,
ARO-666112-2EB-C,ARO (Ingersoll Rand),666112-2EB-C,NEUMATICA_DOBLE_MEMBRANA,BARATA,0.399,7.98,84.6,2227.07,False,"PUMP ASM, 1"" METAL DIAPHRAGM PUMP",0.0,Sin motor electrico (neumatica),0.2,,Santoprene,,
ARO-PE10P-YPS-PTT-AD0,ARO (Ingersoll Rand),PE10P-YPS-PTT-AD0,NEUMATICA_DOBLE_MEMBRANA,BARATA,0.399,7.98,84.6,2234.82,False,"1"" PUMP ASM",0.0,Sin motor electrico (neumatica),0.2,Polipropileno (no metálica),PTFE (Teflón),,
ARO-6661AT-344-C,ARO (Ingersoll Rand),6661AT-344-C,NEUMATICA_DOBLE_MEMBRANA,BARATA,0.534,10.68,84.6,2243.59,False,"PLASTIC, 1"" DIAPHRAGM PUMP",0.0,Sin motor electrico (neumatica),0.2,Plástico (no metálico),,,
ARO-PD05R-BSS-SAA-B,ARO (Ingersoll Rand),PD05R-BSS-SAA-B,NEUMATICA_DOBLE_MEMBRANA,BARATA,0.136,2.724,70.3,2250.02,False,"1/2"" PUMP ASM. (METAL)",0.0,Sin motor electrico (neumatica),0.2,Polipropileno (centro) con cabezales metálicos,Santoprene,,
ARO-6661AL-344-C,ARO (Ingersoll Rand),6661AL-344-C,NEUMATICA_DOBLE_MEMBRANA,BARATA,0.534,10.68,84.6,2256.44,False,"PLASTIC, 1"" DIAPHRAGM PUMP",0.0,Sin motor electrico (neumatica),0.2,Plástico (no metálico),,,
ARO-666122-2C9-C,ARO (Ingersoll Rand),666122-2C9-C,NEUMATICA_DOBLE_MEMBRANA,BARATA,0.399,7.98,84.6,2277.56,False,"PUMP ASM, 1"" METAL DIAPHRAGM PUMP",0.0,Sin motor electrico (neumatica),0.2,,Hytrel,,
ARO-666057-444,ARO (Ingersoll Rand),666057-444,NEUMATICA_DOBLE_MEMBRANA,BARATA,0.164,3.27,70.3,2283.98,False,"PUMP ASSEMBLY (1/2"" PLASTIC DIAPHRAGM PUMP)",0.0,Sin motor electrico (neumatica),0.2,Plástico (no metálico),,,
ARO-666172-322-C,ARO (Ingersoll Rand),666172-322-C,NEUMATICA_DOBLE_MEMBRANA,BARATA,1.022,20.442,84.6,2285.0,False,"1-1/2"" DIAPHRAGM PUMP",0.0,Sin motor electrico (neumatica),0.2,,Nitrilo (NBR/Buna-N),,
ARO-666120-2A4-C,ARO (Ingersoll Rand),666120-2A4-C,NEUMATICA_DOBLE_MEMBRANA,BARATA,0.399,7.98,84.6,2317.03,False,"PUMP ASM, 1"" METAL DIAPHRAGM PUMP",0.0,Sin motor electrico (neumatica),0.2,,PTFE (Teflón)/Santoprene,,
ARO-PD10P-FPS-PTL,ARO (Ingersoll Rand),PD10P-FPS-PTL,NEUMATICA_DOBLE_MEMBRANA,BARATA,0.534,10.68,84.6,2334.78,False,"1"" NON-METALLIC DIAPH PUMP ASM",0.0,Sin motor electrico (neumatica),0.2,Polipropileno (no metálica),,,
ARO-666152-3EB-C,ARO (Ingersoll Rand),666152-3EB-C,NEUMATICA_DOBLE_MEMBRANA,BARATA,1.022,20.442,84.6,2335.8,False,"1-1/2"" DIAPHRAGM PUMP",0.0,Sin motor electrico (neumatica),0.2,,Santoprene,,
ARO-PD05R-BSS-STT-B,ARO (Ingersoll Rand),PD05R-BSS-STT-B,NEUMATICA_DOBLE_MEMBRANA,BARATA,0.136,2.724,70.3,2345.0,False,"1/2"" PUMP ASM. (METAL)",0.0,Sin motor electrico (neumatica),0.2,Polipropileno (centro) con cabezales metálicos,PTFE (Teflón),,
ARO-66605K-444,ARO (Ingersoll Rand),66605K-444,NEUMATICA_DOBLE_MEMBRANA,BARATA,0.164,3.27,70.3,2350.08,False,"PUMP ASSEMBLY (1/2"" PLASTIC DIAPHRAGM PUMP)",0.0,Sin motor electrico (neumatica),0.2,Plástico (no metálico),,,
ARO-PE05P-BKS-KTT-B0F,ARO (Ingersoll Rand),PE05P-BKS-KTT-B0F,NEUMATICA_DOBLE_MEMBRANA,BARATA,0.136,2.724,70.3,2352.83,False,"1/2"" PUMP ASSEMBLY - RESTRICTED",0.0,Sin motor electrico (neumatica),0.2,Polipropileno (no metálica),PTFE (Teflón),,
ARO-PW10A-AAP-FTT,ARO (Ingersoll Rand),PW10A-AAP-FTT,NEUMATICA_DOBLE_MEMBRANA,BARATA,0.399,7.98,84.6,2370.48,False,"1"" DIAPHRAGM PUMP ASM.",0.0,Sin motor electrico (neumatica),0.2,,,,
ARO-PD05A-ASS-SAA-B,ARO (Ingersoll Rand),PD05A-ASS-SAA-B,NEUMATICA_DOBLE_MEMBRANA,BARATA,0.136,2.724,70.3,2381.29,False,"1/2"" PUMP ASM. (METAL)",0.0,Sin motor electrico (neumatica),0.2,Aluminio (centro) / Acero inoxidable (cabezales-mojado),Santoprene,,
ARO-PD20A-BAP-AAA-B,ARO (Ingersoll Rand),PD20A-BAP-AAA-B,NEUMATICA_DOBLE_MEMBRANA,BARATA,1.953,39.06,84.6,2385.0,False,2 DIAPHRAGM PUMP ASM,0.0,Sin motor electrico (neumatica),0.2,Aluminio (centro),Santoprene,,
ARO-PD05R-ASS-SVV-B,ARO (Ingersoll Rand),PD05R-ASS-SVV-B,NEUMATICA_DOBLE_MEMBRANA,BARATA,0.136,2.724,70.3,2393.23,False,"1/2"" PUMP ASM. (METAL)",0.0,Sin motor electrico (neumatica),0.2,Polipropileno (centro) con cabezales metálicos,,,
ARO-6661BL-344-C,ARO (Ingersoll Rand),6661BL-344-C,NEUMATICA_DOBLE_MEMBRANA,BARATA,0.534,10.68,84.6,2395.06,False,"PLASTIC, 1"" DIAPHRAGM PUMP",0.0,Sin motor electrico (neumatica),0.2,Plástico (no metálico),,,
ARO-PD05P-ASS-SST,ARO (Ingersoll Rand),PD05P-ASS-SST,NEUMATICA_DOBLE_MEMBRANA,BARATA,0.164,3.27,70.3,2411.59,False,PUMP-DIAPH PD05P-ASS-SST,0.0,Sin motor electrico (neumatica),0.2,Polipropileno (no metálica),,,
ARO-PD05R-ASS-STT-B,ARO (Ingersoll Rand),PD05R-ASS-STT-B,NEUMATICA_DOBLE_MEMBRANA,BARATA,0.136,2.724,70.3,2413.42,False,1/2 PUMP ASM. (METAL),0.0,Sin motor electrico (neumatica),0.2,Polipropileno (centro) con cabezales metálicos,PTFE (Teflón),,
ARO-PD10P-YPS-PTL,ARO (Ingersoll Rand),PD10P-YPS-PTL,NEUMATICA_DOBLE_MEMBRANA,BARATA,0.534,10.68,84.6,2451.06,False,"1"" NON-METALLIC DIAPH PUMP ASM",0.0,Sin motor electrico (neumatica),0.2,Polipropileno (no metálica),,,
ARO-PD05P-ASS-SGG,ARO (Ingersoll Rand),PD05P-ASS-SGG,NEUMATICA_DOBLE_MEMBRANA,BARATA,0.164,3.27,70.3,2485.94,False,PUMP-DIAPH PD05P-ASS-SGG,0.0,Sin motor electrico (neumatica),0.2,Polipropileno (no metálica),Nitrilo (NBR/Buna-N),,
ARO-666150-344-C,ARO (Ingersoll Rand),666150-344-C,NEUMATICA_DOBLE_MEMBRANA,BARATA,1.022,20.442,84.6,2497.98,False,"1-1/2"" DIAPHRAGM PUMP",0.0,Sin motor electrico (neumatica),0.2,,PTFE (Teflón)/Santoprene,,
ARO-666172-361-C,ARO (Ingersoll Rand),666172-361-C,NEUMATICA_DOBLE_MEMBRANA,BARATA,1.022,20.442,84.6,2501.04,False,"1-1/2"" DIAPHRAGM PUMP",0.0,Sin motor electrico (neumatica),0.2,,Neopreno,,
ARO-PD15A-BAP-FAA,ARO (Ingersoll Rand),PD15A-BAP-FAA,NEUMATICA_DOBLE_MEMBRANA,BARATA,1.022,20.442,84.6,2502.06,False,"1.5"" METAL PUMP ASM, PD15A-BAP-FAA",0.0,Sin motor electrico (neumatica),0.2,Aluminio (centro),Santoprene,,
ARO-PD10P-BPS-PTT,ARO (Ingersoll Rand),PD10P-BPS-PTT,NEUMATICA_DOBLE_MEMBRANA,BARATA,0.534,10.68,84.6,2506.14,False,1 NON-METALLIC DIAPH PUMP ASM,0.0,Sin motor electrico (neumatica),0.2,Polipropileno (no metálica),PTFE (Teflón),,
ARO-PE10A-BAP-AAA-ADF,ARO (Ingersoll Rand),PE10A-BAP-AAA-ADF,NEUMATICA_DOBLE_MEMBRANA,BARATA,0.399,7.98,84.6,2517.36,False,"1"" DIAPHRAGM PUMP",0.0,Sin motor electrico (neumatica),0.2,Aluminio (centro),Santoprene,,
ARO-670205-A,ARO (Ingersoll Rand),670205-A,NEUMATICA_DOBLE_MEMBRANA,BARATA,0.164,3.27,70.3,2520.83,False,"1/2"" PLASTIC DIAPHRAGM PUMP",0.0,Sin motor electrico (neumatica),0.2,Plástico (no metálico),,,
ARO-PD10P-YPS-PTT,ARO (Ingersoll Rand),PD10P-YPS-PTT,NEUMATICA_DOBLE_MEMBRANA,BARATA,0.534,10.68,84.6,2529.6,False,1 NON-METALLIC DIAPH PUMP ASM,0.0,Sin motor electrico (neumatica),0.2,Polipropileno (no metálica),PTFE (Teflón),,
ARO-PD05A-BSS-SGG-B,ARO (Ingersoll Rand),PD05A-BSS-SGG-B,NEUMATICA_DOBLE_MEMBRANA,BARATA,0.136,2.724,70.3,2545.61,False,"1/2"" PUMP ASM. (METAL)",0.0,Sin motor electrico (neumatica),0.2,Acero inoxidable (partes mojadas),Nitrilo (NBR/Buna-N),,
ARO-666112-244-C,ARO (Ingersoll Rand),666112-244-C,NEUMATICA_DOBLE_MEMBRANA,BARATA,0.399,7.98,84.6,2551.12,False,"PUMP ASM, 1"" METAL DIAPHRAGM PUMP",0.0,Sin motor electrico (neumatica),0.2,,PTFE (Teflón)/Santoprene,,
ARO-666250-EEB-C,ARO (Ingersoll Rand),666250-EEB-C,NEUMATICA_DOBLE_MEMBRANA,BARATA,1.953,39.06,84.6,2556.12,False,"2"" METALLIC PUMP",0.0,Sin motor electrico (neumatica),0.2,,,,
ARO-PE10P-FPS-PTT-A0F,ARO (Ingersoll Rand),PE10P-FPS-PTT-A0F,NEUMATICA_DOBLE_MEMBRANA,BARATA,0.399,7.98,84.6,2558.16,False,"1"" NON METALLIC PUMP",0.0,Sin motor electrico (neumatica),0.2,Polipropileno (no metálica),PTFE (Teflón),,
ARO-666162-361-C,ARO (Ingersoll Rand),666162-361-C,NEUMATICA_DOBLE_MEMBRANA,BARATA,1.022,20.442,84.6,2564.28,False,"1-1/2"" DIAPHRAGM PUMP",0.0,Sin motor electrico (neumatica),0.2,,Neopreno,,
ARO-66612C-244-C,ARO (Ingersoll Rand),66612C-244-C,NEUMATICA_DOBLE_MEMBRANA,BARATA,0.399,7.98,84.6,2569.48,False,"PUMP ASM, 1"" METAL DIAPHRAGM PUMP",0.0,Sin motor electrico (neumatica),0.2,,PTFE (Teflón)/Santoprene,,
ARO-PD05R-BSS-SST-B,ARO (Ingersoll Rand),PD05R-BSS-SST-B,NEUMATICA_DOBLE_MEMBRANA,BARATA,0.136,2.724,70.3,2594.27,False,"1/2"" PUMP ASM. (METAL)",0.0,Sin motor electrico (neumatica),0.2,Polipropileno (centro) con cabezales metálicos,,,
ARO-666150-144-C,ARO (Ingersoll Rand),666150-144-C,NEUMATICA_DOBLE_MEMBRANA,BARATA,1.022,20.442,84.6,2614.26,False,"1-1/2"" DIAPHRAGM PUMP",0.0,Sin motor electrico (neumatica),0.2,,PTFE (Teflón)/Santoprene,,
ARO-PE10P-FPS-PTT-ADF,ARO (Ingersoll Rand),PE10P-FPS-PTT-ADF,NEUMATICA_DOBLE_MEMBRANA,BARATA,0.399,7.98,84.6,2645.88,False,"1"" DIAPHRAGM PUMP",0.0,Sin motor electrico (neumatica),0.2,Polipropileno (no metálica),PTFE (Teflón),,
ARO-PE10P-YPS-PTT-ADF,ARO (Ingersoll Rand),PE10P-YPS-PTT-ADF,NEUMATICA_DOBLE_MEMBRANA,BARATA,0.399,7.98,84.6,2645.88,False,"1"" DIAPHRAGM PUMP",0.0,Sin motor electrico (neumatica),0.2,Polipropileno (no metálica),PTFE (Teflón),,
ARO-PE10P-BPS-PAA-ADF,ARO (Ingersoll Rand),PE10P-BPS-PAA-ADF,NEUMATICA_DOBLE_MEMBRANA,BARATA,0.399,7.98,84.6,2648.94,False,"1"" DIAPHRAGM PUMP",0.0,Sin motor electrico (neumatica),0.2,Polipropileno (no metálica),Santoprene,,
ARO-666170-344-C,ARO (Ingersoll Rand),666170-344-C,NEUMATICA_DOBLE_MEMBRANA,BARATA,1.022,20.442,84.6,2655.0,False,"1-1/2"" DIAPHRAGM PUMP",0.0,Sin motor electrico (neumatica),0.2,,PTFE (Teflón)/Santoprene,,
ARO-666250-G22-C,ARO (Ingersoll Rand),666250-G22-C,NEUMATICA_DOBLE_MEMBRANA,BARATA,1.953,39.06,84.6,2665.26,False,"2"" METALLIC PUMP",0.0,Sin motor electrico (neumatica),0.2,,,,
ARO-666152-8EB-C,ARO (Ingersoll Rand),666152-8EB-C,NEUMATICA_DOBLE_MEMBRANA,CALIDAD_PRECIO,1.022,20.442,84.6,2687.7,False,"1-1/2"" DIAPHRAGM PUMP",0.0,Sin motor electrico (neumatica),0.2,,Santoprene,,
ARO-666172-2EB-C,ARO (Ingersoll Rand),666172-2EB-C,NEUMATICA_DOBLE_MEMBRANA,CALIDAD_PRECIO,1.022,20.442,84.6,2711.16,False,"1-1/2"" DIAPHRAGM PUMP",0.0,Sin motor electrico (neumatica),0.2,,Santoprene,,
ARO-PE10A-BAP-FTT-AH0,ARO (Ingersoll Rand),PE10A-BAP-FTT-AH0,NEUMATICA_DOBLE_MEMBRANA,CALIDAD_PRECIO,0.399,7.98,84.6,2722.38,False,"1"" DIAPHRAGM PUMP",0.0,Sin motor electrico (neumatica),0.2,Aluminio (centro),PTFE (Teflón),,
ARO-PD20A-BAP-GGG-B,ARO (Ingersoll Rand),PD20A-BAP-GGG-B,NEUMATICA_DOBLE_MEMBRANA,CALIDAD_PRECIO,1.953,39.06,84.6,2725.0,False,2 DIAPHRAGM PUMP ASM,0.0,Sin motor electrico (neumatica),0.2,Aluminio (centro),Nitrilo (NBR/Buna-N),,
ARO-PD05P-ASS-STT,ARO (Ingersoll Rand),PD05P-ASS-STT,NEUMATICA_DOBLE_MEMBRANA,CALIDAD_PRECIO,0.164,3.27,70.3,2736.56,False,1/2DIAPHRAGM PUMP ASM,0.0,Sin motor electrico (neumatica),0.2,Polipropileno (no metálica),PTFE (Teflón),,
ARO-666120-146-C,ARO (Ingersoll Rand),666120-146-C,NEUMATICA_DOBLE_MEMBRANA,CALIDAD_PRECIO,0.399,7.98,84.6,2739.31,False,"PUMP ASM, 1"" METAL DIAPHRAGM PUMP",0.0,Sin motor electrico (neumatica),0.2,,PTFE compuesto,,
ARO-66613C-244-C,ARO (Ingersoll Rand),66613C-244-C,NEUMATICA_DOBLE_MEMBRANA,CALIDAD_PRECIO,0.399,7.98,84.6,2752.16,False,"PUMP ASM, 1"" METAL DIAPHRAGM PUMP",0.0,Sin motor electrico (neumatica),0.2,,PTFE (Teflón)/Santoprene,,
ARO-NM2202B-11-731,ARO (Ingersoll Rand),NM2202B-11-731,NEUMATICA_DOBLE_MEMBRANA,CALIDAD_PRECIO,1.953,39.06,84.6,2774.4,False,"PUMP ASM (2"" AM, SS, 2:1 RATIO)",0.0,Sin motor electrico (neumatica),0.2,,,,
ARO-PE10A-BAP-FTT-AS0,ARO (Ingersoll Rand),PE10A-BAP-FTT-AS0,NEUMATICA_DOBLE_MEMBRANA,CALIDAD_PRECIO,0.399,7.98,84.6,2775.42,False,"1"" DIAPHRAGM PUMP",0.0,Sin motor electrico (neumatica),0.2,Aluminio (centro),PTFE (Teflón),,
ARO-PD20A-AAP-AAA-B,ARO (Ingersoll Rand),PD20A-AAP-AAA-B,NEUMATICA_DOBLE_MEMBRANA,CALIDAD_PRECIO,1.953,39.06,84.6,2783.58,False,2 DIAPHRAGM PUMP ASM,0.0,Sin motor electrico (neumatica),0.2,Aluminio,Santoprene,,
ARO-666109-311-C,ARO (Ingersoll Rand),666109-311-C,NEUMATICA_DOBLE_MEMBRANA,CALIDAD_PRECIO,0.399,7.98,84.6,2789.8,False,"PUMP ASM, 1"" METAL DIAPHRAGM PUMP",0.0,Sin motor electrico (neumatica),0.2,,Neopreno,,
ARO-666172-222-C,ARO (Ingersoll Rand),666172-222-C,NEUMATICA_DOBLE_MEMBRANA,CALIDAD_PRECIO,1.022,20.442,84.6,2791.74,False,"1-1/2"" DIAPHRAGM PUMP",0.0,Sin motor electrico (neumatica),0.2,,Nitrilo (NBR/Buna-N),,
ARO-670268-A,ARO (Ingersoll Rand),670268-A,NEUMATICA_DOBLE_MEMBRANA,CALIDAD_PRECIO,0.399,7.98,84.6,2806.02,False,"PUMP ASM, 1"" METAL DIAPHRAGM PUMP",0.0,Sin motor electrico (neumatica),0.2,,,,
ARO-PE05R-BSS-STT-BH0,ARO (Ingersoll Rand),PE05R-BSS-STT-BH0,NEUMATICA_DOBLE_MEMBRANA,CALIDAD_PRECIO,0.136,2.724,70.3,2806.33,False,"1/2"" PUMP ASM",0.0,Sin motor electrico (neumatica),0.2,Polipropileno (centro) con cabezales metálicos,PTFE (Teflón),,
ARO-PE05R-ASS-STT-BDF,ARO (Ingersoll Rand),PE05R-ASS-STT-BDF,NEUMATICA_DOBLE_MEMBRANA,CALIDAD_PRECIO,0.136,2.724,70.3,2812.75,False,"1/2"" PUMP ASM. (METAL)",0.0,Sin motor electrico (neumatica),0.2,Polipropileno (centro) con cabezales metálicos,PTFE (Teflón),,
ARO-666150-244-C,ARO (Ingersoll Rand),666150-244-C,NEUMATICA_DOBLE_MEMBRANA,CALIDAD_PRECIO,1.022,20.442,84.6,2814.18,False,"1-1/2"" DIAPHRAGM PUMP",0.0,Sin motor electrico (neumatica),0.2,,PTFE (Teflón)/Santoprene,,
ARO-666182-3EB-C,ARO (Ingersoll Rand),666182-3EB-C,NEUMATICA_DOBLE_MEMBRANA,CALIDAD_PRECIO,1.022,20.442,84.6,2820.3,False,"1-1/2"" DIAPHRAGM PUMP",0.0,Sin motor electrico (neumatica),0.2,,Santoprene,,
ARO-PD10E-FES-PAA,ARO (Ingersoll Rand),PD10E-FES-PAA,NEUMATICA_DOBLE_MEMBRANA,CALIDAD_PRECIO,0.399,7.98,84.6,2821.32,False,1 IN EXP NON METALLIC DIAPH PUMP,0.0,Sin motor electrico (neumatica),0.2,,,,
ARO-PD05A-ASS-STT-B,ARO (Ingersoll Rand),PD05A-ASS-STT-B,NEUMATICA_DOBLE_MEMBRANA,CALIDAD_PRECIO,0.136,2.724,70.3,2825.6,False,1/2 PUMP ASM. (METAL),0.0,Sin motor electrico (neumatica),0.2,Aluminio (centro) / Acero inoxidable (cabezales-mojado),PTFE (Teflón),,
ARO-PD10P-BPS-PST,ARO (Ingersoll Rand),PD10P-BPS-PST,NEUMATICA_DOBLE_MEMBRANA,CALIDAD_PRECIO,0.534,10.68,84.6,2863.14,False,"1"" NON-METALLIC DIAPH PUMP ASM",0.0,Sin motor electrico (neumatica),0.2,Polipropileno (no metálica),,,
ARO-PD10E-FES-PGG,ARO (Ingersoll Rand),PD10E-FES-PGG,NEUMATICA_DOBLE_MEMBRANA,CALIDAD_PRECIO,0.399,7.98,84.6,2877.42,True,1 IN EXP NON METALLIC ATEX DIAPH PUMP,0.0,Sin motor electrico (neumatica),0.2,,,,
ARO-PE05R-BAS-FTT-BDE,ARO (Ingersoll Rand),PE05R-BAS-FTT-BDE,NEUMATICA_DOBLE_MEMBRANA,CALIDAD_PRECIO,0.136,2.724,70.3,2881.6,False,"1/2"" PUMP ASM. (METAL)",0.0,Sin motor electrico (neumatica),0.2,Polipropileno (centro) con cabezales metálicos,PTFE (Teflón),,
ARO-666101-222-C,ARO (Ingersoll Rand),666101-222-C,NEUMATICA_DOBLE_MEMBRANA,CALIDAD_PRECIO,0.399,7.98,84.6,2882.52,False,"PUMP ASM, 1"" METAL DIAPHRAGM PUMP",0.0,Sin motor electrico (neumatica),0.2,,Nitrilo (NBR/Buna-N),,
ARO-PD05A-BSS-STT-B,ARO (Ingersoll Rand),PD05A-BSS-STT-B,NEUMATICA_DOBLE_MEMBRANA,CALIDAD_PRECIO,0.136,2.724,70.3,2895.37,False,"1/2"" PUMP ASM. (METAL)",0.0,Sin motor electrico (neumatica),0.2,Acero inoxidable (partes mojadas),PTFE (Teflón),,
ARO-666111-3EB-C,ARO (Ingersoll Rand),666111-3EB-C,NEUMATICA_DOBLE_MEMBRANA,CALIDAD_PRECIO,0.399,7.98,84.6,2919.24,False,"PUMP ASM, 1"" METAL DIAPHRAGM PUMP",0.0,Sin motor electrico (neumatica),0.2,,Santoprene,,
ARO-PE10A-BAP-FTT-A0F,ARO (Ingersoll Rand),PE10A-BAP-FTT-A0F,NEUMATICA_DOBLE_MEMBRANA,CALIDAD_PRECIO,0.399,7.98,84.6,2919.24,False,"1"" DIAPHRAGM PUMP",0.0,Sin motor electrico (neumatica),0.2,Aluminio (centro),PTFE (Teflón),,
ARO-666101-344-C,ARO (Ingersoll Rand),666101-344-C,NEUMATICA_DOBLE_MEMBRANA,CALIDAD_PRECIO,0.399,7.98,84.6,2923.83,False,"PUMP ASM, 1"" METAL DIAPHRAGM PUMP",0.0,Sin motor electrico (neumatica),0.2,,PTFE (Teflón)/Santoprene,,
ARO-PE05R-BSS-STT-BS0,ARO (Ingersoll Rand),PE05R-BSS-STT-BS0,NEUMATICA_DOBLE_MEMBRANA,CALIDAD_PRECIO,0.136,2.724,70.3,2927.4,False,"1/2"" PUMP ASM",0.0,Sin motor electrico (neumatica),0.2,Polipropileno (centro) con cabezales metálicos,PTFE (Teflón),,
ARO-PZ10A-BAP-FTT-A,ARO (Ingersoll Rand),PZ10A-BAP-FTT-A,NEUMATICA_DOBLE_MEMBRANA,CALIDAD_PRECIO,0.399,7.98,84.6,2930.46,False,"1"" DIAPHRAGM PUMP ASM (METALLIC)",0.0,Sin motor electrico (neumatica),0.2,,,,
ARO-PD20A-AAP-CCC-B,ARO (Ingersoll Rand),PD20A-AAP-CCC-B,NEUMATICA_DOBLE_MEMBRANA,CALIDAD_PRECIO,1.953,39.06,84.6,2937.6,False,"2"" DIAPHRAGM PUMP ASM",0.0,Sin motor electrico (neumatica),0.2,Aluminio,Hytrel,,
ARO-666172-2C9-C,ARO (Ingersoll Rand),666172-2C9-C,NEUMATICA_DOBLE_MEMBRANA,CALIDAD_PRECIO,1.022,20.442,84.6,2958.0,False,"1-1/2"" DIAPHRAGM PUMP",0.0,Sin motor electrico (neumatica),0.2,,Hytrel,,
ARO-666101-444-C,ARO (Ingersoll Rand),666101-444-C,NEUMATICA_DOBLE_MEMBRANA,CALIDAD_PRECIO,0.399,7.98,84.6,2962.39,False,"PUMP ASM, 1"" METAL DIAPHRAGM PUMP",0.0,Sin motor electrico (neumatica),0.2,,PTFE (Teflón)/Santoprene,,
ARO-666150-844-C,ARO (Ingersoll Rand),666150-844-C,NEUMATICA_DOBLE_MEMBRANA,CALIDAD_PRECIO,1.022,20.442,84.6,2978.4,False,"1-1/2"" DIAPHRAGM PUMP",0.0,Sin motor electrico (neumatica),0.2,,PTFE (Teflón)/Santoprene,,
ARO-666250-9C9-C,ARO (Ingersoll Rand),666250-9C9-C,NEUMATICA_DOBLE_MEMBRANA,CALIDAD_PRECIO,1.953,39.06,84.6,2989.62,False,"2"" METALLIC PUMP",0.0,Sin motor electrico (neumatica),0.2,,,,
ARO-PD20A-AAS-GGG-B,ARO (Ingersoll Rand),PD20A-AAS-GGG-B,NEUMATICA_DOBLE_MEMBRANA,CALIDAD_PRECIO,1.953,39.06,84.6,2990.64,False,"2"" DIAPHRAGM PUMP ASM",0.0,Sin motor electrico (neumatica),0.2,Aluminio,Nitrilo (NBR/Buna-N),,
ARO-NM2304A-11-311,ARO (Ingersoll Rand),NM2304A-11-311,NEUMATICA_DOBLE_MEMBRANA,CALIDAD_PRECIO,2.691,53.82,84.6,3002.88,False,"PUMP ASM, 3"" AIR MOTOR, 4:1 RATIO, CARBON STEEL",0.0,Sin motor electrico (neumatica),0.2,Acero al carbono,,,
ARO-NM2304A-11-C11,ARO (Ingersoll Rand),NM2304A-11-C11,NEUMATICA_DOBLE_MEMBRANA,CALIDAD_PRECIO,2.691,53.82,84.6,3002.88,False,"PUMP ASM, 3"" AIR MOTOR, 4:1 RATIO, CARBON STEEL",0.0,Sin motor electrico (neumatica),0.2,Acero al carbono,,,
ARO-NM2202B-41-J31,ARO (Ingersoll Rand),NM2202B-41-J31,NEUMATICA_DOBLE_MEMBRANA,CALIDAD_PRECIO,1.953,39.06,84.6,3010.02,False,"NM2202B-41-J31 PUMP ASM (2"" AM, SS, 2:1 RATIO)",0.0,Sin motor electrico (neumatica),0.2,,,,
ARO-666170-144-C,ARO (Ingersoll Rand),666170-144-C,NEUMATICA_DOBLE_MEMBRANA,CALIDAD_PRECIO,1.022,20.442,84.6,3021.24,False,"1-1/2"" DIAPHRAGM PUMP",0.0,Sin motor electrico (neumatica),0.2,,PTFE (Teflón)/Santoprene,,
ARO-66612B-222-C,ARO (Ingersoll Rand),66612B-222-C,NEUMATICA_DOBLE_MEMBRANA,CALIDAD_PRECIO,0.399,7.98,84.6,3027.56,False,"PUMP ASM, 1"" METAL DIAPHRAGM PUMP",0.0,Sin motor electrico (neumatica),0.2,,Nitrilo (NBR/Buna-N),,
ARO-PD20A-BCP-AAA-B,ARO (Ingersoll Rand),PD20A-BCP-AAA-B,NEUMATICA_DOBLE_MEMBRANA,CALIDAD_PRECIO,1.953,39.06,84.6,3040.0,False,2 DIAPHRAGM PUMP ASM,0.0,Sin motor electrico (neumatica),0.2,Aluminio (centro),Santoprene,,
ARO-PD20A-AAS-AAA-B,ARO (Ingersoll Rand),PD20A-AAS-AAA-B,NEUMATICA_DOBLE_MEMBRANA,CALIDAD_PRECIO,1.953,39.06,84.6,3040.62,False,"2"" DIAPHRAGM PUMP ASM",0.0,Sin motor electrico (neumatica),0.2,Aluminio,Santoprene,,
ARO-PD10P-BPS-PTL,ARO (Ingersoll Rand),PD10P-BPS-PTL,NEUMATICA_DOBLE_MEMBRANA,CALIDAD_PRECIO,0.534,10.68,84.6,3043.68,False,"1"" NON-METALLIC DIAPH PUMP ASM",0.0,Sin motor electrico (neumatica),0.2,Polipropileno (no metálica),,,
ARO-PE03P-BDS-DTT-AHE,ARO (Ingersoll Rand),PE03P-BDS-DTT-AHE,NEUMATICA_DOBLE_MEMBRANA,CALIDAD_PRECIO,0.12,2.406,70.3,3056.94,False,"3/8"" PUMP ASM",0.0,Sin motor electrico (neumatica),0.2,Polipropileno (no metálica),PTFE (Teflón),,
ARO-PD20A-BAP-CCC-B,ARO (Ingersoll Rand),PD20A-BAP-CCC-B,NEUMATICA_DOBLE_MEMBRANA,CALIDAD_PRECIO,1.953,39.06,84.6,3062.04,False,"2"" DIAPHRAGM PUMP ASM",0.0,Sin motor electrico (neumatica),0.2,Aluminio (centro),Hytrel,,
ARO-PD20A-BAS-AAA-B,ARO (Ingersoll Rand),PD20A-BAS-AAA-B,NEUMATICA_DOBLE_MEMBRANA,CALIDAD_PRECIO,1.953,39.06,84.6,3062.04,False,2 DIAPHRAGM PUMP ASM,0.0,Sin motor electrico (neumatica),0.2,Aluminio (centro),Santoprene,,
ARO-PE15A-BAP-AAA-ADF,ARO (Ingersoll Rand),PE15A-BAP-AAA-ADF,NEUMATICA_DOBLE_MEMBRANA,CALIDAD_PRECIO,1.022,20.442,84.6,3063.06,False,"1-1/2"" DIAPHRAGM PUMP",0.0,Sin motor electrico (neumatica),0.2,Aluminio (centro),Santoprene,,
ARO-666111-2EB-C,ARO (Ingersoll Rand),666111-2EB-C,NEUMATICA_DOBLE_MEMBRANA,CALIDAD_PRECIO,0.399,7.98,84.6,3088.15,False,"PUMP ASM, 1"" METAL DIAPHRAGM PUMP",0.0,Sin motor electrico (neumatica),0.2,,Santoprene,,
ARO-6661A4-422-C,ARO (Ingersoll Rand),6661A4-422-C,NEUMATICA_DOBLE_MEMBRANA,CALIDAD_PRECIO,0.534,10.68,84.6,3091.82,False,"PLASTIC, 1"" DIAPHRAGM PUMP",0.0,Sin motor electrico (neumatica),0.2,Plástico (no metálico),,,
ARO-666182-2EB-C,ARO (Ingersoll Rand),666182-2EB-C,NEUMATICA_DOBLE_MEMBRANA,CALIDAD_PRECIO,1.022,20.442,84.6,3103.86,False,"1-1/2"" DIAPHRAGM PUMP",0.0,Sin motor electrico (neumatica),0.2,,Santoprene,,
ARO-PD20A-BAS-GGG-B,ARO (Ingersoll Rand),PD20A-BAS-GGG-B,NEUMATICA_DOBLE_MEMBRANA,CALIDAD_PRECIO,1.953,39.06,84.6,3105.9,False,"2"" DIAPHRAGM PUMP ASM",0.0,Sin motor electrico (neumatica),0.2,Aluminio (centro),Nitrilo (NBR/Buna-N),,
ARO-66M250-1EB-C,ARO (Ingersoll Rand),66M250-1EB-C,NEUMATICA_DOBLE_MEMBRANA,CALIDAD_PRECIO,1.953,39.06,84.6,3130.38,False,"2"" MINING PUMP",0.0,Sin motor electrico (neumatica),0.2,,,,
ARO-PE05R-BSS-STT-BDF,ARO (Ingersoll Rand),PE05R-BSS-STT-BDF,NEUMATICA_DOBLE_MEMBRANA,CALIDAD_PRECIO,0.136,2.724,70.3,3142.31,False,"1/2"" PUMP ASM",0.0,Sin motor electrico (neumatica),0.2,Polipropileno (centro) con cabezales metálicos,PTFE (Teflón),,
ARO-666121-3EB-C,ARO (Ingersoll Rand),666121-3EB-C,NEUMATICA_DOBLE_MEMBRANA,CALIDAD_PRECIO,0.399,7.98,84.6,3159.76,False,"PUMP ASM, 1"" METAL DIAPHRAGM PUMP",0.0,Sin motor electrico (neumatica),0.2,,Santoprene,,
ARO-66612B-2EB-C,ARO (Ingersoll Rand),66612B-2EB-C,NEUMATICA_DOBLE_MEMBRANA,CALIDAD_PRECIO,0.399,7.98,84.6,3160.0,False,"PUMP ASM, 1"" METAL DIAPHRAGM PUMP",0.0,Sin motor electrico (neumatica),0.2,,Santoprene,,
ARO-666101-244-C,ARO (Ingersoll Rand),666101-244-C,NEUMATICA_DOBLE_MEMBRANA,CALIDAD_PRECIO,0.399,7.98,84.6,3174.44,False,"PUMP ASM, 1"" METAL DIAPHRAGM PUMP",0.0,Sin motor electrico (neumatica),0.2,,PTFE (Teflón)/Santoprene,,
ARO-PD05A-ASS-SVV,ARO (Ingersoll Rand),PD05A-ASS-SVV,NEUMATICA_DOBLE_MEMBRANA,CALIDAD_PRECIO,0.136,2.724,70.3,3175.26,False,"0.5"" PUMP",0.0,Sin motor electrico (neumatica),0.2,Aluminio (centro) / Acero inoxidable (cabezales-mojado),,,
ARO-PD20A-AAP-GGG-B,ARO (Ingersoll Rand),PD20A-AAP-GGG-B,NEUMATICA_DOBLE_MEMBRANA,CALIDAD_PRECIO,1.953,39.06,84.6,3185.46,False,2 DIAPHRAGM PUMP ASM,0.0,Sin motor electrico (neumatica),0.2,Aluminio,Nitrilo (NBR/Buna-N),,
ARO-66610B-244-C,ARO (Ingersoll Rand),66610B-244-C,NEUMATICA_DOBLE_MEMBRANA,CALIDAD_PRECIO,0.399,7.98,84.6,3187.3,False,"PUMP ASM, 1"" METAL DIAPHRAGM PUMP",0.0,Sin motor electrico (neumatica),0.2,,PTFE (Teflón)/Santoprene,,
ARO-PE10A-BAP-AAA-AHG,ARO (Ingersoll Rand),PE10A-BAP-AAA-AHG,NEUMATICA_DOBLE_MEMBRANA,CALIDAD_PRECIO,0.399,7.98,84.6,3189.54,False,"1"" DIAPHRAGM PUMP ASM.",0.0,Sin motor electrico (neumatica),0.2,Aluminio (centro),Santoprene,,
ARO-666121-2EB-C,ARO (Ingersoll Rand),666121-2EB-C,NEUMATICA_DOBLE_MEMBRANA,CALIDAD_PRECIO,0.399,7.98,84.6,3201.98,False,"PUMP ASM, 1"" METAL DIAPHRAGM PUMP",0.0,Sin motor electrico (neumatica),0.2,,Santoprene,,
ARO-NM2304A-41-C11,ARO (Ingersoll Rand),NM2304A-41-C11,NEUMATICA_DOBLE_MEMBRANA,CALIDAD_PRECIO,2.691,53.82,84.6,3204.84,False,"PUMP ASM, 3"" AIR MOTOR, 4:1 RATIO, CARBON STEEL",0.0,Sin motor electrico (neumatica),0.2,Acero al carbono,,,
ARO-666170-444-C,ARO (Ingersoll Rand),666170-444-C,NEUMATICA_DOBLE_MEMBRANA,CALIDAD_PRECIO,1.022,20.442,84.6,3223.2,False,"1-1/2"" DIAPHRAGM PUMP",0.0,Sin motor electrico (neumatica),0.2,,PTFE (Teflón)/Santoprene,,
ARO-66M250-122-C,ARO (Ingersoll Rand),66M250-122-C,NEUMATICA_DOBLE_MEMBRANA,CALIDAD_PRECIO,1.953,39.06,84.6,3248.7,False,"2"" MINING PUMP",0.0,Sin motor electrico (neumatica),0.2,,,,
ARO-666270-G22-C,ARO (Ingersoll Rand),666270-G22-C,NEUMATICA_DOBLE_MEMBRANA,CALIDAD_PRECIO,1.953,39.06,84.6,3274.2,False,"2"" METALLIC PUMP",0.0,Sin motor electrico (neumatica),0.2,,,,
ARO-PZ10A-BAP-STT-A,ARO (Ingersoll Rand),PZ10A-BAP-STT-A,NEUMATICA_DOBLE_MEMBRANA,CALIDAD_PRECIO,0.399,7.98,84.6,3285.42,False,"1"" DIAPHRAGM PUMP ASM (METALLIC)",0.0,Sin motor electrico (neumatica),0.2,,,,
ARO-666101-2A4-C,ARO (Ingersoll Rand),666101-2A4-C,NEUMATICA_DOBLE_MEMBRANA,CALIDAD_PRECIO,0.399,7.98,84.6,3285.52,False,"PUMP ASM, 1"" METAL DIAPHRAGM PUMP",0.0,Sin motor electrico (neumatica),0.2,,PTFE (Teflón)/Santoprene,,
ARO-PD20A-BAP-FGG-B,ARO (Ingersoll Rand),PD20A-BAP-FGG-B,NEUMATICA_DOBLE_MEMBRANA,CALIDAD_PRECIO,1.953,39.06,84.6,3303.78,False,"2"" DIAPHRAGM PUMP ASM",0.0,Sin motor electrico (neumatica),0.2,Aluminio (centro),Nitrilo (NBR/Buna-N),,
ARO-66612B-8EB-C,ARO (Ingersoll Rand),66612B-8EB-C,NEUMATICA_DOBLE_MEMBRANA,CALIDAD_PRECIO,0.399,7.98,84.6,3313.06,False,"PUMP ASM, 1"" METAL DIAPHRAGM PUMP",0.0,Sin motor electrico (neumatica),0.2,,Santoprene,,
ARO-666109-244-C,ARO (Ingersoll Rand),666109-244-C,NEUMATICA_DOBLE_MEMBRANA,CALIDAD_PRECIO,0.399,7.98,84.6,3313.98,False,"PUMP ASM, 1"" METAL DIAPHRAGM PUMP",0.0,Sin motor electrico (neumatica),0.2,,PTFE (Teflón)/Santoprene,,
ARO-66627C-9C9-C,ARO (Ingersoll Rand),66627C-9C9-C,NEUMATICA_DOBLE_MEMBRANA,CALIDAD_PRECIO,1.953,39.06,84.6,3319.08,False,"2"" METALLIC PUMP",0.0,Sin motor electrico (neumatica),0.2,,,,
ARO-PD20A-BAP-FAA-B,ARO (Ingersoll Rand),PD20A-BAP-FAA-B,NEUMATICA_DOBLE_MEMBRANA,CALIDAD_PRECIO,1.953,39.06,84.6,3337.44,False,"2"" DIAPHRAGM PUMP",0.0,Sin motor electrico (neumatica),0.2,Aluminio (centro),Santoprene,,
ARO-650110-C,ARO (Ingersoll Rand),650110-C,NEUMATICA_DOBLE_MEMBRANA,CALIDAD_PRECIO,1.953,39.06,84.6,3349.68,False,"PAINT PUMP ASM, 2"" AIR MOTOR, 2:1 RATIO, 55 GALLON",0.0,Sin motor electrico (neumatica),0.2,,,,
ARO-66611B-444-C,ARO (Ingersoll Rand),66611B-444-C,NEUMATICA_DOBLE_MEMBRANA,CALIDAD_PRECIO,0.399,7.98,84.6,3354.37,False,"PUMP ASM, 1"" METAL DIAPHRAGM PUMP",0.0,Sin motor electrico (neumatica),0.2,,PTFE (Teflón)/Santoprene,,
ARO-666111-244-C,ARO (Ingersoll Rand),666111-244-C,NEUMATICA_DOBLE_MEMBRANA,CALIDAD_PRECIO,0.399,7.98,84.6,3371.81,False,"PUMP ASM, 1"" METAL DIAPHRAGM PUMP",0.0,Sin motor electrico (neumatica),0.2,,PTFE (Teflón)/Santoprene,,
ARO-PE15A-BAP-FTT-AS0,ARO (Ingersoll Rand),PE15A-BAP-FTT-AS0,NEUMATICA_DOBLE_MEMBRANA,CALIDAD_PRECIO,1.022,20.442,84.6,3387.42,False,"1-1/2"" DIAPHRAGM PUMP",0.0,Sin motor electrico (neumatica),0.2,Aluminio (centro),PTFE (Teflón),,
ARO-PE10P-YPS-PTT-AH0,ARO (Ingersoll Rand),PE10P-YPS-PTT-AH0,NEUMATICA_DOBLE_MEMBRANA,CALIDAD_PRECIO,0.399,7.98,84.6,3392.52,False,"1"" DIAPHRAGM PUMP",0.0,Sin motor electrico (neumatica),0.2,Polipropileno (no metálica),PTFE (Teflón),,
ARO-PE20A-BAP-AAA-BS0,ARO (Ingersoll Rand),PE20A-BAP-AAA-BS0,NEUMATICA_DOBLE_MEMBRANA,CALIDAD_PRECIO,1.953,39.06,84.6,3404.76,False,"2"" DIAPHRAGM PUMP",0.0,Sin motor electrico (neumatica),0.2,Aluminio (centro),Santoprene,,
ARO-66611B-244-C,ARO (Ingersoll Rand),66611B-244-C,NEUMATICA_DOBLE_MEMBRANA,CALIDAD_PRECIO,0.399,7.98,84.6,3418.63,False,"PUMP ASM, 1"" METAL DIAPHRAGM PUMP",0.0,Sin motor electrico (neumatica),0.2,,PTFE (Teflón)/Santoprene,,
ARO-PZ20A-BAP-AAA-B,ARO (Ingersoll Rand),PZ20A-BAP-AAA-B,NEUMATICA_DOBLE_MEMBRANA,CALIDAD_PRECIO,1.953,39.06,84.6,3426.18,False,"2"" DIAPHRAGM PUMP ASM (METALLIC)",0.0,Sin motor electrico (neumatica),0.2,,,,
ARO-666172-344-C,ARO (Ingersoll Rand),666172-344-C,NEUMATICA_DOBLE_MEMBRANA,CALIDAD_PRECIO,1.022,20.442,84.6,3445.0,False,"1-1/2"" DIAPHRAGM PUMP",0.0,Sin motor electrico (neumatica),0.2,,PTFE (Teflón)/Santoprene,,
ARO-PD15A-BAP-SSG,ARO (Ingersoll Rand),PD15A-BAP-SSG,NEUMATICA_DOBLE_MEMBRANA,CALIDAD_PRECIO,1.022,20.442,84.6,3446.58,False,1.5IN EXP MET DIAP PUMP PD15A-BAP-SSG,0.0,Sin motor electrico (neumatica),0.2,Aluminio (centro),,,
ARO-66617A-144-C,ARO (Ingersoll Rand),66617A-144-C,NEUMATICA_DOBLE_MEMBRANA,CALIDAD_PRECIO,1.022,20.442,84.6,3450.66,False,"1-1/2"" DIAPHRAGM PUMP",0.0,Sin motor electrico (neumatica),0.2,,PTFE (Teflón)/Santoprene,,
ARO-6661T3-311-C,ARO (Ingersoll Rand),6661T3-311-C,NEUMATICA_DOBLE_MEMBRANA,CALIDAD_PRECIO,0.164,3.27,70.3,3452.7,False,"PUMP ASSEMBLY, 1 1/2"" PLASTIC",0.0,Sin motor electrico (neumatica),0.2,Plástico (no metálico),,,
ARO-6661T3-322-C,ARO (Ingersoll Rand),6661T3-322-C,NEUMATICA_DOBLE_MEMBRANA,CALIDAD_PRECIO,0.164,3.27,70.3,3452.7,False,"PUMP ASSEMBLY, 1 1/2"" PLASTIC",0.0,Sin motor electrico (neumatica),0.2,Plástico (no metálico),,,
ARO-666152-244-C,ARO (Ingersoll Rand),666152-244-C,NEUMATICA_DOBLE_MEMBRANA,CALIDAD_PRECIO,1.022,20.442,84.6,3465.96,False,"1-1/2"" DIAPHRAGM PUMP",0.0,Sin motor electrico (neumatica),0.2,,PTFE (Teflón)/Santoprene,,
ARO-PE10P-FPS-PTT-ADL,ARO (Ingersoll Rand),PE10P-FPS-PTT-ADL,NEUMATICA_DOBLE_MEMBRANA,CALIDAD_PRECIO,0.399,7.98,84.6,3480.24,False,"1"" DIAPHRAGM PUMP",0.0,Sin motor electrico (neumatica),0.2,Polipropileno (no metálica),PTFE (Teflón),,
ARO-6661T3-389-C,ARO (Ingersoll Rand),6661T3-389-C,NEUMATICA_DOBLE_MEMBRANA,CALIDAD_PRECIO,0.164,3.27,70.3,3481.26,False,"PUMP ASSEMBLY, 1 1/2"" PLASTIC",0.0,Sin motor electrico (neumatica),0.2,Plástico (no metálico),,,
ARO-PE10A-BAP-FTT-ADL,ARO (Ingersoll Rand),PE10A-BAP-FTT-ADL,NEUMATICA_DOBLE_MEMBRANA,CALIDAD_PRECIO,0.399,7.98,84.6,3495.54,False,"1"" DIAPHRAGM PUMP",0.0,Sin motor electrico (neumatica),0.2,Aluminio (centro),PTFE (Teflón),,
ARO-PZ05A-BSS-STT-B,ARO (Ingersoll Rand),PZ05A-BSS-STT-B,NEUMATICA_DOBLE_MEMBRANA,CALIDAD_PRECIO,0.136,2.724,70.3,3520.02,False,"1/2"" DIAPHRAGM PUMP ASM (METALLIC)",0.0,Sin motor electrico (neumatica),0.2,,,,
ARO-PD20A-ACP-AAA-B,ARO (Ingersoll Rand),PD20A-ACP-AAA-B,NEUMATICA_DOBLE_MEMBRANA,CALIDAD_PRECIO,1.953,39.06,84.6,3521.04,False,2 DIAPHRAGM PUMP ASM,0.0,Sin motor electrico (neumatica),0.2,Aluminio (centro),Santoprene,,
ARO-66612B-244-C,ARO (Ingersoll Rand),66612B-244-C,NEUMATICA_DOBLE_MEMBRANA,CALIDAD_PRECIO,0.399,7.98,84.6,3525.0,False,"PUMP ASM, 1"" METAL DIAPHRAGM PUMP",0.0,Sin motor electrico (neumatica),0.2,,PTFE (Teflón)/Santoprene,,
ARO-PD10P-FKS-KTT,ARO (Ingersoll Rand),PD10P-FKS-KTT,NEUMATICA_DOBLE_MEMBRANA,CALIDAD_PRECIO,0.534,10.68,84.6,3540.0,False,1 NON-METALLIC DIAPH PUMP ASM (RESTRICTED),0.0,Sin motor electrico (neumatica),0.2,Polipropileno (no metálica),PTFE (Teflón),,
ARO-PE20A-BAP-AAA-BDF,ARO (Ingersoll Rand),PE20A-BAP-AAA-BDF,NEUMATICA_DOBLE_MEMBRANA,CALIDAD_PRECIO,1.953,39.06,84.6,3544.5,False,"2"" DIAPHRAGM PUMP",0.0,Sin motor electrico (neumatica),0.2,Aluminio (centro),Santoprene,,
ARO-PD15P-FPS-PAA,ARO (Ingersoll Rand),PD15P-FPS-PAA,NEUMATICA_DOBLE_MEMBRANA,CALIDAD_PRECIO,1.136,22.71,84.6,3545.0,False,PUMP ASM (1 1/2 NON-METALLIC),0.0,Sin motor electrico (neumatica),0.2,Polipropileno (no metálica),Santoprene,,
ARO-666121-444-C,ARO (Ingersoll Rand),666121-444-C,NEUMATICA_DOBLE_MEMBRANA,CALIDAD_PRECIO,0.399,7.98,84.6,3548.07,False,"PUMP ASM, 1"" METAL DIAPHRAGM PUMP",0.0,Sin motor electrico (neumatica),0.2,,PTFE (Teflón)/Santoprene,,
ARO-666170-244-C,ARO (Ingersoll Rand),666170-244-C,NEUMATICA_DOBLE_MEMBRANA,CALIDAD_PRECIO,1.022,20.442,84.6,3563.88,False,"1-1/2"" DIAPHRAGM PUMP",0.0,Sin motor electrico (neumatica),0.2,,PTFE (Teflón)/Santoprene,,
ARO-PD20A-BCP-GGG-B,ARO (Ingersoll Rand),PD20A-BCP-GGG-B,NEUMATICA_DOBLE_MEMBRANA,CALIDAD_PRECIO,1.953,39.06,84.6,3605.0,False,"2"" DIAPHRAGM PUMP ASM",0.0,Sin motor electrico (neumatica),0.2,Aluminio (centro),Nitrilo (NBR/Buna-N),,
ARO-NM2304B-11-311,ARO (Ingersoll Rand),NM2304B-11-311,NEUMATICA_DOBLE_MEMBRANA,CALIDAD_PRECIO,2.691,53.82,84.6,3615.0,False,"PUMP ASM, 3"" AIR MOTOR, 4:1 RATIO, STAINLESS STEEL",0.0,Sin motor electrico (neumatica),0.2,Acero inoxidable,,,
ARO-666272-EEB-C,ARO (Ingersoll Rand),666272-EEB-C,NEUMATICA_DOBLE_MEMBRANA,CALIDAD_PRECIO,1.953,39.06,84.6,3622.02,False,"2"" METALLIC PUMP",0.0,Sin motor electrico (neumatica),0.2,,,,
ARO-NM2202B-11-C31,ARO (Ingersoll Rand),NM2202B-11-C31,NEUMATICA_DOBLE_MEMBRANA,CALIDAD_PRECIO,1.953,39.06,84.6,3624.06,False,"PUMP ASM (2"" AM, SS, 2:1 RATIO)",0.0,Sin motor electrico (neumatica),0.2,,,,
ARO-PE15A-AAP-FTT-ADF,ARO (Ingersoll Rand),PE15A-AAP-FTT-ADF,NEUMATICA_DOBLE_MEMBRANA,CALIDAD_PRECIO,1.022,20.442,84.6,3624.06,False,"1-1/2"" DIAPHRAGM PUMP",0.0,Sin motor electrico (neumatica),0.2,Aluminio,PTFE (Teflón),,
ARO-666121-244-C,ARO (Ingersoll Rand),666121-244-C,NEUMATICA_DOBLE_MEMBRANA,CALIDAD_PRECIO,0.399,7.98,84.6,3629.77,False,"PUMP ASM, 1"" METAL DIAPHRAGM PUMP",0.0,Sin motor electrico (neumatica),0.2,,PTFE (Teflón)/Santoprene,,
ARO-PD20A-ACP-GGG-B,ARO (Ingersoll Rand),PD20A-ACP-GGG-B,NEUMATICA_DOBLE_MEMBRANA,CALIDAD_PRECIO,1.953,39.06,84.6,3639.36,False,2 DIAPHRAGM PUMP ASM,0.0,Sin motor electrico (neumatica),0.2,Aluminio (centro),Nitrilo (NBR/Buna-N),,
ARO-666170-133-C,ARO (Ingersoll Rand),666170-133-C,NEUMATICA_DOBLE_MEMBRANA,CALIDAD_PRECIO,1.022,20.442,84.6,3652.62,False,"1-1/2"" DIAPHRAGM PUMP",0.0,Sin motor electrico (neumatica),0.2,,Viton (FKM),,
ARO-PD10P-AKS-KAA,ARO (Ingersoll Rand),PD10P-AKS-KAA,NEUMATICA_DOBLE_MEMBRANA,CALIDAD_PRECIO,0.534,10.68,84.6,3653.64,False,1 NON-METALLIC DIAPH PUMP ASM,0.0,Sin motor electrico (neumatica),0.2,Polipropileno (no metálica),Santoprene,,
ARO-6661U3-311-C,ARO (Ingersoll Rand),6661U3-311-C,NEUMATICA_DOBLE_MEMBRANA,CALIDAD_PRECIO,0.164,3.27,70.3,3680.16,False,"PUMP ASSEMBLY, 1 1/2"" PLASTIC",0.0,Sin motor electrico (neumatica),0.2,Plástico (no metálico),,,
ARO-6661U3-3EB-C,ARO (Ingersoll Rand),6661U3-3EB-C,NEUMATICA_DOBLE_MEMBRANA,CALIDAD_PRECIO,0.164,3.27,70.3,3680.16,False,"PUMP ASSEMBLY, 1 1/2"" PLASTIC",0.0,Sin motor electrico (neumatica),0.2,Plástico (no metálico),,,
ARO-66M270-122-C,ARO (Ingersoll Rand),66M270-122-C,NEUMATICA_DOBLE_MEMBRANA,CALIDAD_PRECIO,1.953,39.06,84.6,3682.2,False,"2"" MINING PUMP",0.0,Sin motor electrico (neumatica),0.2,,,,
ARO-PD15A-BCP-SAA,ARO (Ingersoll Rand),PD15A-BCP-SAA,NEUMATICA_DOBLE_MEMBRANA,CALIDAD_PRECIO,1.022,20.442,84.6,3693.42,False,"1-1/2"" PUMP ASSY",0.0,Sin motor electrico (neumatica),0.2,Aluminio (centro),Santoprene,,
ARO-666162-244-C,ARO (Ingersoll Rand),666162-244-C,NEUMATICA_DOBLE_MEMBRANA,CALIDAD_PRECIO,1.022,20.442,84.6,3695.46,False,"1-1/2"" DIAPHRAGM PUMP",0.0,Sin motor electrico (neumatica),0.2,,PTFE (Teflón)/Santoprene,,
ARO-PD10E-FES-PTT,ARO (Ingersoll Rand),PD10E-FES-PTT,NEUMATICA_DOBLE_MEMBRANA,CALIDAD_PRECIO,0.399,7.98,84.6,3714.84,False,"1"" NON-METALLIC DIAPH PUMP ASM",0.0,Sin motor electrico (neumatica),0.2,,,,
ARO-PD10P-FKS-KAA,ARO (Ingersoll Rand),PD10P-FKS-KAA,NEUMATICA_DOBLE_MEMBRANA,CALIDAD_PRECIO,0.534,10.68,84.6,3716.88,False,1 NON-METALLIC DIAPH PUMP ASM,0.0,Sin motor electrico (neumatica),0.2,Polipropileno (no metálica),Santoprene,,
ARO-666250-144-C,ARO (Ingersoll Rand),666250-144-C,NEUMATICA_DOBLE_MEMBRANA,CALIDAD_PRECIO,1.953,39.06,84.6,3718.92,False,"2"" METALLIC PUMP",0.0,Sin motor electrico (neumatica),0.2,,PTFE (Teflón)/Santoprene,,
ARO-666172-244-C,ARO (Ingersoll Rand),666172-244-C,NEUMATICA_DOBLE_MEMBRANA,CALIDAD_PRECIO,1.022,20.442,84.6,3742.38,False,"1-1/2"" DIAPHRAGM PUMP",0.0,Sin motor electrico (neumatica),0.2,,PTFE (Teflón)/Santoprene,,
ARO-66611B-3EB-C,ARO (Ingersoll Rand),66611B-3EB-C,NEUMATICA_DOBLE_MEMBRANA,CALIDAD_PRECIO,0.399,7.98,84.6,3746.46,False,"1"" PUMP ASM",0.0,Sin motor electrico (neumatica),0.2,,Santoprene,,
ARO-PD20A-BAP-KTT-B,ARO (Ingersoll Rand),PD20A-BAP-KTT-B,NEUMATICA_DOBLE_MEMBRANA,CALIDAD_PRECIO,1.953,39.06,84.6,3755.0,False,2 DIAPHRAGM PUMP ASM,0.0,Sin motor electrico (neumatica),0.2,Aluminio (centro),PTFE (Teflón),,
ARO-PD15A-BAS-FTT,ARO (Ingersoll Rand),PD15A-BAS-FTT,NEUMATICA_DOBLE_MEMBRANA,CALIDAD_PRECIO,1.022,20.442,84.6,3756.66,False,1.5IN EXP MET DIAP PUMP PD15A-BAS-FTT,0.0,Sin motor electrico (neumatica),0.2,Aluminio (centro),PTFE (Teflón),,
ARO-66612B-2A4-C,ARO (Ingersoll Rand),66612B-2A4-C,NEUMATICA_DOBLE_MEMBRANA,CALIDAD_PRECIO,0.399,7.98,84.6,3772.06,False,"PUMP ASM, 1"" METAL DIAPHRAGM PUMP",0.0,Sin motor electrico (neumatica),0.2,,PTFE (Teflón)/Santoprene,,
ARO-PE10A-BAP-FTT-AHG,ARO (Ingersoll Rand),PE10A-BAP-FTT-AHG,NEUMATICA_DOBLE_MEMBRANA,CALIDAD_PRECIO,0.399,7.98,84.6,3779.1,False,"1"" DIAPHRAGM PUMP ASM.",0.0,Sin motor electrico (neumatica),0.2,Aluminio (centro),PTFE (Teflón),,
ARO-PE15P-FPS-PAA-AD0,ARO (Ingersoll Rand),PE15P-FPS-PAA-AD0,NEUMATICA_DOBLE_MEMBRANA,CALIDAD_PRECIO,0.136,2.724,70.3,3780.12,False,"PUMP ASM (1 1/2"" NON-METALLIC)",0.0,Sin motor electrico (neumatica),0.2,Polipropileno (no metálica),Santoprene,,
ARO-66612B-233-C,ARO (Ingersoll Rand),66612B-233-C,NEUMATICA_DOBLE_MEMBRANA,CALIDAD_PRECIO,0.399,7.98,84.6,3891.4,False,"PUMP ASM, 1"" METAL DIAPHRAGM PUMP",0.0,Sin motor electrico (neumatica),0.2,,Viton (FKM),,
ARO-PE10P-FPS-PTT-ADE,ARO (Ingersoll Rand),PE10P-FPS-PTT-ADE,NEUMATICA_DOBLE_MEMBRANA,CALIDAD_PRECIO,0.399,7.98,84.6,3908.64,False,"1"" DIAPHRAGM PUMP",0.0,Sin motor electrico (neumatica),0.2,Polipropileno (no metálica),PTFE (Teflón),,
ARO-PD30A-BAP-GGG-C,ARO (Ingersoll Rand),PD30A-BAP-GGG-C,NEUMATICA_DOBLE_MEMBRANA,CALIDAD_PRECIO,2.691,53.82,84.6,3955.0,False,"PUMP, DIAPHRAGM BSP EXP 3",0.0,Sin motor electrico (neumatica),0.2,Aluminio (centro),Nitrilo (NBR/Buna-N),,
ARO-PD10P-YKS-KVV,ARO (Ingersoll Rand),PD10P-YKS-KVV,NEUMATICA_DOBLE_MEMBRANA,CALIDAD_PRECIO,0.534,10.68,84.6,3963.72,False,"1"" NON-METALLIC DIAPH PUMP ASM (RESTRICTED)",0.0,Sin motor electrico (neumatica),0.2,Polipropileno (no metálica),,,
ARO-66613B-244-C,ARO (Ingersoll Rand),66613B-244-C,NEUMATICA_DOBLE_MEMBRANA,CALIDAD_PRECIO,0.399,7.98,84.6,3977.69,False,"PUMP ASM, 1"" METAL DIAPHRAGM PUMP",0.0,Sin motor electrico (neumatica),0.2,,PTFE (Teflón)/Santoprene,,
ARO-SD10R-CSS-STT-B00,ARO (Ingersoll Rand),SD10R-CSS-STT-B00,NEUMATICA_DOBLE_MEMBRANA,CALIDAD_PRECIO,0.399,7.98,84.6,3980.0,False,"1"" SANITARY DIAPH PUMP",0.0,Sin motor electrico (neumatica),0.2,,,,
ARO-66M270-1EB-C,ARO (Ingersoll Rand),66M270-1EB-C,NEUMATICA_DOBLE_MEMBRANA,CALIDAD_PRECIO,1.953,39.06,84.6,4017.78,False,"2"" MINING PUMP",0.0,Sin motor electrico (neumatica),0.2,,,,
ARO-670257-A,ARO (Ingersoll Rand),670257-A,NEUMATICA_DOBLE_MEMBRANA,CALIDAD_PRECIO,0.136,2.724,70.3,4037.16,False,"1/2"" DIAPHRAGM PUMP",0.0,Sin motor electrico (neumatica),0.2,,,,
ARO-PD20A-AAP-FTT-B,ARO (Ingersoll Rand),PD20A-AAP-FTT-B,NEUMATICA_DOBLE_MEMBRANA,CALIDAD_PRECIO,1.953,39.06,84.6,4051.44,False,2 DIAPHRAGM PUMP ASM,0.0,Sin motor electrico (neumatica),0.2,Aluminio,PTFE (Teflón),,
ARO-PD30A-BAP-AAA-C,ARO (Ingersoll Rand),PD30A-BAP-AAA-C,NEUMATICA_DOBLE_MEMBRANA,CALIDAD_PRECIO,2.691,53.82,84.6,4060.0,False,"PUMP, DIAPHRAGM BSP-EXP-3",0.0,Sin motor electrico (neumatica),0.2,Aluminio (centro),Santoprene,,
ARO-NM2304B-11-C11,ARO (Ingersoll Rand),NM2304B-11-C11,NEUMATICA_DOBLE_MEMBRANA,CALIDAD_PRECIO,2.691,53.82,84.6,4062.66,False,"PUMP ASM, 3"" AIR MOTOR, 4:1 RATIO, STAINLESS STEEL",0.0,Sin motor electrico (neumatica),0.2,Acero inoxidable,,,
ARO-66M270-1C9-C,ARO (Ingersoll Rand),66M270-1C9-C,NEUMATICA_DOBLE_MEMBRANA,CALIDAD_PRECIO,1.953,39.06,84.6,4076.94,False,"2"" MINING PUMP",0.0,Sin motor electrico (neumatica),0.2,,,,
ARO-PD10P-BKS-KTT,ARO (Ingersoll Rand),PD10P-BKS-KTT,NEUMATICA_DOBLE_MEMBRANA,CALIDAD_PRECIO,0.534,10.68,84.6,4137.12,False,"1"" NON-METALLIC DIAPH PUMP ASM (RESTRICTED)",0.0,Sin motor electrico (neumatica),0.2,Polipropileno (no metálica),PTFE (Teflón),,
ARO-66612D-244-C,ARO (Ingersoll Rand),66612D-244-C,NEUMATICA_DOBLE_MEMBRANA,CALIDAD_PRECIO,0.399,7.98,84.6,4141.1,False,"PUMP ASM, 1"" METAL DIAPHRAGM PUMP",0.0,Sin motor electrico (neumatica),0.2,,PTFE (Teflón)/Santoprene,,
ARO-PD10P-YKS-KTT,ARO (Ingersoll Rand),PD10P-YKS-KTT,NEUMATICA_DOBLE_MEMBRANA,CALIDAD_PRECIO,0.534,10.68,84.6,4162.62,False,"1"" NON-METALLIC DIAPH PUMP ASM (RESTRICTED)",0.0,Sin motor electrico (neumatica),0.2,Polipropileno (no metálica),PTFE (Teflón),,
ARO-NM2328A-11-311,ARO (Ingersoll Rand),NM2328A-11-311,NEUMATICA_DOBLE_MEMBRANA,CALIDAD_PRECIO,2.691,53.82,84.6,4199.34,False,"3"" 28:1 PUMP ASM (SST) NM2328A-11-311",0.0,Sin motor electrico (neumatica),0.2,,,,
ARO-PD20A-BCP-KTT-B,ARO (Ingersoll Rand),PD20A-BCP-KTT-B,NEUMATICA_DOBLE_MEMBRANA,CALIDAD_PRECIO,1.953,39.06,84.6,4200.0,False,"2"" DIAPHRAGM PUMP ASM",0.0,Sin motor electrico (neumatica),0.2,Aluminio (centro),PTFE (Teflón),,
ARO-NM2328A-11-G11,ARO (Ingersoll Rand),NM2328A-11-G11,NEUMATICA_DOBLE_MEMBRANA,CALIDAD_PRECIO,2.691,53.82,84.6,4225.86,False,"PUMP ASM, 3"" AIR MOTOR, 28:1 RATIO",0.0,Sin motor electrico (neumatica),0.2,,,,
ARO-6661B4-444-C,ARO (Ingersoll Rand),6661B4-444-C,NEUMATICA_DOBLE_MEMBRANA,CALIDAD_PRECIO,0.534,10.68,84.6,4248.5,False,"PLASTIC, 1"" DIAPHRAGM PUMP",0.0,Sin motor electrico (neumatica),0.2,Plástico (no metálico),,,
ARO-PE10P-FKS-KTT-AD0,ARO (Ingersoll Rand),PE10P-FKS-KTT-AD0,NEUMATICA_DOBLE_MEMBRANA,CALIDAD_PRECIO,0.399,7.98,84.6,4253.4,False,"1"" DIAPHRAGM PUMP - RESTRICTED",0.0,Sin motor electrico (neumatica),0.2,Polipropileno (no metálica),PTFE (Teflón),,
ARO-PE15A-BAP-FTT-ADF,ARO (Ingersoll Rand),PE15A-BAP-FTT-ADF,NEUMATICA_DOBLE_MEMBRANA,CALIDAD_PRECIO,1.022,20.442,84.6,4253.4,False,"1-1/2"" DIAPHRAGM PUMP",0.0,Sin motor electrico (neumatica),0.2,Aluminio (centro),PTFE (Teflón),,
ARO-PD15P-FPS-PGG,ARO (Ingersoll Rand),PD15P-FPS-PGG,NEUMATICA_DOBLE_MEMBRANA,CALIDAD_PRECIO,1.136,22.71,84.6,4270.74,False,"PUMP ASM (1 1/2"" NON-METALLIC)",0.0,Sin motor electrico (neumatica),0.2,Polipropileno (no metálica),Nitrilo (NBR/Buna-N),,
ARO-PD15P-YPS-PGG,ARO (Ingersoll Rand),PD15P-YPS-PGG,NEUMATICA_DOBLE_MEMBRANA,CALIDAD_PRECIO,1.136,22.71,84.6,4270.74,False,"PUMP ASM (1 1/2"" NON-METALLIC)",0.0,Sin motor electrico (neumatica),0.2,Polipropileno (no metálica),Nitrilo (NBR/Buna-N),,
ARO-SD10R-CSS-SMM-B00,ARO (Ingersoll Rand),SD10R-CSS-SMM-B00,NEUMATICA_DOBLE_MEMBRANA,CALIDAD_PRECIO,0.399,7.98,84.6,4273.8,False,"1"" SANITARY DIAPH PUMP",0.0,Sin motor electrico (neumatica),0.2,,,,
ARO-PE10P-FKS-KTT-AS0,ARO (Ingersoll Rand),PE10P-FKS-KTT-AS0,NEUMATICA_DOBLE_MEMBRANA,CALIDAD_PRECIO,0.399,7.98,84.6,4297.26,False,"1"" DIAPHRAGM PUMP - RESTRICTED",0.0,Sin motor electrico (neumatica),0.2,Polipropileno (no metálica),PTFE (Teflón),,
ARO-666170-146-C,ARO (Ingersoll Rand),666170-146-C,NEUMATICA_DOBLE_MEMBRANA,CALIDAD_PRECIO,1.022,20.442,84.6,4346.22,False,"1-1/2"" DIAPHRAGM PUMP",0.0,Sin motor electrico (neumatica),0.2,,PTFE compuesto,,
ARO-PF20A-AAP-SGG-B,ARO (Ingersoll Rand),PF20A-AAP-SGG-B,NEUMATICA_DOBLE_MEMBRANA,CALIDAD_PRECIO,1.953,39.06,84.6,4367.64,False,"2"" DIAPHRAGM PUMP (FLAP)",0.0,Sin motor electrico (neumatica),0.2,,,,
ARO-NM2304B-11-W11,ARO (Ingersoll Rand),NM2304B-11-W11,NEUMATICA_DOBLE_MEMBRANA,CALIDAD_PRECIO,2.691,53.82,84.6,4408.44,False,"PUMP ASM, 3"" AIR MOTOR, 4:1 RATIO, STAINLESS STEEL",0.0,Sin motor electrico (neumatica),0.2,Acero inoxidable,,,
ARO-6661A4-444-C,ARO (Ingersoll Rand),6661A4-444-C,NEUMATICA_DOBLE_MEMBRANA,CALIDAD_PRECIO,0.534,10.68,84.6,4435.78,False,"PLASTIC, 1"" DIAPHRAGM PUMP",0.0,Sin motor electrico (neumatica),0.2,Plástico (no metálico),,,
ARO-NM2304B-41-C11,ARO (Ingersoll Rand),NM2304B-41-C11,NEUMATICA_DOBLE_MEMBRANA,CALIDAD_PRECIO,2.691,53.82,84.6,4437.0,False,"PUMP ASM, 3"" AIR MOTOR, 4:1 RATIO, STAINLESS STEEL",0.0,Sin motor electrico (neumatica),0.2,Acero inoxidable,,,
ARO-PF20A-BAP-SGG-B,ARO (Ingersoll Rand),PF20A-BAP-SGG-B,NEUMATICA_DOBLE_MEMBRANA,CALIDAD_PRECIO,1.953,39.06,84.6,4495.0,False,"2"" DIAPHRAGM PUMP (FLAP)",0.0,Sin motor electrico (neumatica),0.2,,,,
ARO-PE15A-BAP-FTT-ADL,ARO (Ingersoll Rand),PE15A-BAP-FTT-ADL,NEUMATICA_DOBLE_MEMBRANA,CALIDAD_PRECIO,1.022,20.442,84.6,4534.92,False,"1-1/2"" DIAPHRAGM PUMP",0.0,Sin motor electrico (neumatica),0.2,Aluminio (centro),PTFE (Teflón),,
ARO-66610B-246-C,ARO (Ingersoll Rand),66610B-246-C,NEUMATICA_DOBLE_MEMBRANA,CALIDAD_PRECIO,0.399,7.98,84.6,4535.84,False,"PUMP ASM, 1"" METAL DIAPHRAGM PUMP",0.0,Sin motor electrico (neumatica),0.2,,PTFE compuesto,,
ARO-PE10E-FES-PTT-AHG,ARO (Ingersoll Rand),PE10E-FES-PTT-AHG,NEUMATICA_DOBLE_MEMBRANA,CALIDAD_PRECIO,0.399,7.98,84.6,4540.02,False,"1"" NON-METALLIC DIAPH PUMP ASM",0.0,Sin motor electrico (neumatica),0.2,,,,
ARO-PD10E-FNS-KAA-A,ARO (Ingersoll Rand),PD10E-FNS-KAA-A,NEUMATICA_DOBLE_MEMBRANA,CALIDAD_PRECIO,0.399,7.98,84.6,4554.3,False,"1"" DIAPHRAGM PUMP",0.0,Sin motor electrico (neumatica),0.2,,,,
ARO-47692858001,ARO (Ingersoll Rand),47692858001,NEUMATICA_DOBLE_MEMBRANA,CALIDAD_PRECIO,0.136,2.724,70.3,4598.16,False,"1/2"" PUMP WITH CERTS",0.0,Sin motor electrico (neumatica),0.2,,,,
ARO-PD15P-YPS-PAA,ARO (Ingersoll Rand),PD15P-YPS-PAA,NEUMATICA_DOBLE_MEMBRANA,CALIDAD_PRECIO,1.136,22.71,84.6,4604.28,False,PUMP ASM (1 1/2 NON-METALLIC),0.0,Sin motor electrico (neumatica),0.2,Polipropileno (no metálica),Santoprene,,
ARO-6661AG-444-C,ARO (Ingersoll Rand),6661AG-444-C,NEUMATICA_DOBLE_MEMBRANA,CALIDAD_PRECIO,0.534,10.68,84.6,4617.54,False,"PLASTIC, 1"" DIAPHRAGM PUMP",0.0,Sin motor electrico (neumatica),0.2,Plástico (no metálico),,,
ARO-PD20A-BAP-FTT-B,ARO (Ingersoll Rand),PD20A-BAP-FTT-B,NEUMATICA_DOBLE_MEMBRANA,CALIDAD_PRECIO,1.953,39.06,84.6,4635.9,False,2 DIAPHRAGM PUMP ASM,0.0,Sin motor electrico (neumatica),0.2,Aluminio (centro),PTFE (Teflón),,
ARO-666320-9C9-C,ARO (Ingersoll Rand),666320-9C9-C,NEUMATICA_DOBLE_MEMBRANA,CALIDAD_PRECIO,2.691,53.82,84.6,4673.64,False,"3"" METALLIC PUMP",0.0,Sin motor electrico (neumatica),0.2,,,,
ARO-PD30A-AAP-AAA-C,ARO (Ingersoll Rand),PD30A-AAP-AAA-C,NEUMATICA_DOBLE_MEMBRANA,CALIDAD_PRECIO,2.691,53.82,84.6,4677.72,False,3 AL/SANTOPRENE PUMP,0.0,Sin motor electrico (neumatica),0.2,Aluminio,Santoprene,,
ARO-NM2304B-41-311,ARO (Ingersoll Rand),NM2304B-41-311,NEUMATICA_DOBLE_MEMBRANA,CALIDAD_PRECIO,2.691,53.82,84.6,4701.18,False,"PUMP ASM, 3"" AIR MOTOR, 4:1 RATIO, STAINLESS STEEL",0.0,Sin motor electrico (neumatica),0.2,Acero inoxidable,,,
ARO-PE15P-FPS-PAA-ADF,ARO (Ingersoll Rand),PE15P-FPS-PAA-ADF,NEUMATICA_DOBLE_MEMBRANA,CALIDAD_PRECIO,0.136,2.724,70.3,4713.42,False,"PUMP ASM (1 1/2"" NON-METALLIC)",0.0,Sin motor electrico (neumatica),0.2,Polipropileno (no metálica),Santoprene,,
ARO-SD10R-CSS-SMM-BDF,ARO (Ingersoll Rand),SD10R-CSS-SMM-BDF,NEUMATICA_DOBLE_MEMBRANA,CALIDAD_PRECIO,0.399,7.98,84.6,4713.42,False,"1"" SANITARY DIAPH PUMP",0.0,Sin motor electrico (neumatica),0.2,,,,
ARO-666300-9C9-C,ARO (Ingersoll Rand),666300-9C9-C,NEUMATICA_DOBLE_MEMBRANA,CALIDAD_PRECIO,2.691,53.82,84.6,4715.46,False,"3"" METALLIC PUMP",0.0,Sin motor electrico (neumatica),0.2,,,,
ARO-PD15P-FPS-PCC,ARO (Ingersoll Rand),PD15P-FPS-PCC,NEUMATICA_DOBLE_MEMBRANA,CALIDAD_PRECIO,1.136,22.71,84.6,4727.7,False,"PUMP ASM (1 1/2"" NON-METALLIC)",0.0,Sin motor electrico (neumatica),0.2,Polipropileno (no metálica),Hytrel,,
ARO-666151-2EB-C,ARO (Ingersoll Rand),666151-2EB-C,NEUMATICA_DOBLE_MEMBRANA,CALIDAD_PRECIO,1.022,20.442,84.6,4745.04,False,"1-1/2"" DIAPHRAGM PUMP",0.0,Sin motor electrico (neumatica),0.2,,Santoprene,,
ARO-PD15E-FES-PAA,ARO (Ingersoll Rand),PD15E-FES-PAA,NEUMATICA_DOBLE_MEMBRANA,CALIDAD_PRECIO,1.022,20.442,84.6,4802.16,False,"PUMP ASM (1 1/2"" NON-METALLIC)",0.0,Sin motor electrico (neumatica),0.2,,,,
ARO-PD30A-BAP-CCC-C,ARO (Ingersoll Rand),PD30A-BAP-CCC-C,NEUMATICA_DOBLE_MEMBRANA,CALIDAD_PRECIO,2.691,53.82,84.6,4808.28,False,DIAP PUMP-BSP-EXP-3IN,0.0,Sin motor electrico (neumatica),0.2,Aluminio (centro),Hytrel,,
ARO-SD10S-CSS-CCC-B00,ARO (Ingersoll Rand),SD10S-CSS-CCC-B00,NEUMATICA_DOBLE_MEMBRANA,CALIDAD_PRECIO,0.399,7.98,84.6,4820.52,False,"1"" SANITARY DIAPH PUMP",0.0,Sin motor electrico (neumatica),0.2,,,,
ARO-66612B-246-C,ARO (Ingersoll Rand),66612B-246-C,NEUMATICA_DOBLE_MEMBRANA,CALIDAD_PRECIO,0.399,7.98,84.6,4825.01,False,"PUMP ASM, 1"" METAL DIAPHRAGM PUMP",0.0,Sin motor electrico (neumatica),0.2,,PTFE compuesto,,
ARO-PE30A-BAP-AAA-CD0,ARO (Ingersoll Rand),PE30A-BAP-AAA-CD0,NEUMATICA_DOBLE_MEMBRANA,CALIDAD_PRECIO,2.691,53.82,84.6,4854.18,False,"3"" DIAPHRAGM PUMP",0.0,Sin motor electrico (neumatica),0.2,Aluminio (centro),Santoprene,,
ARO-666320-122-C,ARO (Ingersoll Rand),666320-122-C,NEUMATICA_DOBLE_MEMBRANA,CALIDAD_PRECIO,2.691,53.82,84.6,4861.32,False,"3"" METALLIC PUMP",0.0,Sin motor electrico (neumatica),0.2,,Nitrilo (NBR/Buna-N),,
ARO-NM2322E-11-P43,ARO (Ingersoll Rand),NM2322E-11-P43,NEUMATICA_DOBLE_MEMBRANA,CALIDAD_PRECIO,2.691,53.82,84.6,4880.7,False,"PUMP ASM, 3"" AIR MOTOR, 22:1",0.0,Sin motor electrico (neumatica),0.2,,,,
ARO-PD20A-BCP-SCC-B,ARO (Ingersoll Rand),PD20A-BCP-SCC-B,NEUMATICA_DOBLE_MEMBRANA,CALIDAD_PRECIO,1.953,39.06,84.6,4894.98,False,"2"" DIAPHRAGM PUMP ASM",0.0,Sin motor electrico (neumatica),0.2,Aluminio (centro),Hytrel,,
ARO-SD10R-CSS-STK-B00,ARO (Ingersoll Rand),SD10R-CSS-STK-B00,NEUMATICA_DOBLE_MEMBRANA,CALIDAD_PRECIO,0.399,7.98,84.6,4909.26,False,"1"" SANITARY DIAPH PUMP",0.0,Sin motor electrico (neumatica),0.2,,,,
ARO-PE20A-BAP-FTT-BDF,ARO (Ingersoll Rand),PE20A-BAP-FTT-BDF,NEUMATICA_DOBLE_MEMBRANA,CALIDAD_PRECIO,1.953,39.06,84.6,4911.3,False,"2"" DIAPHRAGM PUMP",0.0,Sin motor electrico (neumatica),0.2,Aluminio (centro),PTFE (Teflón),,
ARO-PD30A-BCP-GGG-C,ARO (Ingersoll Rand),PD30A-BCP-GGG-C,NEUMATICA_DOBLE_MEMBRANA,CALIDAD_PRECIO,2.691,53.82,84.6,4960.0,False,3 IN EXP METALLIC DIAPH PUMP BSP,0.0,Sin motor electrico (neumatica),0.2,Aluminio (centro),Nitrilo (NBR/Buna-N),,
ARO-PE15A-BAP-FTT-ADE,ARO (Ingersoll Rand),PE15A-BAP-FTT-ADE,NEUMATICA_DOBLE_MEMBRANA,CALIDAD_PRECIO,1.022,20.442,84.6,4965.36,False,"1-1/2"" DIAPHRAGM PUMP",0.0,Sin motor electrico (neumatica),0.2,Aluminio (centro),PTFE (Teflón),,
ARO-666161-2EB-C,ARO (Ingersoll Rand),666161-2EB-C,NEUMATICA_DOBLE_MEMBRANA,CALIDAD_PRECIO,1.022,20.442,84.6,4971.48,False,"1-1/2"" DIAPHRAGM PUMP",0.0,Sin motor electrico (neumatica),0.2,,Santoprene,,
ARO-PD15P-FPS-PVV,ARO (Ingersoll Rand),PD15P-FPS-PVV,NEUMATICA_DOBLE_MEMBRANA,CALIDAD_PRECIO,1.136,22.71,84.6,4978.62,False,"PUMP ASM (1 1/2"" NON-METALLIC)",0.0,Sin motor electrico (neumatica),0.2,Polipropileno (no metálica),,,
ARO-PD15P-YPS-PVV,ARO (Ingersoll Rand),PD15P-YPS-PVV,NEUMATICA_DOBLE_MEMBRANA,CALIDAD_PRECIO,1.136,22.71,84.6,4978.62,False,"PUMP ASM (1 1/2"" NON-METALLIC)",0.0,Sin motor electrico (neumatica),0.2,Polipropileno (no metálica),,,
ARO-PD20A-BAP-KVV-B,ARO (Ingersoll Rand),PD20A-BAP-KVV-B,NEUMATICA_DOBLE_MEMBRANA,CALIDAD_PRECIO,1.953,39.06,84.6,5027.58,False,"2"" DIAPHRAGM PUMP ASM",0.0,Sin motor electrico (neumatica),0.2,Aluminio (centro),,,
ARO-PD20A-BAP-FTL-B,ARO (Ingersoll Rand),PD20A-BAP-FTL-B,NEUMATICA_DOBLE_MEMBRANA,CALIDAD_PRECIO,1.953,39.06,84.6,5050.02,False,"2"" DIAPHRAGM PUMP ASM",0.0,Sin motor electrico (neumatica),0.2,Aluminio (centro),,,
ARO-SD10S-CSS-SMM-B00,ARO (Ingersoll Rand),SD10S-CSS-SMM-B00,NEUMATICA_DOBLE_MEMBRANA,CALIDAD_PRECIO,0.399,7.98,84.6,5066.34,False,"1"" SANITARY DIAPH PUMP",0.0,Sin motor electrico (neumatica),0.2,,,,
ARO-PD30A-AAP-GGG-C,ARO (Ingersoll Rand),PD30A-AAP-GGG-C,NEUMATICA_DOBLE_MEMBRANA,CALIDAD_PRECIO,2.691,53.82,84.6,5088.78,False,"PD30A-AAP-GGG-C PUMP, DIAPHRAGM EXP",0.0,Sin motor electrico (neumatica),0.2,Aluminio,Nitrilo (NBR/Buna-N),,
ARO-PD20A-BAP-STT-B,ARO (Ingersoll Rand),PD20A-BAP-STT-B,NEUMATICA_DOBLE_MEMBRANA,CALIDAD_PRECIO,1.953,39.06,84.6,5102.04,False,"2"" DIAPHRAGM PUMP ASM",0.0,Sin motor electrico (neumatica),0.2,Aluminio (centro),PTFE (Teflón),,
ARO-PD15P-FPS-PTT,ARO (Ingersoll Rand),PD15P-FPS-PTT,NEUMATICA_DOBLE_MEMBRANA,CALIDAD_PRECIO,1.136,22.71,84.6,5115.0,False,PUMP ASM (1 1/2 NON-METALLIC),0.0,Sin motor electrico (neumatica),0.2,Polipropileno (no metálica),PTFE (Teflón),,
ARO-PD20A-BAP-FVV-B,ARO (Ingersoll Rand),PD20A-BAP-FVV-B,NEUMATICA_DOBLE_MEMBRANA,CALIDAD_PRECIO,1.953,39.06,84.6,5122.44,False,"2"" DIAPHRAGM PUMP ASM",0.0,Sin motor electrico (neumatica),0.2,Aluminio (centro),,,
ARO-PE30A-BAP-AAA-CDF,ARO (Ingersoll Rand),PE30A-BAP-AAA-CDF,NEUMATICA_DOBLE_MEMBRANA,CALIDAD_PRECIO,2.691,53.82,84.6,5128.56,False,"3"" DIAPHRAGM PUMP",0.0,Sin motor electrico (neumatica),0.2,Aluminio (centro),Santoprene,,
ARO-PD30A-AAP-CCC-C,ARO (Ingersoll Rand),PD30A-AAP-CCC-C,NEUMATICA_DOBLE_MEMBRANA,CALIDAD_PRECIO,2.691,53.82,84.6,5135.7,False,3 IN EXP METALLIC DIAPH PUMP,0.0,Sin motor electrico (neumatica),0.2,Aluminio,Hytrel,,
ARO-PD20P-FPS-PAA,ARO (Ingersoll Rand),PD20P-FPS-PAA,NEUMATICA_DOBLE_MEMBRANA,CALIDAD_PRECIO,1.646,32.928,84.6,5150.0,False,2 PUMP ASM,0.0,Sin motor electrico (neumatica),0.2,Polipropileno (no metálica),Santoprene,,
ARO-66M300-1EB-C,ARO (Ingersoll Rand),66M300-1EB-C,NEUMATICA_DOBLE_MEMBRANA,CALIDAD_PRECIO,2.691,53.82,84.6,5168.34,False,"3"" MINING PUMP ASM",0.0,Sin motor electrico (neumatica),0.2,,,,
ARO-PZ30A-BAP-AAA-C,ARO (Ingersoll Rand),PZ30A-BAP-AAA-C,NEUMATICA_DOBLE_MEMBRANA,CALIDAD_PRECIO,2.691,53.82,84.6,5171.4,False,"3"" DIAPHRAGM PUMP ASM (METALLIC)",0.0,Sin motor electrico (neumatica),0.2,,,,
ARO-PD20A-BAS-STT-B,ARO (Ingersoll Rand),PD20A-BAS-STT-B,NEUMATICA_DOBLE_MEMBRANA,CALIDAD_PRECIO,1.953,39.06,84.6,5174.46,False,"2"" DIAPHRAGM PUMP ASM",0.0,Sin motor electrico (neumatica),0.2,Aluminio (centro),PTFE (Teflón),,
ARO-PF20A-ACP-SGG-B,ARO (Ingersoll Rand),PF20A-ACP-SGG-B,NEUMATICA_DOBLE_MEMBRANA,CALIDAD_PRECIO,1.953,39.06,84.6,5185.68,False,"2"" DIAPHRAGM PUMP (FLAP)",0.0,Sin motor electrico (neumatica),0.2,,,,
ARO-PE10A-BSS-STT-AD0,ARO (Ingersoll Rand),PE10A-BSS-STT-AD0,NEUMATICA_DOBLE_MEMBRANA,CALIDAD_PRECIO,0.399,7.98,84.6,5189.76,False,"1"" DIAPHRAGM PUMP",0.0,Sin motor electrico (neumatica),0.2,Acero inoxidable (partes mojadas),PTFE (Teflón),,
ARO-PF20A-ACP-SAA-B,ARO (Ingersoll Rand),PF20A-ACP-SAA-B,NEUMATICA_DOBLE_MEMBRANA,CALIDAD_PRECIO,1.953,39.06,84.6,5193.84,False,"2"" DIAPHRAGM PUMP (FLAP)",0.0,Sin motor electrico (neumatica),0.2,,,,
ARO-PD30A-ACP-AAA-C,ARO (Ingersoll Rand),PD30A-ACP-AAA-C,NEUMATICA_DOBLE_MEMBRANA,CALIDAD_PRECIO,2.691,53.82,84.6,5257.08,False,EXP DIAPHRAGM PUMP,0.0,Sin motor electrico (neumatica),0.2,Aluminio (centro),Santoprene,,
ARO-PD10E-FNS-KVV-A,ARO (Ingersoll Rand),PD10E-FNS-KVV-A,NEUMATICA_DOBLE_MEMBRANA,CALIDAD_PRECIO,0.399,7.98,84.6,5294.82,False,"1"" DIAPHRAGM PUMP - RESTRICTED",0.0,Sin motor electrico (neumatica),0.2,,,,
ARO-PE10A-BSS-CCC-AP0,ARO (Ingersoll Rand),PE10A-BSS-CCC-AP0,NEUMATICA_DOBLE_MEMBRANA,CALIDAD_PRECIO,0.399,7.98,84.6,5297.88,False,"1"" METAL DIAPHRAGM PUMP",0.0,Sin motor electrico (neumatica),0.2,Acero inoxidable (partes mojadas),Hytrel,,
ARO-PD10E-FNS-KTL-A,ARO (Ingersoll Rand),PD10E-FNS-KTL-A,NEUMATICA_DOBLE_MEMBRANA,CALIDAD_PRECIO,0.399,7.98,84.6,5399.88,False,"1"" DIAPHRAGM PUMP - RESTRICTED",0.0,Sin motor electrico (neumatica),0.2,,,,
ARO-47801922001,ARO (Ingersoll Rand),47801922001,NEUMATICA_DOBLE_MEMBRANA,CALIDAD_PRECIO,0.399,7.98,84.6,5433.54,False,"1"" PUMP WITH CERTS",0.0,Sin motor electrico (neumatica),0.2,,,,
ARO-PD20A-BAP-SVV-B,ARO (Ingersoll Rand),PD20A-BAP-SVV-B,NEUMATICA_DOBLE_MEMBRANA,CALIDAD_PRECIO,1.953,39.06,84.6,5440.68,False,"2"" DIAPHRAGM PUMP ASM",0.0,Sin motor electrico (neumatica),0.2,Aluminio (centro),,,
ARO-666151-444-C,ARO (Ingersoll Rand),666151-444-C,NEUMATICA_DOBLE_MEMBRANA,CALIDAD_PRECIO,1.022,20.442,84.6,5487.6,False,"1-1/2"" DIAPHRAGM PUMP",0.0,Sin motor electrico (neumatica),0.2,,PTFE (Teflón)/Santoprene,,
ARO-PD15P-FPS-STT,ARO (Ingersoll Rand),PD15P-FPS-STT,NEUMATICA_DOBLE_MEMBRANA,CALIDAD_PRECIO,1.136,22.71,84.6,5497.8,False,"PUMP ASM (1 1/2"" NON-METALLIC)",0.0,Sin motor electrico (neumatica),0.2,Polipropileno (no metálica),PTFE (Teflón),,
ARO-PZ20A-BAP-FTT-B,ARO (Ingersoll Rand),PZ20A-BAP-FTT-B,NEUMATICA_DOBLE_MEMBRANA,CALIDAD_PRECIO,1.953,39.06,84.6,5499.84,False,"2"" DIAPHRAGM PUMP ASM (METALLIC)",0.0,Sin motor electrico (neumatica),0.2,,,,
ARO-SD10S-CSS-SMM-BDF,ARO (Ingersoll Rand),SD10S-CSS-SMM-BDF,NEUMATICA_DOBLE_MEMBRANA,CALIDAD_PRECIO,0.399,7.98,84.6,5506.98,False,"1"" SANITARY DIAPH PUMP",0.0,Sin motor electrico (neumatica),0.2,,,,
ARO-PF20A-AAP-SVT-B,ARO (Ingersoll Rand),PF20A-AAP-SVT-B,NEUMATICA_DOBLE_MEMBRANA,CALIDAD_PRECIO,1.953,39.06,84.6,5540.64,False,"2"" DIAPHRAGM PUMP (FLAP)",0.0,Sin motor electrico (neumatica),0.2,,,,
ARO-PF20A-BAP-SVT-B,ARO (Ingersoll Rand),PF20A-BAP-SVT-B,NEUMATICA_DOBLE_MEMBRANA,CALIDAD_PRECIO,1.953,39.06,84.6,5540.64,False,"2"" PUMP ASM",0.0,Sin motor electrico (neumatica),0.2,,,,
ARO-6662A3-311-C,ARO (Ingersoll Rand),6662A3-311-C,NEUMATICA_DOBLE_MEMBRANA,CALIDAD_PRECIO,1.646,32.928,84.6,5549.82,False,"PUMP ASM 2"" PLASTIC",0.0,Sin motor electrico (neumatica),0.2,Plástico (no metálico),,,
ARO-PD10E-FNS-KTT-A,ARO (Ingersoll Rand),PD10E-FNS-KTT-A,NEUMATICA_DOBLE_MEMBRANA,CALIDAD_PRECIO,0.399,7.98,84.6,5570.22,False,"1"" DIAPHRAGM PUMP - RESTRICTED",0.0,Sin motor electrico (neumatica),0.2,,,,
ARO-PD15P-YPS-PTT,ARO (Ingersoll Rand),PD15P-YPS-PTT,NEUMATICA_DOBLE_MEMBRANA,CALIDAD_PRECIO,1.136,22.71,84.6,5587.56,False,PUMP ASM (1 1/2 NON-METALLIC),0.0,Sin motor electrico (neumatica),0.2,Polipropileno (no metálica),PTFE (Teflón),,
ARO-66M320-1EB-C,ARO (Ingersoll Rand),66M320-1EB-C,NEUMATICA_DOBLE_MEMBRANA,CALIDAD_PRECIO,2.691,53.82,84.6,5614.08,False,"3"" MINING PUMP ASM",0.0,Sin motor electrico (neumatica),0.2,,,,
ARO-PE20A-BAP-FTT-BDL,ARO (Ingersoll Rand),PE20A-BAP-FTT-BDL,NEUMATICA_DOBLE_MEMBRANA,CALIDAD_PRECIO,1.953,39.06,84.6,5614.08,False,"2"" DIAPHRAGM PUMP",0.0,Sin motor electrico (neumatica),0.2,Aluminio (centro),PTFE (Teflón),,
ARO-NM2322E-71-P43,ARO (Ingersoll Rand),NM2322E-71-P43,NEUMATICA_DOBLE_MEMBRANA,CALIDAD_PRECIO,2.691,53.82,84.6,5645.7,False,"PUMP ASM, 3"" AIR MOTOR, 22:1",0.0,Sin motor electrico (neumatica),0.2,,,,
ARO-6662A3-322-C,ARO (Ingersoll Rand),6662A3-322-C,NEUMATICA_DOBLE_MEMBRANA,CALIDAD_PRECIO,1.646,32.928,84.6,5680.38,False,"PUMP ASM 2"" PLASTIC",0.0,Sin motor electrico (neumatica),0.2,Plástico (no metálico),,,
ARO-PD20A-BCP-STT-B,ARO (Ingersoll Rand),PD20A-BCP-STT-B,NEUMATICA_DOBLE_MEMBRANA,CALIDAD_PRECIO,1.953,39.06,84.6,5692.62,False,"2"" DIAPHRAGM PUMP ASM",0.0,Sin motor electrico (neumatica),0.2,Aluminio (centro),PTFE (Teflón),,
ARO-SD10S-CSS-STK-B00,ARO (Ingersoll Rand),SD10S-CSS-STK-B00,NEUMATICA_DOBLE_MEMBRANA,CALIDAD_PRECIO,0.399,7.98,84.6,5699.76,False,"1"" SANITARY DIAPH PUMP",0.0,Sin motor electrico (neumatica),0.2,,,,
ARO-PE15P-FPS-PTT-ADF,ARO (Ingersoll Rand),PE15P-FPS-PTT-ADF,NEUMATICA_DOBLE_MEMBRANA,CALIDAD_PRECIO,0.136,2.724,70.3,5702.82,False,"PUMP ASM (1 1/2"" NON-METALLIC)",0.0,Sin motor electrico (neumatica),0.2,Polipropileno (no metálica),PTFE (Teflón),,
ARO-66615B-244-C,ARO (Ingersoll Rand),66615B-244-C,NEUMATICA_DOBLE_MEMBRANA,CALIDAD_PRECIO,1.022,20.442,84.6,5731.38,False,"1-1/2"" DIAPHRAGM PUMP",0.0,Sin motor electrico (neumatica),0.2,,PTFE (Teflón)/Santoprene,,
ARO-666151-844-C,ARO (Ingersoll Rand),666151-844-C,NEUMATICA_DOBLE_MEMBRANA,CALIDAD_PRECIO,1.022,20.442,84.6,5785.44,False,"1-1/2"" DIAPHRAGM PUMP",0.0,Sin motor electrico (neumatica),0.2,,PTFE (Teflón)/Santoprene,,
ARO-66M320-122-C,ARO (Ingersoll Rand),66M320-122-C,NEUMATICA_DOBLE_MEMBRANA,CALIDAD_PRECIO,2.691,53.82,84.6,5808.9,False,"3"" MINING PUMP ASM",0.0,Sin motor electrico (neumatica),0.2,,,,
ARO-NM2304B-11-31B,ARO (Ingersoll Rand),NM2304B-11-31B,NEUMATICA_DOBLE_MEMBRANA,CALIDAD_PRECIO,2.691,53.82,84.6,5823.18,False,"PUMP ASM, 3"" AIR MOTOR, 4:1 RATIO, STAINLESS STEEL",0.0,Sin motor electrico (neumatica),0.2,Acero inoxidable,,,
ARO-PF20A-BCP-SGG-B,ARO (Ingersoll Rand),PF20A-BCP-SGG-B,NEUMATICA_DOBLE_MEMBRANA,CALIDAD_PRECIO,1.953,39.06,84.6,5851.74,False,"2"" DIAPHRAGM PUMP (FLAP)",0.0,Sin motor electrico (neumatica),0.2,,,,
ARO-666161-244-C,ARO (Ingersoll Rand),666161-244-C,NEUMATICA_DOBLE_MEMBRANA,CALIDAD_PRECIO,1.022,20.442,84.6,5877.24,False,"1-1/2"" DIAPHRAGM PUMP",0.0,Sin motor electrico (neumatica),0.2,,PTFE (Teflón)/Santoprene,,
ARO-PF20A-BCP-SAA-B,ARO (Ingersoll Rand),PF20A-BCP-SAA-B,NEUMATICA_DOBLE_MEMBRANA,CALIDAD_PRECIO,1.953,39.06,84.6,5943.54,False,"2"" DIAPHRAGM PUMP (FLAP)",0.0,Sin motor electrico (neumatica),0.2,,,,
ARO-66M320-1C9-C,ARO (Ingersoll Rand),66M320-1C9-C,NEUMATICA_DOBLE_MEMBRANA,CALIDAD_PRECIO,2.691,53.82,84.6,5945.58,False,"3"" MINING PUMP ASM",0.0,Sin motor electrico (neumatica),0.2,,,,
ARO-66616B-244-C,ARO (Ingersoll Rand),66616B-244-C,NEUMATICA_DOBLE_MEMBRANA,CALIDAD_PRECIO,1.022,20.442,84.6,5958.84,False,"1-1/2"" DIAPHRAGM PUMP",0.0,Sin motor electrico (neumatica),0.2,,PTFE (Teflón)/Santoprene,,
ARO-6662A3-8EB-C,ARO (Ingersoll Rand),6662A3-8EB-C,NEUMATICA_DOBLE_MEMBRANA,CALIDAD_PRECIO,1.646,32.928,84.6,6003.72,False,"PUMP ASM 2"" PLASTIC",0.0,Sin motor electrico (neumatica),0.2,Plástico (no metálico),,,
ARO-PE20A-BAP-FTT-BDE,ARO (Ingersoll Rand),PE20A-BAP-FTT-BDE,NEUMATICA_DOBLE_MEMBRANA,CALIDAD_PRECIO,1.953,39.06,84.6,6046.56,False,"2"" DIAPHRAGM PUMP",0.0,Sin motor electrico (neumatica),0.2,Aluminio (centro),PTFE (Teflón),,
ARO-PE10A-BSS-STT-ADF,ARO (Ingersoll Rand),PE10A-BSS-STT-ADF,NEUMATICA_DOBLE_MEMBRANA,CALIDAD_PRECIO,0.399,7.98,84.6,6086.34,False,"1"" DIAPHRAGM PUMP",0.0,Sin motor electrico (neumatica),0.2,Acero inoxidable (partes mojadas),PTFE (Teflón),,
ARO-NM2304B-11-C1B,ARO (Ingersoll Rand),NM2304B-11-C1B,NEUMATICA_DOBLE_MEMBRANA,CALIDAD_PRECIO,2.691,53.82,84.6,6100.62,False,"PUMP ASM, 3"" AIR MOTOR, 4:1 RATIO, STAINLESS STEEL",0.0,Sin motor electrico (neumatica),0.2,Acero inoxidable,,,
ARO-PD15P-FPS-PTL,ARO (Ingersoll Rand),PD15P-FPS-PTL,NEUMATICA_DOBLE_MEMBRANA,CALIDAD_PRECIO,1.136,22.71,84.6,6146.52,False,"PUMP ASM (1 1/2"" NON-METALLIC)",0.0,Sin motor electrico (neumatica),0.2,Polipropileno (no metálica),,,
ARO-PE15E-FES-PTT-AH0,ARO (Ingersoll Rand),PE15E-FES-PTT-AH0,NEUMATICA_DOBLE_MEMBRANA,CALIDAD_PRECIO,0.136,2.724,70.3,6146.52,False,"PUMP ASM (1 1/2"" NON-METALLIC)",0.0,Sin motor electrico (neumatica),0.2,,,,
ARO-E2P10-AAAAA-AA-A0A,ARO (Ingersoll Rand),E2P10-AAAAA-AA-A0A,NEUMATICA_DOBLE_MEMBRANA,CALIDAD_PRECIO,0.399,7.98,84.6,6273.0,False,"1"" EVO 200 PUMP ASSY (METALLIC)",0.0,Sin motor electrico (neumatica),0.2,,,,
ARO-E2P10-AAAAA-BA-A0A,ARO (Ingersoll Rand),E2P10-AAAAA-BA-A0A,NEUMATICA_DOBLE_MEMBRANA,CALIDAD_PRECIO,0.399,7.98,84.6,6273.0,False,"1"" EVO 200 PUMP ASSY (METALLIC)",0.0,Sin motor electrico (neumatica),0.2,,,,
ARO-E2P10-AAAAA-CA-A0A,ARO (Ingersoll Rand),E2P10-AAAAA-CA-A0A,NEUMATICA_DOBLE_MEMBRANA,CALIDAD_PRECIO,0.399,7.98,84.6,6273.0,False,"1"" EVO 200 PUMP ASSY (METALLIC)",0.0,Sin motor electrico (neumatica),0.2,,,,
ARO-E2P10-ABAAA-AB-A0A,ARO (Ingersoll Rand),E2P10-ABAAA-AB-A0A,NEUMATICA_DOBLE_MEMBRANA,CALIDAD_PRECIO,0.399,7.98,84.6,6273.0,False,"1"" EVO 200 PUMP ASSY (METALLIC)",0.0,Sin motor electrico (neumatica),0.2,,,,
ARO-E2P10-ABAAA-BB-A0A,ARO (Ingersoll Rand),E2P10-ABAAA-BB-A0A,NEUMATICA_DOBLE_MEMBRANA,CALIDAD_PRECIO,0.399,7.98,84.6,6273.0,False,"1"" EVO 200 PUMP ASSY (METALLIC)",0.0,Sin motor electrico (neumatica),0.2,,,,
ARO-E2P10-ABAAA-CB-A0A,ARO (Ingersoll Rand),E2P10-ABAAA-CB-A0A,NEUMATICA_DOBLE_MEMBRANA,CALIDAD_PRECIO,0.399,7.98,84.6,6273.0,False,"1"" EVO 200 PUMP ASSY (METALLIC)",0.0,Sin motor electrico (neumatica),0.2,,,,
ARO-PF20A-ACP-SVT-B,ARO (Ingersoll Rand),PF20A-ACP-SVT-B,NEUMATICA_DOBLE_MEMBRANA,CALIDAD_PRECIO,1.953,39.06,84.6,6305.64,False,"2"" DIAPHRAGM PUMP (FLAP)",0.0,Sin motor electrico (neumatica),0.2,,,,
ARO-66617B-2EB-C,ARO (Ingersoll Rand),66617B-2EB-C,NEUMATICA_DOBLE_MEMBRANA,CALIDAD_PRECIO,1.022,20.442,84.6,6341.34,False,"1-1/2"" DIAPHRAGM PUMP",0.0,Sin motor electrico (neumatica),0.2,,Santoprene,,
ARO-PE10A-BSS-STT-ADL,ARO (Ingersoll Rand),PE10A-BSS-STT-ADL,NEUMATICA_DOBLE_MEMBRANA,CALIDAD_PRECIO,0.399,7.98,84.6,6363.78,False,"1"" DIAPHRAGM PUMP",0.0,Sin motor electrico (neumatica),0.2,Acero inoxidable (partes mojadas),PTFE (Teflón),,
ARO-66617B-222-C,ARO (Ingersoll Rand),66617B-222-C,NEUMATICA_DOBLE_MEMBRANA,CALIDAD_PRECIO,1.022,20.442,84.6,6376.02,False,"1-1/2"" DIAPHRAGM PUMP",0.0,Sin motor electrico (neumatica),0.2,,Nitrilo (NBR/Buna-N),,
ARO-PZ10A-BSS-STT-A,ARO (Ingersoll Rand),PZ10A-BSS-STT-A,NEUMATICA_DOBLE_MEMBRANA,CALIDAD_PRECIO,0.399,7.98,84.6,6395.4,False,"1"" DIAPHRAGM PUMP ASM (METALLIC)",0.0,Sin motor electrico (neumatica),0.2,,,,
ARO-PE15P-YPS-SVV-ADF,ARO (Ingersoll Rand),PE15P-YPS-SVV-ADF,NEUMATICA_DOBLE_MEMBRANA,CALIDAD_PRECIO,0.136,2.724,70.3,6494.34,False,"PUMP ASM (1 1/2"" NON-METALLIC)",0.0,Sin motor electrico (neumatica),0.2,Polipropileno (no metálica),,,
ARO-666151-244-C,ARO (Ingersoll Rand),666151-244-C,NEUMATICA_DOBLE_MEMBRANA,CALIDAD_PRECIO,1.022,20.442,84.6,6518.82,False,"1-1/2"" DIAPHRAGM PUMP",0.0,Sin motor electrico (neumatica),0.2,,PTFE (Teflón)/Santoprene,,
ARO-666171-244-C,ARO (Ingersoll Rand),666171-244-C,NEUMATICA_DOBLE_MEMBRANA,CALIDAD_PRECIO,1.022,20.442,84.6,6520.86,False,"1-1/2"" DIAPHRAGM PUMP",0.0,Sin motor electrico (neumatica),0.2,,PTFE (Teflón)/Santoprene,,
ARO-666300-144-C,ARO (Ingersoll Rand),666300-144-C,NEUMATICA_DOBLE_MEMBRANA,CALIDAD_PRECIO,2.691,53.82,84.6,6521.88,False,"3"" METALLIC PUMP",0.0,Sin motor electrico (neumatica),0.2,,PTFE (Teflón)/Santoprene,,
ARO-666270-246-C,ARO (Ingersoll Rand),666270-246-C,NEUMATICA_DOBLE_MEMBRANA,CALIDAD_PRECIO,1.953,39.06,84.6,6539.22,False,"2"" METALLIC PUMP",0.0,Sin motor electrico (neumatica),0.2,,PTFE compuesto,,
ARO-PE15P-FPS-PTT-ASL,ARO (Ingersoll Rand),PE15P-FPS-PTT-ASL,NEUMATICA_DOBLE_MEMBRANA,CALIDAD_PRECIO,0.136,2.724,70.3,6558.6,False,"PUMP ASM (1 1/2"" NON-METALLIC)",0.0,Sin motor electrico (neumatica),0.2,Polipropileno (no metálica),PTFE (Teflón),,
ARO-PE15P-FPS-PTT-ADL,ARO (Ingersoll Rand),PE15P-FPS-PTT-ADL,NEUMATICA_DOBLE_MEMBRANA,CALIDAD_PRECIO,0.136,2.724,70.3,6574.92,False,"PUMP ASM (1 1/2"" NON-METALLIC)",0.0,Sin motor electrico (neumatica),0.2,Polipropileno (no metálica),PTFE (Teflón),,
ARO-PD20P-FPS-PTA,ARO (Ingersoll Rand),PD20P-FPS-PTA,NEUMATICA_DOBLE_MEMBRANA,CALIDAD_PRECIO,1.646,32.928,84.6,6582.06,False,"2"" PUMP ASM",0.0,Sin motor electrico (neumatica),0.2,Polipropileno (no metálica),,,
ARO-PD30A-BCP-AAA-C,ARO (Ingersoll Rand),PD30A-BCP-AAA-C,NEUMATICA_DOBLE_MEMBRANA,CALIDAD_PRECIO,2.691,53.82,84.6,6606.54,False,3 IN EXP METALLIC DIAPH PUMP BSP,0.0,Sin motor electrico (neumatica),0.2,Aluminio (centro),Santoprene,,
ARO-SD10S-CSS-STT-B00,ARO (Ingersoll Rand),SD10S-CSS-STT-B00,NEUMATICA_DOBLE_MEMBRANA,CALIDAD_PRECIO,0.399,7.98,84.6,6611.64,False,"1"" SANITARY DIAPH PUMP",0.0,Sin motor electrico (neumatica),0.2,,,,
ARO-PD20P-FPS-PTT,ARO (Ingersoll Rand),PD20P-FPS-PTT,NEUMATICA_DOBLE_MEMBRANA,CALIDAD_PRECIO,1.646,32.928,84.6,6680.0,False,2 PUMP ASM,0.0,Sin motor electrico (neumatica),0.2,Polipropileno (no metálica),PTFE (Teflón),,
ARO-666271-EEB-C,ARO (Ingersoll Rand),666271-EEB-C,NEUMATICA_DOBLE_MEMBRANA,CALIDAD_PRECIO,1.953,39.06,84.6,6757.5,False,"2"" PUMP ASM",0.0,Sin motor electrico (neumatica),0.2,,,,
ARO-666171-444-C,ARO (Ingersoll Rand),666171-444-C,NEUMATICA_DOBLE_MEMBRANA,CALIDAD_PRECIO,1.022,20.442,84.6,6764.64,False,"1-1/2"" DIAPHRAGM PUMP",0.0,Sin motor electrico (neumatica),0.2,,PTFE (Teflón)/Santoprene,,
ARO-PW20P-YPS-PAA,ARO (Ingersoll Rand),PW20P-YPS-PAA,NEUMATICA_DOBLE_MEMBRANA,CALIDAD_PRECIO,1.953,39.06,84.6,6766.68,False,"2"" PUMP ASM",0.0,Sin motor electrico (neumatica),0.2,,,,
ARO-PE10A-BSS-STT-ADE,ARO (Ingersoll Rand),PE10A-BSS-STT-ADE,NEUMATICA_DOBLE_MEMBRANA,CALIDAD_PRECIO,0.399,7.98,84.6,6796.26,False,"1"" DIAPHRAGM PUMP",0.0,Sin motor electrico (neumatica),0.2,Acero inoxidable (partes mojadas),PTFE (Teflón),,
ARO-PP20A-BAS-AAA,ARO (Ingersoll Rand),PP20A-BAS-AAA,NEUMATICA_DOBLE_MEMBRANA,CALIDAD_PRECIO,1.953,39.06,84.6,6845.0,False,"2"" POWDER PUMP",0.0,Sin motor electrico (neumatica),0.2,,,,
ARO-6662B3-344-C,ARO (Ingersoll Rand),6662B3-344-C,NEUMATICA_DOBLE_MEMBRANA,CALIDAD_PRECIO,1.646,32.928,84.6,6875.82,False,"PUMP ASM 2"" PLASTIC",0.0,Sin motor electrico (neumatica),0.2,Plástico (no metálico),,,
ARO-PD20P-FPS-PGG,ARO (Ingersoll Rand),PD20P-FPS-PGG,NEUMATICA_DOBLE_MEMBRANA,CALIDAD_PRECIO,1.646,32.928,84.6,6917.64,False,"2"" PUMP ASM",0.0,Sin motor electrico (neumatica),0.2,Polipropileno (no metálica),Nitrilo (NBR/Buna-N),,
ARO-66617B-2A4-C,ARO (Ingersoll Rand),66617B-2A4-C,NEUMATICA_DOBLE_MEMBRANA,CALIDAD_PRECIO,1.022,20.442,84.6,6920.7,False,"1-1/2"" DIAPHRAGM PUMP",0.0,Sin motor electrico (neumatica),0.2,,PTFE (Teflón)/Santoprene,,
ARO-PD15E-FES-PGG,ARO (Ingersoll Rand),PD15E-FES-PGG,NEUMATICA_DOBLE_MEMBRANA,CALIDAD_PRECIO,1.022,20.442,84.6,6964.56,False,"PUMP ASM (1 1/2"" NON-METALLIC)",0.0,Sin motor electrico (neumatica),0.2,,,,
ARO-E2P10-AAFTT-AA-A0A,ARO (Ingersoll Rand),E2P10-AAFTT-AA-A0A,NEUMATICA_DOBLE_MEMBRANA,CALIDAD_PRECIO,0.399,7.98,84.6,6987.0,False,"1"" EVO 200 PUMP ASSY (METALLIC)",0.0,Sin motor electrico (neumatica),0.2,,,,
ARO-E2P10-AAFTT-BA-A0A,ARO (Ingersoll Rand),E2P10-AAFTT-BA-A0A,NEUMATICA_DOBLE_MEMBRANA,CALIDAD_PRECIO,0.399,7.98,84.6,6987.0,False,"1"" EVO 200 PUMP ASSY (METALLIC)",0.0,Sin motor electrico (neumatica),0.2,,,,
ARO-E2P10-AAFTT-CA-A0A,ARO (Ingersoll Rand),E2P10-AAFTT-CA-A0A,NEUMATICA_DOBLE_MEMBRANA,CALIDAD_PRECIO,0.399,7.98,84.6,6987.0,False,"1"" EVO 200 PUMP ASSY (METALLIC)",0.0,Sin motor electrico (neumatica),0.2,,,,
ARO-E2P10-ABFTT-AB-A0A,ARO (Ingersoll Rand),E2P10-ABFTT-AB-A0A,NEUMATICA_DOBLE_MEMBRANA,CALIDAD_PRECIO,0.399,7.98,84.6,6987.0,False,"1"" EVO 200 PUMP ASSY (METALLIC)",0.0,Sin motor electrico (neumatica),0.2,,,,
ARO-E2P10-ABFTT-BB-A0A,ARO (Ingersoll Rand),E2P10-ABFTT-BB-A0A,NEUMATICA_DOBLE_MEMBRANA,CALIDAD_PRECIO,0.399,7.98,84.6,6987.0,False,"1"" EVO 200 PUMP ASSY (METALLIC)",0.0,Sin motor electrico (neumatica),0.2,,,,
ARO-E2P10-ABFTT-CB-A0A,ARO (Ingersoll Rand),E2P10-ABFTT-CB-A0A,NEUMATICA_DOBLE_MEMBRANA,CALIDAD_PRECIO,0.399,7.98,84.6,6987.0,False,"1"" EVO 200 PUMP ASSY (METALLIC)",0.0,Sin motor electrico (neumatica),0.2,,,,
ARO-6662A3-244-C,ARO (Ingersoll Rand),6662A3-244-C,NEUMATICA_DOBLE_MEMBRANA,CALIDAD_PRECIO,1.646,32.928,84.6,6988.02,False,"PUMP ASM 2"" PLASTIC",0.0,Sin motor electrico (neumatica),0.2,Plástico (no metálico),,,
ARO-PM15R-CSS-STT-A02,ARO (Ingersoll Rand),PM15R-CSS-STT-A02,NEUMATICA_DOBLE_MEMBRANA,CALIDAD_PRECIO,1.022,20.442,84.6,6995.16,False,"1-1/2"" DIAPHRAGM PUMP (SST SANITARY)",0.0,Sin motor electrico (neumatica),0.2,,,,
ARO-PE15P-FPS-PTT-ADE,ARO (Ingersoll Rand),PE15P-FPS-PTT-ADE,NEUMATICA_DOBLE_MEMBRANA,CALIDAD_PRECIO,0.136,2.724,70.3,7006.38,False,"PUMP ASM (1 1/2"" NON-METALLIC)",0.0,Sin motor electrico (neumatica),0.2,Polipropileno (no metálica),PTFE (Teflón),,
ARO-PD30A-BAP-KTT-C,ARO (Ingersoll Rand),PD30A-BAP-KTT-C,NEUMATICA_DOBLE_MEMBRANA,CALIDAD_PRECIO,2.691,53.82,84.6,7010.0,False,3 IN EXP METALLIC DIAPH PUMP BSP,0.0,Sin motor electrico (neumatica),0.2,Aluminio (centro),PTFE (Teflón),,
ARO-PD30A-AAP-FTT-C,ARO (Ingersoll Rand),PD30A-AAP-FTT-C,NEUMATICA_DOBLE_MEMBRANA,CALIDAD_PRECIO,2.691,53.82,84.6,7012.5,False,"PUMP, DIAPHRAGM EXP-3",0.0,Sin motor electrico (neumatica),0.2,Aluminio,PTFE (Teflón),,
ARO-6662A3-346-C,ARO (Ingersoll Rand),6662A3-346-C,NEUMATICA_DOBLE_MEMBRANA,CALIDAD_PRECIO,1.646,32.928,84.6,7072.68,False,"PUMP ASM 2"" PLASTIC",0.0,Sin motor electrico (neumatica),0.2,Plástico (no metálico),,,
ARO-PD15E-FES-PTT,ARO (Ingersoll Rand),PD15E-FES-PTT,NEUMATICA_DOBLE_MEMBRANA,CALIDAD_PRECIO,1.022,20.442,84.6,7087.98,False,"PUMP ASM (1 1/2"" NON-METALLIC)",0.0,Sin motor electrico (neumatica),0.2,,,,
ARO-47680242001,ARO (Ingersoll Rand),47680242001,NEUMATICA_DOBLE_MEMBRANA,CALIDAD_PRECIO,1.022,20.442,84.6,7102.26,False,"1-1/2"" PUMP WITH TESTS",0.0,Sin motor electrico (neumatica),0.2,,,,
ARO-PD20P-YPS-PAA,ARO (Ingersoll Rand),PD20P-YPS-PAA,NEUMATICA_DOBLE_MEMBRANA,CALIDAD_PRECIO,1.646,32.928,84.6,7110.42,False,"2"" PUMP ASM",0.0,Sin motor electrico (neumatica),0.2,Polipropileno (no metálica),Santoprene,,
ARO-PE10A-FSS-STT-AHM,ARO (Ingersoll Rand),PE10A-FSS-STT-AHM,NEUMATICA_DOBLE_MEMBRANA,CALIDAD_PRECIO,0.399,7.98,84.6,7123.68,False,"1"" DIAPHRAGM PUMP",0.0,Sin motor electrico (neumatica),0.2,Acero inoxidable (partes mojadas),PTFE (Teflón),,
ARO-PE20P-FPS-PAA-AS0,ARO (Ingersoll Rand),PE20P-FPS-PAA-AS0,NEUMATICA_DOBLE_MEMBRANA,CALIDAD_PRECIO,1.953,39.06,84.6,7163.46,False,"2"" ELECTRONIC INTERFACE PUMP",0.0,Sin motor electrico (neumatica),0.2,Polipropileno (no metálica),Santoprene,,
ARO-66617B-244-C,ARO (Ingersoll Rand),66617B-244-C,NEUMATICA_DOBLE_MEMBRANA,CALIDAD_PRECIO,1.022,20.442,84.6,7315.0,False,"1-1/2"" DIAPHRAGM PUMP",0.0,Sin motor electrico (neumatica),0.2,,PTFE (Teflón)/Santoprene,,
ARO-PD30A-AAP-STT-C,ARO (Ingersoll Rand),PD30A-AAP-STT-C,NEUMATICA_DOBLE_MEMBRANA,CALIDAD_PRECIO,2.691,53.82,84.6,7322.58,False,"3"" DIAPHRAGM PUMP ASM",0.0,Sin motor electrico (neumatica),0.2,Aluminio,PTFE (Teflón),,
ARO-PE20P-YPS-PAA-AD0,ARO (Ingersoll Rand),PE20P-YPS-PAA-AD0,NEUMATICA_DOBLE_MEMBRANA,CALIDAD_PRECIO,1.953,39.06,84.6,7331.76,False,"2"" PUMP ASM",0.0,Sin motor electrico (neumatica),0.2,Polipropileno (no metálica),Santoprene,,
ARO-PE20P-YPS-PAA-ADF,ARO (Ingersoll Rand),PE20P-YPS-PAA-ADF,NEUMATICA_DOBLE_MEMBRANA,CALIDAD_PRECIO,1.953,39.06,84.6,7516.38,False,"2"" PUMP ASM",0.0,Sin motor electrico (neumatica),0.2,Polipropileno (no metálica),Santoprene,,
ARO-PM15A-CSS-MMM-A02,ARO (Ingersoll Rand),PM15A-CSS-MMM-A02,NEUMATICA_DOBLE_MEMBRANA,CALIDAD_PRECIO,1.022,20.442,84.6,7583.7,False,"1-1/2"" DIAPHRAGM PUMP (SST SANITARY)",0.0,Sin motor electrico (neumatica),0.2,,,,
ARO-PW20P-YPS-PTT,ARO (Ingersoll Rand),PW20P-YPS-PTT,NEUMATICA_DOBLE_MEMBRANA,CALIDAD_PRECIO,1.953,39.06,84.6,7664.28,False,"2"" PUMP ASM",0.0,Sin motor electrico (neumatica),0.2,,,,
ARO-66630C-544-C,ARO (Ingersoll Rand),66630C-544-C,NEUMATICA_DOBLE_MEMBRANA,CALIDAD_PRECIO,2.691,53.82,84.6,7680.6,False,"3"" METALLIC PUMP",0.0,Sin motor electrico (neumatica),0.2,,PTFE (Teflón)/Santoprene,,
ARO-PD20E-FES-PAA,ARO (Ingersoll Rand),PD20E-FES-PAA,NEUMATICA_DOBLE_MEMBRANA,CALIDAD_PRECIO,1.953,39.06,84.6,7753.02,False,"2"" PUMP ASM",0.0,Sin motor electrico (neumatica),0.2,,,,
ARO-PW20P-YPS-KTT,ARO (Ingersoll Rand),PW20P-YPS-KTT,NEUMATICA_DOBLE_MEMBRANA,CALIDAD_PRECIO,1.953,39.06,84.6,7831.56,False,"2"" PUMP ASM",0.0,Sin motor electrico (neumatica),0.2,,,,
ARO-PE20A-BAP-FVV-BSL,ARO (Ingersoll Rand),PE20A-BAP-FVV-BSL,NEUMATICA_DOBLE_MEMBRANA,CALIDAD_PRECIO,1.953,39.06,84.6,7845.84,False,"2"" DIAPHRAGM PUMP",0.0,Sin motor electrico (neumatica),0.2,Aluminio (centro),,,
ARO-PD20P-YPS-PTT,ARO (Ingersoll Rand),PD20P-YPS-PTT,NEUMATICA_DOBLE_MEMBRANA,CALIDAD_PRECIO,1.646,32.928,84.6,7864.2,False,"2"" PUMP ASM",0.0,Sin motor electrico (neumatica),0.2,Polipropileno (no metálica),PTFE (Teflón),,
ARO-6662A3-389-C,ARO (Ingersoll Rand),6662A3-389-C,NEUMATICA_DOBLE_MEMBRANA,CALIDAD_PRECIO,1.646,32.928,84.6,7869.3,False,"PUMP ASM 2"" PLASTIC",0.0,Sin motor electrico (neumatica),0.2,Plástico (no metálico),,,
ARO-PM15A-CSS-STT-A02,ARO (Ingersoll Rand),PM15A-CSS-STT-A02,NEUMATICA_DOBLE_MEMBRANA,CALIDAD_PRECIO,1.022,20.442,84.6,7887.66,False,"1-1/2"" DIAPHRAGM PUMP (SST SANITARY) PM15A-CSS-STT-A02",0.0,Sin motor electrico (neumatica),0.2,,,,
ARO-PM15A-CSS-SMM-A02,ARO (Ingersoll Rand),PM15A-CSS-SMM-A02,NEUMATICA_DOBLE_MEMBRANA,CALIDAD_PRECIO,1.022,20.442,84.6,7891.74,False,"1-1/2"" DIAPHRAGM PUMP (SST SANITARY)",0.0,Sin motor electrico (neumatica),0.2,,,,
ARO-PD30A-BAP-FTT-C,ARO (Ingersoll Rand),PD30A-BAP-FTT-C,NEUMATICA_DOBLE_MEMBRANA,CALIDAD_PRECIO,2.691,53.82,84.6,7903.98,False,"PUMP, DIAPHRAGM BSP-EXP-3",0.0,Sin motor electrico (neumatica),0.2,Aluminio (centro),PTFE (Teflón),,
ARO-PE20P-FPS-PTT-ADF,ARO (Ingersoll Rand),PE20P-FPS-PTT-ADF,NEUMATICA_DOBLE_MEMBRANA,CALIDAD_PRECIO,1.953,39.06,84.6,7908.06,False,"2"" PUMP ASM",0.0,Sin motor electrico (neumatica),0.2,Polipropileno (no metálica),PTFE (Teflón),,
ARO-PW20P-YPS-PTT-AS0,ARO (Ingersoll Rand),PW20P-YPS-PTT-AS0,NEUMATICA_DOBLE_MEMBRANA,CALIDAD_PRECIO,1.953,39.06,84.6,7916.22,False,"2"" PUMP ASM",0.0,Sin motor electrico (neumatica),0.2,,,,
ARO-PD15A-BSS-SGG,ARO (Ingersoll Rand),PD15A-BSS-SGG,NEUMATICA_DOBLE_MEMBRANA,CALIDAD_PRECIO,1.022,20.442,84.6,7917.24,False,"1.5"" EXP SST PUMP",0.0,Sin motor electrico (neumatica),0.2,Acero inoxidable (partes mojadas),Nitrilo (NBR/Buna-N),,
ARO-PD30A-BAS-FTT-C,ARO (Ingersoll Rand),PD30A-BAS-FTT-C,NEUMATICA_DOBLE_MEMBRANA,CALIDAD_PRECIO,2.691,53.82,84.6,7917.24,False,"3"" METALLIC DIAPH PUMP BSP",0.0,Sin motor electrico (neumatica),0.2,Aluminio (centro),PTFE (Teflón),,
ARO-66625B-2EB-C,ARO (Ingersoll Rand),66625B-2EB-C,NEUMATICA_DOBLE_MEMBRANA,CALIDAD_PRECIO,1.953,39.06,84.6,7953.96,False,"2"" METALLIC PUMP",0.0,Sin motor electrico (neumatica),0.2,,Santoprene,,
ARO-NP322L01-1,ARO (Ingersoll Rand),NP322L01-1,NEUMATICA_DOBLE_MEMBRANA,CALIDAD_PRECIO,2.691,53.82,84.6,7964.16,False,"LIFT & PUMP ASM. (3"" A.M., 21.7:1 RATIO)",0.0,Sin motor electrico (neumatica),0.2,,,,
ARO-PD15E-FES-PVV,ARO (Ingersoll Rand),PD15E-FES-PVV,NEUMATICA_DOBLE_MEMBRANA,CALIDAD_PRECIO,1.022,20.442,84.6,7966.2,False,"PUMP ASM (1 1/2"" NON-METALLIC)",0.0,Sin motor electrico (neumatica),0.2,,,,
ARO-PD20P-FPS-PTL,ARO (Ingersoll Rand),PD20P-FPS-PTL,NEUMATICA_DOBLE_MEMBRANA,CALIDAD_PRECIO,1.646,32.928,84.6,8094.72,False,"2"" PUMP ASM",0.0,Sin motor electrico (neumatica),0.2,Polipropileno (no metálica),,,
ARO-PM15R-CSS-MMM-A02,ARO (Ingersoll Rand),PM15R-CSS-MMM-A02,NEUMATICA_DOBLE_MEMBRANA,CALIDAD_PRECIO,1.022,20.442,84.6,8139.6,False,"1-1/2"" DIAPHRAGM PUMP (SST SANITARY)",0.0,Sin motor electrico (neumatica),0.2,,,,
ARO-PE20P-YPS-PTT-AD0,ARO (Ingersoll Rand),PE20P-YPS-PTT-AD0,NEUMATICA_DOBLE_MEMBRANA,CALIDAD_PRECIO,1.953,39.06,84.6,8184.48,False,"2"" PUMP ASM",0.0,Sin motor electrico (neumatica),0.2,Polipropileno (no metálica),PTFE (Teflón),,
ARO-PW20P-YPS-PTL,ARO (Ingersoll Rand),PW20P-YPS-PTL,NEUMATICA_DOBLE_MEMBRANA,CALIDAD_PRECIO,1.953,39.06,84.6,8209.98,False,"2"" PUMP ASM",0.0,Sin motor electrico (neumatica),0.2,,,,
ARO-PE20P-YPS-PTT-ADF,ARO (Ingersoll Rand),PE20P-YPS-PTT-ADF,NEUMATICA_DOBLE_MEMBRANA,CALIDAD_PRECIO,1.953,39.06,84.6,8285.46,False,"2"" PUMP ASM",0.0,Sin motor electrico (neumatica),0.2,Polipropileno (no metálica),PTFE (Teflón),,
ARO-PE20P-FPS-PAA-ADE,ARO (Ingersoll Rand),PE20P-FPS-PAA-ADE,NEUMATICA_DOBLE_MEMBRANA,CALIDAD_PRECIO,1.953,39.06,84.6,8294.64,False,"2"" PUMP ASM",0.0,Sin motor electrico (neumatica),0.2,Polipropileno (no metálica),Santoprene,,
ARO-PD20P-YPS-KTT,ARO (Ingersoll Rand),PD20P-YPS-KTT,NEUMATICA_DOBLE_MEMBRANA,CALIDAD_PRECIO,1.646,32.928,84.6,8315.04,False,"2"" PUMP ASM",0.0,Sin motor electrico (neumatica),0.2,Polipropileno (no metálica),PTFE (Teflón),,
ARO-PD30A-BAP-FVV-C,ARO (Ingersoll Rand),PD30A-BAP-FVV-C,NEUMATICA_DOBLE_MEMBRANA,CALIDAD_PRECIO,2.691,53.82,84.6,8361.96,False,3 IN EXP METALLIC DIAPH PUMP BSP,0.0,Sin motor electrico (neumatica),0.2,Aluminio (centro),,,
ARO-PW20P-YPS-KTL,ARO (Ingersoll Rand),PW20P-YPS-KTL,NEUMATICA_DOBLE_MEMBRANA,CALIDAD_PRECIO,1.953,39.06,84.6,8366.04,False,"2"" PUMP ASM",0.0,Sin motor electrico (neumatica),0.2,,,,
ARO-PD20P-YPS-PTL,ARO (Ingersoll Rand),PD20P-YPS-PTL,NEUMATICA_DOBLE_MEMBRANA,CALIDAD_PRECIO,1.646,32.928,84.6,8426.22,False,"2"" PUMP ASM",0.0,Sin motor electrico (neumatica),0.2,Polipropileno (no metálica),,,
ARO-PD20A-BSS-GGG-B,ARO (Ingersoll Rand),PD20A-BSS-GGG-B,NEUMATICA_DOBLE_MEMBRANA,CALIDAD_PRECIO,1.953,39.06,84.6,8430.3,False,"2"" DIAPHRAGM PUMP ASM",0.0,Sin motor electrico (neumatica),0.2,Acero inoxidable (partes mojadas),Nitrilo (NBR/Buna-N),,
ARO-66617B-233-C,ARO (Ingersoll Rand),66617B-233-C,NEUMATICA_DOBLE_MEMBRANA,CALIDAD_PRECIO,1.022,20.442,84.6,8461.92,False,"1-1/2"" DIAPHRAGM PUMP",0.0,Sin motor electrico (neumatica),0.2,,Viton (FKM),,
ARO-PE20P-YPS-KTT-AD0,ARO (Ingersoll Rand),PE20P-YPS-KTT-AD0,NEUMATICA_DOBLE_MEMBRANA,CALIDAD_PRECIO,1.953,39.06,84.6,8467.02,False,"2"" PUMP ASM",0.0,Sin motor electrico (neumatica),0.2,Polipropileno (no metálica),PTFE (Teflón),,
ARO-PD30A-BAS-FVV-C,ARO (Ingersoll Rand),PD30A-BAS-FVV-C,NEUMATICA_DOBLE_MEMBRANA,CALIDAD_PRECIO,2.691,53.82,84.6,8478.24,False,3 IN EXP METALLIC DIAPH PUMP BSP,0.0,Sin motor electrico (neumatica),0.2,Aluminio (centro),,,
ARO-66615B-246-C,ARO (Ingersoll Rand),66615B-246-C,NEUMATICA_DOBLE_MEMBRANA,CALIDAD_PRECIO,1.022,20.442,84.6,8514.96,False,"1-1/2"" DIAPHRAGM PUMP",0.0,Sin motor electrico (neumatica),0.2,,PTFE compuesto,,
ARO-PD20A-BSS-STT-B,ARO (Ingersoll Rand),PD20A-BSS-STT-B,NEUMATICA_DOBLE_MEMBRANA,CALIDAD_PRECIO,1.953,39.06,84.6,8535.0,False,2 DIAPHRAGM PUMP ASM,0.0,Sin motor electrico (neumatica),0.2,Acero inoxidable (partes mojadas),PTFE (Teflón),,
ARO-PD30A-BAP-KVV-C,ARO (Ingersoll Rand),PD30A-BAP-KVV-C,NEUMATICA_DOBLE_MEMBRANA,CALIDAD_PRECIO,2.691,53.82,84.6,8554.74,False,3 IN EXP METALLIC DIAPH PUMP BSP,0.0,Sin motor electrico (neumatica),0.2,Aluminio (centro),,,
ARO-PD30A-BAP-STT-C,ARO (Ingersoll Rand),PD30A-BAP-STT-C,NEUMATICA_DOBLE_MEMBRANA,CALIDAD_PRECIO,2.691,53.82,84.6,8569.02,False,3 IN EXP METALLIC DIAPH PUMP BSP,0.0,Sin motor electrico (neumatica),0.2,Aluminio (centro),PTFE (Teflón),,
ARO-PD20P-FPS-PTV,ARO (Ingersoll Rand),PD20P-FPS-PTV,NEUMATICA_DOBLE_MEMBRANA,CALIDAD_PRECIO,1.646,32.928,84.6,8573.1,False,"2"" PUMP ASM",0.0,Sin motor electrico (neumatica),0.2,Polipropileno (no metálica),,,
ARO-PZ30A-BAP-FTT-C,ARO (Ingersoll Rand),PZ30A-BAP-FTT-C,NEUMATICA_DOBLE_MEMBRANA,CALIDAD_PRECIO,2.691,53.82,84.6,8579.22,False,"3"" DIAPHRAGM PUMP ASM (METALLIC)",0.0,Sin motor electrico (neumatica),0.2,,,,
ARO-PD20A-BSS-AAA-B,ARO (Ingersoll Rand),PD20A-BSS-AAA-B,NEUMATICA_DOBLE_MEMBRANA,CALIDAD_PRECIO,1.953,39.06,84.6,8605.74,False,2 DIAPHRAGM PUMP ASM,0.0,Sin motor electrico (neumatica),0.2,Acero inoxidable (partes mojadas),Santoprene,,
ARO-PE15A-BSS-STT-AS0,ARO (Ingersoll Rand),PE15A-BSS-STT-AS0,NEUMATICA_DOBLE_MEMBRANA,CALIDAD_PRECIO,1.022,20.442,84.6,8699.58,False,"1-1/2"" DIAPHRAGM PUMP",0.0,Sin motor electrico (neumatica),0.2,Acero inoxidable (partes mojadas),PTFE (Teflón),,
ARO-PD20P-YPS-KTL,ARO (Ingersoll Rand),PD20P-YPS-KTL,NEUMATICA_DOBLE_MEMBRANA,CALIDAD_PRECIO,1.646,32.928,84.6,8719.98,False,"2"" PUMP ASM",0.0,Sin motor electrico (neumatica),0.2,Polipropileno (no metálica),,,
ARO-PE20P-YPS-KTT-ADF,ARO (Ingersoll Rand),PE20P-YPS-KTT-ADF,NEUMATICA_DOBLE_MEMBRANA,CALIDAD_PRECIO,1.953,39.06,84.6,8777.1,False,"2"" PUMP ASM",0.0,Sin motor electrico (neumatica),0.2,Polipropileno (no metálica),PTFE (Teflón),,
ARO-E2P10-SASTT-AA-A0A,ARO (Ingersoll Rand),E2P10-SASTT-AA-A0A,NEUMATICA_DOBLE_MEMBRANA,CALIDAD_PRECIO,0.399,7.98,84.6,8782.2,False,"1"" EVO 200 PUMP ASSY (METALLIC)",0.0,Sin motor electrico (neumatica),0.2,,,,
ARO-E2P10-SASTT-BA-A0A,ARO (Ingersoll Rand),E2P10-SASTT-BA-A0A,NEUMATICA_DOBLE_MEMBRANA,CALIDAD_PRECIO,0.399,7.98,84.6,8782.2,False,"1"" EVO 200 PUMP ASSY (METALLIC)",0.0,Sin motor electrico (neumatica),0.2,,,,
ARO-E2P10-SASTT-CA-A0A,ARO (Ingersoll Rand),E2P10-SASTT-CA-A0A,NEUMATICA_DOBLE_MEMBRANA,CALIDAD_PRECIO,0.399,7.98,84.6,8782.2,False,"1"" EVO 200 PUMP ASSY (METALLIC)",0.0,Sin motor electrico (neumatica),0.2,,,,
ARO-E2P10-SBSTT-AB-A0A,ARO (Ingersoll Rand),E2P10-SBSTT-AB-A0A,NEUMATICA_DOBLE_MEMBRANA,CALIDAD_PRECIO,0.399,7.98,84.6,8782.2,False,"1"" EVO 200 PUMP ASSY (METALLIC)",0.0,Sin motor electrico (neumatica),0.2,,,,
ARO-E2P10-SBSTT-BB-A0A,ARO (Ingersoll Rand),E2P10-SBSTT-BB-A0A,NEUMATICA_DOBLE_MEMBRANA,CALIDAD_PRECIO,0.399,7.98,84.6,8782.2,False,"1"" EVO 200 PUMP ASSY (METALLIC)",0.0,Sin motor electrico (neumatica),0.2,,,,
ARO-E2P10-SBSTT-CB-A0A,ARO (Ingersoll Rand),E2P10-SBSTT-CB-A0A,NEUMATICA_DOBLE_MEMBRANA,CALIDAD_PRECIO,0.399,7.98,84.6,8782.2,False,"1"" EVO 200 PUMP ASSY (METALLIC)",0.0,Sin motor electrico (neumatica),0.2,,,,
ARO-PD20P-FPS-PVV,ARO (Ingersoll Rand),PD20P-FPS-PVV,NEUMATICA_DOBLE_MEMBRANA,CALIDAD_PRECIO,1.646,32.928,84.6,8793.42,False,"2"" PUMP ASM",0.0,Sin motor electrico (neumatica),0.2,Polipropileno (no metálica),,,
ARO-PE20P-YPS-KTL-AD0,ARO (Ingersoll Rand),PE20P-YPS-KTL-AD0,NEUMATICA_DOBLE_MEMBRANA,CALIDAD_PRECIO,1.953,39.06,84.6,8831.16,False,"2"" PUMP ASM",0.0,Sin motor electrico (neumatica),0.2,Polipropileno (no metálica),,,
ARO-PE20P-YPS-PTL-AD0,ARO (Ingersoll Rand),PE20P-YPS-PTL-AD0,NEUMATICA_DOBLE_MEMBRANA,CALIDAD_PRECIO,1.953,39.06,84.6,8835.24,False,"2"" PUMP ASM",0.0,Sin motor electrico (neumatica),0.2,Polipropileno (no metálica),,,
ARO-PE20P-FPS-PTT-A0L,ARO (Ingersoll Rand),PE20P-FPS-PTT-A0L,NEUMATICA_DOBLE_MEMBRANA,CALIDAD_PRECIO,1.953,39.06,84.6,8844.42,False,"2"" PUMP ASM",0.0,Sin motor electrico (neumatica),0.2,Polipropileno (no metálica),PTFE (Teflón),,
ARO-47832330001,ARO (Ingersoll Rand),47832330001,NEUMATICA_DOBLE_MEMBRANA,CALIDAD_PRECIO,1.022,20.442,84.6,8903.58,False,"1-1/2"" PUMP WITH CERTS",0.0,Sin motor electrico (neumatica),0.2,,,,
ARO-PD20E-FES-PTT,ARO (Ingersoll Rand),PD20E-FES-PTT,NEUMATICA_DOBLE_MEMBRANA,CALIDAD_PRECIO,1.953,39.06,84.6,8929.08,False,2 PUMP ASM,0.0,Sin motor electrico (neumatica),0.2,,,,
ARO-PP30A-BAS-AAA,ARO (Ingersoll Rand),PP30A-BAS-AAA,NEUMATICA_DOBLE_MEMBRANA,CALIDAD_PRECIO,2.691,53.82,84.6,9020.0,False,"3"" POWDER PUMP",0.0,Sin motor electrico (neumatica),0.2,,,,
ARO-PE20P-YPS-PTL-ADF,ARO (Ingersoll Rand),PE20P-YPS-PTL-ADF,NEUMATICA_DOBLE_MEMBRANA,CALIDAD_PRECIO,1.953,39.06,84.6,9097.38,False,"2"" PUMP ASM",0.0,Sin motor electrico (neumatica),0.2,Polipropileno (no metálica),,,
ARO-PD30A-BAP-FTL-C,ARO (Ingersoll Rand),PD30A-BAP-FTL-C,NEUMATICA_DOBLE_MEMBRANA,CALIDAD_PRECIO,2.691,53.82,84.6,9107.58,False,"3"" DIAPHRAGM PUMP ASM",0.0,Sin motor electrico (neumatica),0.2,Aluminio (centro),,,
ARO-PE20P-YPS-KTL-ADF,ARO (Ingersoll Rand),PE20P-YPS-KTL-ADF,NEUMATICA_DOBLE_MEMBRANA,CALIDAD_PRECIO,1.953,39.06,84.6,9133.08,False,"2"" PUMP ASM",0.0,Sin motor electrico (neumatica),0.2,Polipropileno (no metálica),,,
ARO-PD20A-BSS-SGG-B,ARO (Ingersoll Rand),PD20A-BSS-SGG-B,NEUMATICA_DOBLE_MEMBRANA,CALIDAD_PRECIO,1.953,39.06,84.6,9203.46,False,"2"" DIAPHRAGM PUMP ASM",0.0,Sin motor electrico (neumatica),0.2,Acero inoxidable (partes mojadas),Nitrilo (NBR/Buna-N),,
ARO-PE20P-FPS-PTT-ADL,ARO (Ingersoll Rand),PE20P-FPS-PTT-ADL,NEUMATICA_DOBLE_MEMBRANA,CALIDAD_PRECIO,1.953,39.06,84.6,9238.14,False,"2"" PUMP ASM",0.0,Sin motor electrico (neumatica),0.2,Polipropileno (no metálica),PTFE (Teflón),,
ARO-PD20R-FSS-AAA-B,ARO (Ingersoll Rand),PD20R-FSS-AAA-B,NEUMATICA_DOBLE_MEMBRANA,CALIDAD_PRECIO,1.953,39.06,84.6,9272.82,False,"2"" DIAPHRAGM PUMP",0.0,Sin motor electrico (neumatica),0.2,Polipropileno (centro) con cabezales metálicos,Santoprene,,
ARO-PE15A-BSS-STT-ADF,ARO (Ingersoll Rand),PE15A-BSS-STT-ADF,NEUMATICA_DOBLE_MEMBRANA,CALIDAD_PRECIO,1.022,20.442,84.6,9443.16,False,"1-1/2"" DIAPHRAGM PUMP",0.0,Sin motor electrico (neumatica),0.2,Acero inoxidable (partes mojadas),PTFE (Teflón),,
ARO-PD20A-BSS-SAA-B,ARO (Ingersoll Rand),PD20A-BSS-SAA-B,NEUMATICA_DOBLE_MEMBRANA,CALIDAD_PRECIO,1.953,39.06,84.6,9445.2,False,2 DIAPHRAGM PUMP ASM,0.0,Sin motor electrico (neumatica),0.2,Acero inoxidable (partes mojadas),Santoprene,,
ARO-PD15P-FKS-KAA,ARO (Ingersoll Rand),PD15P-FKS-KAA,NEUMATICA_DOBLE_MEMBRANA,CALIDAD_PRECIO,1.136,22.71,84.6,9612.48,False,PUMP ASM (1 1/2 NON-METALLIC),0.0,Sin motor electrico (neumatica),0.2,Polipropileno (no metálica),Santoprene,,
ARO-PD15P-YKS-KAA,ARO (Ingersoll Rand),PD15P-YKS-KAA,NEUMATICA_DOBLE_MEMBRANA,CALIDAD_PRECIO,1.136,22.71,84.6,9612.48,False,PUMP ASM (1 1/2 NON-METALLIC),0.0,Sin motor electrico (neumatica),0.2,Polipropileno (no metálica),Santoprene,,
ARO-PD30A-BCP-STT-C,ARO (Ingersoll Rand),PD30A-BCP-STT-C,NEUMATICA_DOBLE_MEMBRANA,CALIDAD_PRECIO,2.691,53.82,84.6,9643.08,False,3 IN EXP METALLIC DIAPH PUMP BSP,0.0,Sin motor electrico (neumatica),0.2,Aluminio (centro),PTFE (Teflón),,
ARO-PE20P-FPS-PTT-ADE,ARO (Ingersoll Rand),PE20P-FPS-PTT-ADE,NEUMATICA_DOBLE_MEMBRANA,CALIDAD_PRECIO,1.953,39.06,84.6,9670.62,False,"2"" PUMP ASM",0.0,Sin motor electrico (neumatica),0.2,Polipropileno (no metálica),PTFE (Teflón),,
ARO-PE15A-BSS-STT-ADL,ARO (Ingersoll Rand),PE15A-BSS-STT-ADL,NEUMATICA_DOBLE_MEMBRANA,CALIDAD_PRECIO,1.022,20.442,84.6,9723.66,False,"1-1/2"" DIAPHRAGM PUMP",0.0,Sin motor electrico (neumatica),0.2,Acero inoxidable (partes mojadas),PTFE (Teflón),,
ARO-PD20A-ASS-STT-B,ARO (Ingersoll Rand),PD20A-ASS-STT-B,NEUMATICA_DOBLE_MEMBRANA,CALIDAD_PRECIO,1.953,39.06,84.6,9756.3,False,2 DIAPHRAGM PUMP,0.0,Sin motor electrico (neumatica),0.2,Aluminio (centro) / Acero inoxidable (cabezales-mojado),PTFE (Teflón),,
ARO-47791848001,ARO (Ingersoll Rand),47791848001,NEUMATICA_DOBLE_MEMBRANA,CALIDAD_PRECIO,1.022,20.442,84.6,10024.56,False,"1-1/2"" PUMP WITH CERTS",0.0,Sin motor electrico (neumatica),0.2,,,,
ARO-PD30S-ACP-GGG-C,ARO (Ingersoll Rand),PD30S-ACP-GGG-C,NEUMATICA_DOBLE_MEMBRANA,CALIDAD_PRECIO,2.691,53.82,84.6,10057.2,False,3 IN EXP METALLIC DIAPH PUMP,0.0,Sin motor electrico (neumatica),0.2,,,,
ARO-PD15P-YKS-KVV,ARO (Ingersoll Rand),PD15P-YKS-KVV,NEUMATICA_DOBLE_MEMBRANA,CALIDAD_PRECIO,1.136,22.71,84.6,10069.44,False,1.5IN EXP NM DIAP PUMP P,0.0,Sin motor electrico (neumatica),0.2,Polipropileno (no metálica),,,
ARO-PW20P-YPS-PAA-AAE,ARO (Ingersoll Rand),PW20P-YPS-PAA-AAE,NEUMATICA_DOBLE_MEMBRANA,CALIDAD_PRECIO,1.953,39.06,84.6,10079.64,False,"2"" PUMP ASM",0.0,Sin motor electrico (neumatica),0.2,,,,
ARO-PD20A-BSS-KTT-B,ARO (Ingersoll Rand),PD20A-BSS-KTT-B,NEUMATICA_DOBLE_MEMBRANA,CALIDAD_PRECIO,1.953,39.06,84.6,10109.22,False,"2"" DIAPHRAGM PUMP ASM",0.0,Sin motor electrico (neumatica),0.2,Acero inoxidable (partes mojadas),PTFE (Teflón),,
ARO-US_SOURCED_PD10S-FSS-STT,ARO (Ingersoll Rand),US sourced PD10S-FSS-STT,NEUMATICA_DOBLE_MEMBRANA,CALIDAD_PRECIO,0.399,7.98,84.6,10111.26,False,"1"" PUMP ASSY, USA SOURCED",0.0,Sin motor electrico (neumatica),0.2,,,,
ARO-PE15A-BSS-STT-ADE,ARO (Ingersoll Rand),PE15A-BSS-STT-ADE,NEUMATICA_DOBLE_MEMBRANA,CALIDAD_PRECIO,1.022,20.442,84.6,10154.1,False,"1-1/2"" DIAPHRAGM PUMP",0.0,Sin motor electrico (neumatica),0.2,Acero inoxidable (partes mojadas),PTFE (Teflón),,
ARO-PD20A-ASS-KTT-B,ARO (Ingersoll Rand),PD20A-ASS-KTT-B,NEUMATICA_DOBLE_MEMBRANA,CALIDAD_PRECIO,1.953,39.06,84.6,10155.12,False,"2"" DIAPHRAGM PUMP ASM",0.0,Sin motor electrico (neumatica),0.2,Aluminio (centro) / Acero inoxidable (cabezales-mojado),PTFE (Teflón),,
ARO-PD20R-BSS-AAA-B,ARO (Ingersoll Rand),PD20R-BSS-AAA-B,NEUMATICA_DOBLE_MEMBRANA,CALIDAD_PRECIO,1.953,39.06,84.6,10272.42,False,DIAP PUMP-BSP-EXP-2IN-ME PD20R-BSS-AAA-B,0.0,Sin motor electrico (neumatica),0.2,Polipropileno (centro) con cabezales metálicos,Santoprene,,
ARO-PD20R-BSS-STT-B,ARO (Ingersoll Rand),PD20R-BSS-STT-B,NEUMATICA_DOBLE_MEMBRANA,CALIDAD_PRECIO,1.953,39.06,84.6,10297.92,False,"2"" PUMP ASM",0.0,Sin motor electrico (neumatica),0.2,Polipropileno (centro) con cabezales metálicos,PTFE (Teflón),,
ARO-PD15P-FKS-KVV,ARO (Ingersoll Rand),PD15P-FKS-KVV,NEUMATICA_DOBLE_MEMBRANA,CALIDAD_PRECIO,1.136,22.71,84.6,10407.06,False,"PUMP ASM (1 1/2"" NON-METALLIC) - RESTRICTED",0.0,Sin motor electrico (neumatica),0.2,Polipropileno (no metálica),,,
ARO-PD15P-FKS-KTT,ARO (Ingersoll Rand),PD15P-FKS-KTT,NEUMATICA_DOBLE_MEMBRANA,CALIDAD_PRECIO,1.136,22.71,84.6,10465.2,False,"PUMP ASM (1 1/2"" NON-METALLIC) - RESTRICTED",0.0,Sin motor electrico (neumatica),0.2,Polipropileno (no metálica),PTFE (Teflón),,
ARO-PD15P-YKS-KTT,ARO (Ingersoll Rand),PD15P-YKS-KTT,NEUMATICA_DOBLE_MEMBRANA,CALIDAD_PRECIO,1.136,22.71,84.6,10465.2,False,"PUMP ASM (1 1/2"" NON-METALLIC) - RESTRICTED",0.0,Sin motor electrico (neumatica),0.2,Polipropileno (no metálica),PTFE (Teflón),,
ARO-SD20R-CSS-CCC-B00,ARO (Ingersoll Rand),SD20R-CSS-CCC-B00,NEUMATICA_DOBLE_MEMBRANA,CALIDAD_PRECIO,1.953,39.06,84.6,10640.64,False,"2"" SANITARY DIAPH PUMP",0.0,Sin motor electrico (neumatica),0.2,,,,
ARO-PD20A-FSS-STT-B,ARO (Ingersoll Rand),PD20A-FSS-STT-B,NEUMATICA_DOBLE_MEMBRANA,CALIDAD_PRECIO,1.953,39.06,84.6,10770.18,False,2 DIAPHRAGM PUMP,0.0,Sin motor electrico (neumatica),0.2,Acero inoxidable (partes mojadas),PTFE (Teflón),,
ARO-PZ20A-BSS-SAA-B,ARO (Ingersoll Rand),PZ20A-BSS-SAA-B,NEUMATICA_DOBLE_MEMBRANA,CALIDAD_PRECIO,1.953,39.06,84.6,10792.62,False,"2"" DIAPHRAGM PUMP ASM (METALLIC)",0.0,Sin motor electrico (neumatica),0.2,,,,
ARO-PP20A-ASS-AAA,ARO (Ingersoll Rand),PP20A-ASS-AAA,NEUMATICA_DOBLE_MEMBRANA,CALIDAD_PRECIO,1.953,39.06,84.6,10816.08,False,"2"" POWDER PUMP",0.0,Sin motor electrico (neumatica),0.2,,,,
ARO-PD20A-BSS-SVV-B,ARO (Ingersoll Rand),PD20A-BSS-SVV-B,NEUMATICA_DOBLE_MEMBRANA,CALIDAD_PRECIO,1.953,39.06,84.6,10848.72,False,"2"" DIAPHRAGM PUMP ASM",0.0,Sin motor electrico (neumatica),0.2,Acero inoxidable (partes mojadas),,,
ARO-SD20R-CSS-SMM-B00,ARO (Ingersoll Rand),SD20R-CSS-SMM-B00,NEUMATICA_DOBLE_MEMBRANA,CALIDAD_PRECIO,1.953,39.06,84.6,10968.06,False,"2"" SANITARY DIAPH PUMP",0.0,Sin motor electrico (neumatica),0.2,,,,
ARO-SD20R-CSS-SMM-BDF,ARO (Ingersoll Rand),SD20R-CSS-SMM-BDF,NEUMATICA_DOBLE_MEMBRANA,CALIDAD_PRECIO,1.953,39.06,84.6,11034.36,False,"2"" SANITARY DIAPH PUMP",0.0,Sin motor electrico (neumatica),0.2,,,,
ARO-666271-244-C,ARO (Ingersoll Rand),666271-244-C,NEUMATICA_DOBLE_MEMBRANA,CALIDAD_PRECIO,1.953,39.06,84.6,11087.4,False,"2"" METALLIC PUMP",0.0,Sin motor electrico (neumatica),0.2,,PTFE (Teflón)/Santoprene,,
ARO-PD15S-ASS-SST,ARO (Ingersoll Rand),PD15S-ASS-SST,NEUMATICA_DOBLE_MEMBRANA,CALIDAD_PRECIO,1.022,20.442,84.6,11128.2,False,"1.5"" PUMP ASM",0.0,Sin motor electrico (neumatica),0.2,,,,
ARO-PD20S-BCS-AAA-B,ARO (Ingersoll Rand),PD20S-BCS-AAA-B,NEUMATICA_DOBLE_MEMBRANA,CALIDAD_PRECIO,1.953,39.06,84.6,11263.86,False,"2"" DIAPHRAGM PUMP ASM",0.0,Sin motor electrico (neumatica),0.2,,,,
ARO-PH20F-FSP-SAA-B,ARO (Ingersoll Rand),PH20F-FSP-SAA-B,NEUMATICA_DOBLE_MEMBRANA,CALIDAD_PRECIO,1.953,39.06,84.6,11409.72,False,"2"" HP DIAPHRAGM PUMP ASM",0.0,Sin motor electrico (neumatica),0.2,,,,
ARO-PD20A-BSS-STL-B,ARO (Ingersoll Rand),PD20A-BSS-STL-B,NEUMATICA_DOBLE_MEMBRANA,CALIDAD_PRECIO,1.953,39.06,84.6,11466.84,False,"2"" DIAPHRAGM PUMP ASM",0.0,Sin motor electrico (neumatica),0.2,Acero inoxidable (partes mojadas),,,
ARO-PE20A-BSS-STT-BDF,ARO (Ingersoll Rand),PE20A-BSS-STT-BDF,NEUMATICA_DOBLE_MEMBRANA,CALIDAD_PRECIO,1.953,39.06,84.6,11562.72,False,"2"" DIAPHRAGM PUMP",0.0,Sin motor electrico (neumatica),0.2,Acero inoxidable (partes mojadas),PTFE (Teflón),,
ARO-PD20R-FSS-STT-B,ARO (Ingersoll Rand),PD20R-FSS-STT-B,NEUMATICA_DOBLE_MEMBRANA,CALIDAD_PRECIO,1.953,39.06,84.6,11575.98,False,"2"" DIAPHRAGM PUMP",0.0,Sin motor electrico (neumatica),0.2,Polipropileno (centro) con cabezales metálicos,PTFE (Teflón),,
ARO-PD20S-FSS-SAA-B,ARO (Ingersoll Rand),PD20S-FSS-SAA-B,NEUMATICA_DOBLE_MEMBRANA,CALIDAD_PRECIO,1.953,39.06,84.6,11598.42,False,"2"" DIAPHRAGM PUMP ASM",0.0,Sin motor electrico (neumatica),0.2,,,,
ARO-SD20S-CSS-SMM-B00,ARO (Ingersoll Rand),SD20S-CSS-SMM-B00,NEUMATICA_DOBLE_MEMBRANA,CALIDAD_PRECIO,1.953,39.06,84.6,11709.6,False,"2"" SANITARY DIAPH PUMP",0.0,Sin motor electrico (neumatica),0.2,,,,
ARO-AS10P-FPS-PTT,ARO (Ingersoll Rand),AS10P-FPS-PTT,NEUMATICA_DOBLE_MEMBRANA,CALIDAD_PRECIO,0.534,10.68,84.6,11720.82,False,AS10P-FPS-PTT - ARO STATION CABINET WITH PD10P-FPS-PTT PUMP / PVC-U/EPDM,0.0,Sin motor electrico (neumatica),0.2,,EPDM,,
ARO-SD20S-CSS-CCC-B00,ARO (Ingersoll Rand),SD20S-CSS-CCC-B00,NEUMATICA_DOBLE_MEMBRANA,CALIDAD_PRECIO,1.953,39.06,84.6,11755.5,False,"2"" SANITARY DIAPH PUMP",0.0,Sin motor electrico (neumatica),0.2,,,,
ARO-PE20A-BSS-STT-BDL,ARO (Ingersoll Rand),PE20A-BSS-STT-BDL,NEUMATICA_DOBLE_MEMBRANA,CALIDAD_PRECIO,1.953,39.06,84.6,11842.2,False,"2"" DIAPHRAGM PUMP",0.0,Sin motor electrico (neumatica),0.2,Acero inoxidable (partes mojadas),PTFE (Teflón),,
ARO-SD20R-CSS-STK-B00,ARO (Ingersoll Rand),SD20R-CSS-STK-B00,NEUMATICA_DOBLE_MEMBRANA,CALIDAD_PRECIO,1.953,39.06,84.6,11856.48,False,"2"" SANITARY DIAPH PUMP",0.0,Sin motor electrico (neumatica),0.2,,,,
ARO-PD20A-FSS-SVV-B,ARO (Ingersoll Rand),PD20A-FSS-SVV-B,NEUMATICA_DOBLE_MEMBRANA,CALIDAD_PRECIO,1.953,39.06,84.6,11869.74,False,"2"" DIAPHRAGM PUMP ASM",0.0,Sin motor electrico (neumatica),0.2,Acero inoxidable (partes mojadas),,,
ARO-PD20A-BSS-SST-B,ARO (Ingersoll Rand),PD20A-BSS-SST-B,NEUMATICA_DOBLE_MEMBRANA,CALIDAD_PRECIO,1.953,39.06,84.6,11899.32,False,"2"" DIAPHRAGM PUMP ASM",0.0,Sin motor electrico (neumatica),0.2,Acero inoxidable (partes mojadas),,,
ARO-SD20R-CSS-STT-BDF,ARO (Ingersoll Rand),SD20R-CSS-STT-BDF,NEUMATICA_DOBLE_MEMBRANA,CALIDAD_PRECIO,1.953,39.06,84.6,12038.04,False,"2"" SANITARY DIAPH PUMP",0.0,Sin motor electrico (neumatica),0.2,,,,
ARO-SD20R-CSS-STT-B00,ARO (Ingersoll Rand),SD20R-CSS-STT-B00,NEUMATICA_DOBLE_MEMBRANA,CALIDAD_PRECIO,1.953,39.06,84.6,12066.6,False,"2"" SANITARY DIAPH PUMP",0.0,Sin motor electrico (neumatica),0.2,,,,
ARO-PZ20A-BSS-STT-B,ARO (Ingersoll Rand),PZ20A-BSS-STT-B,NEUMATICA_DOBLE_MEMBRANA,CALIDAD_PRECIO,1.953,39.06,84.6,12077.82,False,"2"" DIAPHRAGM PUMP ASM (METALLIC)",0.0,Sin motor electrico (neumatica),0.2,,,,
ARO-SD20S-CSS-SMM-BDF,ARO (Ingersoll Rand),SD20S-CSS-SMM-BDF,NEUMATICA_DOBLE_MEMBRANA,CALIDAD_PRECIO,1.953,39.06,84.6,12149.22,False,"2"" SANITARY DIAPH PUMP",0.0,Sin motor electrico (neumatica),0.2,,,,
ARO-66627B-246-C,ARO (Ingersoll Rand),66627B-246-C,NEUMATICA_DOBLE_MEMBRANA,CALIDAD_PRECIO,1.953,39.06,84.6,12163.5,False,"2"" METALLIC PUMP",0.0,Sin motor electrico (neumatica),0.2,,PTFE compuesto,,
ARO-PE20A-FSS-STT-BHM,ARO (Ingersoll Rand),PE20A-FSS-STT-BHM,NEUMATICA_DOBLE_MEMBRANA,CALIDAD_PRECIO,1.953,39.06,84.6,12233.88,False,"2"" DIAPHRAGM PUMP",0.0,Sin motor electrico (neumatica),0.2,Acero inoxidable (partes mojadas),PTFE (Teflón),,
ARO-PD20S-BSS-AAA-B,ARO (Ingersoll Rand),PD20S-BSS-AAA-B,NEUMATICA_DOBLE_MEMBRANA,CALIDAD_PRECIO,1.953,39.06,84.6,12250.2,False,"2"" DIAPHRAGM PUMP ASM",0.0,Sin motor electrico (neumatica),0.2,,,,
ARO-PE20A-BSS-STT-BDE,ARO (Ingersoll Rand),PE20A-BSS-STT-BDE,NEUMATICA_DOBLE_MEMBRANA,CALIDAD_PRECIO,1.953,39.06,84.6,12272.64,False,"2"" DIAPHRAGM PUMP",0.0,Sin motor electrico (neumatica),0.2,Acero inoxidable (partes mojadas),PTFE (Teflón),,
ARO-PD20S-FSS-STT-B,ARO (Ingersoll Rand),PD20S-FSS-STT-B,NEUMATICA_DOBLE_MEMBRANA,CALIDAD_PRECIO,1.953,39.06,84.6,12442.98,False,"2"" DIAPHRAGM PUMP ASM",0.0,Sin motor electrico (neumatica),0.2,,,,
ARO-PD20S-ASS-STT-B,ARO (Ingersoll Rand),PD20S-ASS-STT-B,NEUMATICA_DOBLE_MEMBRANA,CALIDAD_PRECIO,1.953,39.06,84.6,12515.4,False,"2"" DIAPHRAGM PUMP",0.0,Sin motor electrico (neumatica),0.2,,,,
ARO-PH20F-BSP-STT-B,ARO (Ingersoll Rand),PH20F-BSP-STT-B,NEUMATICA_DOBLE_MEMBRANA,CALIDAD_PRECIO,1.953,39.06,84.6,12654.12,False,"2"" HP DIAPHRAGM PUMP",0.0,Sin motor electrico (neumatica),0.2,,,,
ARO-SD20S-CSS-STT-B00,ARO (Ingersoll Rand),SD20S-CSS-STT-B00,NEUMATICA_DOBLE_MEMBRANA,CALIDAD_PRECIO,1.953,39.06,84.6,12712.26,False,"2"" SANITARY DIAPH PUMP",0.0,Sin motor electrico (neumatica),0.2,,,,
ARO-PD20S-ASS-SVV-B,ARO (Ingersoll Rand),PD20S-ASS-SVV-B,NEUMATICA_DOBLE_MEMBRANA,CALIDAD_PRECIO,1.953,39.06,84.6,12714.3,False,"2"" DIAPHRAGM PUMP ASM",0.0,Sin motor electrico (neumatica),0.2,,,,
ARO-SD20R-CSS-STT-B0L,ARO (Ingersoll Rand),SD20R-CSS-STT-B0L,NEUMATICA_DOBLE_MEMBRANA,CALIDAD_PRECIO,1.953,39.06,84.6,12889.74,False,"2"" SANITARY DIAPH PUMP",0.0,Sin motor electrico (neumatica),0.2,,,,
ARO-PD20S-FSS-SVV-B,ARO (Ingersoll Rand),PD20S-FSS-SVV-B,NEUMATICA_DOBLE_MEMBRANA,CALIDAD_PRECIO,1.953,39.06,84.6,12891.78,False,"2"" DIAPHRAGM PUMP ASM",0.0,Sin motor electrico (neumatica),0.2,,,,
ARO-PD30A-ASS-AAA-C,ARO (Ingersoll Rand),PD30A-ASS-AAA-C,NEUMATICA_DOBLE_MEMBRANA,CALIDAD_PRECIO,2.691,53.82,84.6,12891.78,False,3 IN EXP METALLIC DIAPH PUMP,0.0,Sin motor electrico (neumatica),0.2,Aluminio (centro) / Acero inoxidable (cabezales-mojado),Santoprene,,
ARO-AS15P-FPS-PTT,ARO (Ingersoll Rand),AS15P-FPS-PTT,NEUMATICA_DOBLE_MEMBRANA,CALIDAD_PRECIO,1.136,22.71,84.6,12895.86,False,AS15P-FPS-PTT - ARO STATION CABINET WITH PD15P-FPS-PTT PUMP - PVC-U/EPDM,0.0,Sin motor electrico (neumatica),0.2,,EPDM,,
ARO-SD20S-CSS-STK-B00,ARO (Ingersoll Rand),SD20S-CSS-STK-B00,NEUMATICA_DOBLE_MEMBRANA,CALIDAD_PRECIO,1.953,39.06,84.6,12970.32,False,"2"" SANITARY DIAPH PUMP",0.0,Sin motor electrico (neumatica),0.2,,,,
ARO-PF20S-ASS-SAA-B,ARO (Ingersoll Rand),PF20S-ASS-SAA-B,NEUMATICA_DOBLE_MEMBRANA,CALIDAD_PRECIO,1.953,39.06,84.6,13003.98,False,"2"" DIAPHRAGM PUMP (FLAP)",0.0,Sin motor electrico (neumatica),0.2,,,,
ARO-PZ20A-FSS-STT-B,ARO (Ingersoll Rand),PZ20A-FSS-STT-B,NEUMATICA_DOBLE_MEMBRANA,CALIDAD_PRECIO,1.953,39.06,84.6,13047.84,False,"2"" DIAPHRAGM PUMP ASM (METALLIC)",0.0,Sin motor electrico (neumatica),0.2,,,,
ARO-PM15S-CSS-STT-A02,ARO (Ingersoll Rand),PM15S-CSS-STT-A02,NEUMATICA_DOBLE_MEMBRANA,CALIDAD_PRECIO,1.022,20.442,84.6,13138.62,False,"1-1/2"" DIAPHRAGM PUMP (SST SANITARY)",0.0,Sin motor electrico (neumatica),0.2,,,,
ARO-PF20A-BSS-SAA-B,ARO (Ingersoll Rand),PF20A-BSS-SAA-B,NEUMATICA_DOBLE_MEMBRANA,CALIDAD_PRECIO,1.953,39.06,84.6,13271.22,False,"2"" DIAPHRAGM PUMP (FLAP)",0.0,Sin motor electrico (neumatica),0.2,,,,
ARO-PM15S-CSS-SAA-A02,ARO (Ingersoll Rand),PM15S-CSS-SAA-A02,NEUMATICA_DOBLE_MEMBRANA,CALIDAD_PRECIO,1.022,20.442,84.6,13289.58,False,"1-1/2"" DIAPHRAGM PUMP (SST SANITARY) - REPLACED BY PM15S-CSS-SMM-A02",0.0,Sin motor electrico (neumatica),0.2,,,,
ARO-PD30A-ASS-GGG-C,ARO (Ingersoll Rand),PD30A-ASS-GGG-C,NEUMATICA_DOBLE_MEMBRANA,CALIDAD_PRECIO,2.691,53.82,84.6,13299.78,False,3 IN EXP METALLIC DIAPH PUMP,0.0,Sin motor electrico (neumatica),0.2,Aluminio (centro) / Acero inoxidable (cabezales-mojado),Nitrilo (NBR/Buna-N),,
ARO-PP20A-BSS-AAA,ARO (Ingersoll Rand),PP20A-BSS-AAA,NEUMATICA_DOBLE_MEMBRANA,CALIDAD_PRECIO,1.953,39.06,84.6,13951.56,False,"2"" POWDER PUMP",0.0,Sin motor electrico (neumatica),0.2,,,,
ARO-PD30A-FSP-AAA-C,ARO (Ingersoll Rand),PD30A-FSP-AAA-C,NEUMATICA_DOBLE_MEMBRANA,CALIDAD_PRECIO,2.691,53.82,84.6,14101.5,False,"3"" EXP METALLIC DIAPH PUMP",0.0,Sin motor electrico (neumatica),0.2,Acero inoxidable (partes mojadas),Santoprene,,
ARO-PF20S-ASS-SVT-B,ARO (Ingersoll Rand),PF20S-ASS-SVT-B,NEUMATICA_DOBLE_MEMBRANA,PREMIUM,1.953,39.06,84.6,14140.26,False,"2"" DIAPHRAGM PUMP (FLAP)",0.0,Sin motor electrico (neumatica),0.2,,,,
ARO-6662A4-444-C,ARO (Ingersoll Rand),6662A4-444-C,NEUMATICA_DOBLE_MEMBRANA,PREMIUM,1.646,32.928,84.6,14627.82,False,"PUMP ASM, 2"" PLASTIC",0.0,Sin motor electrico (neumatica),0.2,Plástico (no metálico),,,
ARO-AS20P-FPS-PTT,ARO (Ingersoll Rand),AS20P-FPS-PTT,NEUMATICA_DOBLE_MEMBRANA,PREMIUM,1.646,32.928,84.6,15070.5,False,AS20P-FPS-PTT - ARO STATION CABINET WITH PD20P-FPS-PTT PUMP - PVC-U/EPDM,0.0,Sin motor electrico (neumatica),0.2,,EPDM,,
ARO-EB10-AGAAA-CKV-00A,ARO (Ingersoll Rand),EB10-AGAAA-CKV-00A,NEUMATICA_DOBLE_MEMBRANA,PREMIUM,0.399,7.98,84.6,15140.88,False,"1"" EVO BARE PUMP ASSY (METALLIC)",0.0,Sin motor electrico (neumatica),0.2,Aluminio,,,
ARO-EB10-CGAAA-CKV-00A,ARO (Ingersoll Rand),EB10-CGAAA-CKV-00A,NEUMATICA_DOBLE_MEMBRANA,PREMIUM,0.399,7.98,84.6,15140.88,False,"1"" EVO BARE PUMP ASSY (METALLIC)",0.0,Sin motor electrico (neumatica),0.2,Fundición (hierro fundido),,,
ARO-666321-G22-C,ARO (Ingersoll Rand),666321-G22-C,NEUMATICA_DOBLE_MEMBRANA,PREMIUM,2.691,53.82,84.6,15152.1,False,"3"" METALLIC PUMP",0.0,Sin motor electrico (neumatica),0.2,,,,
ARO-6662B4-444-C,ARO (Ingersoll Rand),6662B4-444-C,NEUMATICA_DOBLE_MEMBRANA,PREMIUM,1.646,32.928,84.6,15195.96,False,"PUMP ASM, 2"" PLASTIC",0.0,Sin motor electrico (neumatica),0.2,Plástico (no metálico),,,
ARO-EB10-AGFAA-CKV-00A,ARO (Ingersoll Rand),EB10-AGFAA-CKV-00A,NEUMATICA_DOBLE_MEMBRANA,PREMIUM,0.399,7.98,84.6,15260.22,False,"1"" EVO BARE PUMP ASSY (METALLIC)",0.0,Sin motor electrico (neumatica),0.2,Aluminio,,,
ARO-EB10-AGSAA-CKV-00A,ARO (Ingersoll Rand),EB10-AGSAA-CKV-00A,NEUMATICA_DOBLE_MEMBRANA,PREMIUM,0.399,7.98,84.6,15483.6,False,"1"" EVO BARE PUMP ASSY (METALLIC)",0.0,Sin motor electrico (neumatica),0.2,Aluminio,,,
ARO-EB10-CGSAA-CKV-00A,ARO (Ingersoll Rand),EB10-CGSAA-CKV-00A,NEUMATICA_DOBLE_MEMBRANA,PREMIUM,0.399,7.98,84.6,15483.6,False,"1"" EVO BARE PUMP ASSY (METALLIC)",0.0,Sin motor electrico (neumatica),0.2,Fundición (hierro fundido),,,
ARO-EB10-AFAAA-CKV-00A,ARO (Ingersoll Rand),EB10-AFAAA-CKV-00A,NEUMATICA_DOBLE_MEMBRANA,PREMIUM,0.399,7.98,84.6,15539.7,False,"1"" EVO BARE PUMP ASSY (METALLIC)",0.0,Sin motor electrico (neumatica),0.2,Aluminio,,,
ARO-EB10-AFAAA-CSV-00A,ARO (Ingersoll Rand),EB10-AFAAA-CSV-00A,NEUMATICA_DOBLE_MEMBRANA,PREMIUM,0.399,7.98,84.6,15539.7,False,"1"" EVO BARE PUMP ASSY (METALLIC)",0.0,Sin motor electrico (neumatica),0.2,Aluminio,,,
ARO-EB10-CFAAA-CKV-00A,ARO (Ingersoll Rand),EB10-CFAAA-CKV-00A,NEUMATICA_DOBLE_MEMBRANA,PREMIUM,0.399,7.98,84.6,15539.7,False,"1"" EVO BARE PUMP ASSY (METALLIC)",0.0,Sin motor electrico (neumatica),0.2,Fundición (hierro fundido),,,
ARO-EB10-CFAAA-CSV-00A,ARO (Ingersoll Rand),EB10-CFAAA-CSV-00A,NEUMATICA_DOBLE_MEMBRANA,PREMIUM,0.399,7.98,84.6,15539.7,False,"1"" EVO BARE PUMP ASSY (METALLIC)",0.0,Sin motor electrico (neumatica),0.2,Fundición (hierro fundido),,,
ARO-EB10-AGHAA-CKV-00A,ARO (Ingersoll Rand),EB10-AGHAA-CKV-00A,NEUMATICA_DOBLE_MEMBRANA,PREMIUM,0.399,7.98,84.6,15619.26,False,"1"" EVO BARE PUMP ASSY (METALLIC)",0.0,Sin motor electrico (neumatica),0.2,Aluminio,,,
ARO-EB10-CGHAA-CKV-00A,ARO (Ingersoll Rand),EB10-CGHAA-CKV-00A,NEUMATICA_DOBLE_MEMBRANA,PREMIUM,0.399,7.98,84.6,15619.26,False,"1"" EVO BARE PUMP ASSY (METALLIC)",0.0,Sin motor electrico (neumatica),0.2,Fundición (hierro fundido),,,
ARO-EB10-AFFAA-CKV-00A,ARO (Ingersoll Rand),EB10-AFFAA-CKV-00A,NEUMATICA_DOBLE_MEMBRANA,PREMIUM,0.399,7.98,84.6,15660.06,False,"1"" EVO BARE PUMP ASSY (METALLIC)",0.0,Sin motor electrico (neumatica),0.2,Aluminio,,,
ARO-EB10-AFFAA-CSV-00A,ARO (Ingersoll Rand),EB10-AFFAA-CSV-00A,NEUMATICA_DOBLE_MEMBRANA,PREMIUM,0.399,7.98,84.6,15660.06,False,"1"" EVO BARE PUMP ASSY (METALLIC)",0.0,Sin motor electrico (neumatica),0.2,Aluminio,,,
ARO-PD20S-BSS-STT-B,ARO (Ingersoll Rand),PD20S-BSS-STT-B,NEUMATICA_DOBLE_MEMBRANA,PREMIUM,1.953,39.06,84.6,15804.9,False,"2"" DIAPHRAGM PUMP ASM",0.0,Sin motor electrico (neumatica),0.2,,,,
ARO-PD20P-YKS-KTT,ARO (Ingersoll Rand),PD20P-YKS-KTT,NEUMATICA_DOBLE_MEMBRANA,PREMIUM,1.646,32.928,84.6,15840.6,False,"2"" PUMP ASM - RESTRICTED",0.0,Sin motor electrico (neumatica),0.2,Polipropileno (no metálica),PTFE (Teflón),,
ARO-PD20E-FNS-KTT-A,ARO (Ingersoll Rand),PD20E-FNS-KTT-A,NEUMATICA_DOBLE_MEMBRANA,PREMIUM,1.953,39.06,84.6,15861.0,False,"2"" PUMP ASSY, RESTRICTED",0.0,Sin motor electrico (neumatica),0.2,,,,
ARO-EB10-AFSAA-CKV-00A,ARO (Ingersoll Rand),EB10-AFSAA-CKV-00A,NEUMATICA_DOBLE_MEMBRANA,PREMIUM,0.399,7.98,84.6,15882.42,False,"1"" EVO BARE PUMP ASSY (METALLIC)",0.0,Sin motor electrico (neumatica),0.2,Aluminio,,,
ARO-EB10-AFSAA-CSV-00A,ARO (Ingersoll Rand),EB10-AFSAA-CSV-00A,NEUMATICA_DOBLE_MEMBRANA,PREMIUM,0.399,7.98,84.6,15882.42,False,"1"" EVO BARE PUMP ASSY (METALLIC)",0.0,Sin motor electrico (neumatica),0.2,Aluminio,,,
ARO-EB10-CFSAA-CKV-00A,ARO (Ingersoll Rand),EB10-CFSAA-CKV-00A,NEUMATICA_DOBLE_MEMBRANA,PREMIUM,0.399,7.98,84.6,15882.42,False,"1"" EVO BARE PUMP ASSY (METALLIC)",0.0,Sin motor electrico (neumatica),0.2,Fundición (hierro fundido),,,
ARO-EB10-CFSAA-CSV-00A,ARO (Ingersoll Rand),EB10-CFSAA-CSV-00A,NEUMATICA_DOBLE_MEMBRANA,PREMIUM,0.399,7.98,84.6,15882.42,False,"1"" EVO BARE PUMP ASSY (METALLIC)",0.0,Sin motor electrico (neumatica),0.2,Fundición (hierro fundido),,,
ARO-EB10-AGFTT-CKV-00A,ARO (Ingersoll Rand),EB10-AGFTT-CKV-00A,NEUMATICA_DOBLE_MEMBRANA,PREMIUM,0.399,7.98,84.6,15986.46,False,"1"" EVO BARE PUMP ASSY (METALLIC)",0.0,Sin motor electrico (neumatica),0.2,Aluminio,,,
ARO-EB10-AFHAA-CKV-00A,ARO (Ingersoll Rand),EB10-AFHAA-CKV-00A,NEUMATICA_DOBLE_MEMBRANA,PREMIUM,0.399,7.98,84.6,16019.1,False,"1"" EVO BARE PUMP ASSY (METALLIC)",0.0,Sin motor electrico (neumatica),0.2,Aluminio,,,
ARO-EB10-AFHAA-CSV-00A,ARO (Ingersoll Rand),EB10-AFHAA-CSV-00A,NEUMATICA_DOBLE_MEMBRANA,PREMIUM,0.399,7.98,84.6,16019.1,False,"1"" EVO BARE PUMP ASSY (METALLIC)",0.0,Sin motor electrico (neumatica),0.2,Aluminio,,,
ARO-EB10-CFHAA-CKV-00A,ARO (Ingersoll Rand),EB10-CFHAA-CKV-00A,NEUMATICA_DOBLE_MEMBRANA,PREMIUM,0.399,7.98,84.6,16019.1,False,"1"" EVO BARE PUMP ASSY (METALLIC)",0.0,Sin motor electrico (neumatica),0.2,Fundición (hierro fundido),,,
ARO-EB10-CFHAA-CSV-00A,ARO (Ingersoll Rand),EB10-CFHAA-CSV-00A,NEUMATICA_DOBLE_MEMBRANA,PREMIUM,0.399,7.98,84.6,16019.1,False,"1"" EVO BARE PUMP ASSY (METALLIC)",0.0,Sin motor electrico (neumatica),0.2,Fundición (hierro fundido),,,
ARO-PD30A-BSS-SAA-C,ARO (Ingersoll Rand),PD30A-BSS-SAA-C,NEUMATICA_DOBLE_MEMBRANA,PREMIUM,2.691,53.82,84.6,16176.18,False,3 IN METALLIC PUMP,0.0,Sin motor electrico (neumatica),0.2,Acero inoxidable (partes mojadas),Santoprene,,
ARO-PD30A-BSS-GGG-C,ARO (Ingersoll Rand),PD30A-BSS-GGG-C,NEUMATICA_DOBLE_MEMBRANA,PREMIUM,2.691,53.82,84.6,16199.64,False,3 IN EXP METALLIC DIAPH PUMP BSP,0.0,Sin motor electrico (neumatica),0.2,Acero inoxidable (partes mojadas),Nitrilo (NBR/Buna-N),,
ARO-PD20P-FKS-KAA,ARO (Ingersoll Rand),PD20P-FKS-KAA,NEUMATICA_DOBLE_MEMBRANA,PREMIUM,1.646,32.928,84.6,16204.74,False,2 PUMP ASM,0.0,Sin motor electrico (neumatica),0.2,Polipropileno (no metálica),Santoprene,,
ARO-PD30R-FSS-AAA-C,ARO (Ingersoll Rand),PD30R-FSS-AAA-C,NEUMATICA_DOBLE_MEMBRANA,PREMIUM,2.691,53.82,84.6,16238.4,False,"3"" DIAPHRAGM PUMP",0.0,Sin motor electrico (neumatica),0.2,Polipropileno (centro) con cabezales metálicos,Santoprene,,
ARO-PD20P-FKS-KVV,ARO (Ingersoll Rand),PD20P-FKS-KVV,NEUMATICA_DOBLE_MEMBRANA,PREMIUM,1.646,32.928,84.6,16349.58,False,"2"" PUMP ASM - RESTRICTED",0.0,Sin motor electrico (neumatica),0.2,Polipropileno (no metálica),,,
ARO-EB10-AFFTT-CKV-00A,ARO (Ingersoll Rand),EB10-AFFTT-CKV-00A,NEUMATICA_DOBLE_MEMBRANA,PREMIUM,0.399,7.98,84.6,16385.28,False,"1"" EVO BARE PUMP ASSY (METALLIC)",0.0,Sin motor electrico (neumatica),0.2,Aluminio,,,
ARO-EB10-AFFTT-CSV-00A,ARO (Ingersoll Rand),EB10-AFFTT-CSV-00A,NEUMATICA_DOBLE_MEMBRANA,PREMIUM,0.399,7.98,84.6,16385.28,False,"1"" EVO BARE PUMP ASSY (METALLIC)",0.0,Sin motor electrico (neumatica),0.2,Aluminio,,,
ARO-PD30A-ASS-STT-C,ARO (Ingersoll Rand),PD30A-ASS-STT-C,NEUMATICA_DOBLE_MEMBRANA,PREMIUM,2.691,53.82,84.6,16469.94,False,3” SS/PTFE PUMP,0.0,Sin motor electrico (neumatica),0.2,Aluminio (centro) / Acero inoxidable (cabezales-mojado),PTFE (Teflón),,
ARO-EB10-CGHST-CKV-00A,ARO (Ingersoll Rand),EB10-CGHST-CKV-00A,NEUMATICA_DOBLE_MEMBRANA,PREMIUM,0.399,7.98,84.6,16533.18,False,"1"" EVO BARE PUMP ASSY (METALLIC)",0.0,Sin motor electrico (neumatica),0.2,Fundición (hierro fundido),,,
ARO-PD30A-BSS-AAA-C,ARO (Ingersoll Rand),PD30A-BSS-AAA-C,NEUMATICA_DOBLE_MEMBRANA,PREMIUM,2.691,53.82,84.6,16557.66,False,3 IN EXP METALLIC DIAPH PUMP BSP,0.0,Sin motor electrico (neumatica),0.2,Acero inoxidable (partes mojadas),Santoprene,,
ARO-EB10-PGPAA-CKV-00A,ARO (Ingersoll Rand),EB10-PGPAA-CKV-00A,NEUMATICA_DOBLE_MEMBRANA,PREMIUM,0.399,7.98,84.6,16573.98,False,"1"" EVO BARE PUMP ASSY (NON-METALLIC)",0.0,Sin motor electrico (neumatica),0.2,Polipropileno (no metálica),,,
ARO-PD20E-FNS-KAA-A,ARO (Ingersoll Rand),PD20E-FNS-KAA-A,NEUMATICA_DOBLE_MEMBRANA,PREMIUM,1.953,39.06,84.6,16609.68,False,"2"" PUMP ASSY",0.0,Sin motor electrico (neumatica),0.2,,,,
ARO-PD30A-DSS-STT-C,ARO (Ingersoll Rand),PD30A-DSS-STT-C,NEUMATICA_DOBLE_MEMBRANA,PREMIUM,2.691,53.82,84.6,16704.54,False,"3"" DIAPHRAGM PUMP ASM",0.0,Sin motor electrico (neumatica),0.2,Acero inoxidable (partes mojadas),PTFE (Teflón),,
ARO-PZ20S-BSS-STP-B,ARO (Ingersoll Rand),PZ20S-BSS-STP-B,NEUMATICA_DOBLE_MEMBRANA,PREMIUM,1.953,39.06,84.6,16750.44,False,"2"" DIAPHRAGM PUMP ASM (METALLIC)",0.0,Sin motor electrico (neumatica),0.2,,,,
ARO-EB10-PGSAA-CKV-00A,ARO (Ingersoll Rand),EB10-PGSAA-CKV-00A,NEUMATICA_DOBLE_MEMBRANA,PREMIUM,0.399,7.98,84.6,16779.0,False,"1"" EVO BARE PUMP ASSY (NON-METALLIC)",0.0,Sin motor electrico (neumatica),0.2,Polipropileno (no metálica),,,
ARO-EB10-PGPTA-CKV-00A,ARO (Ingersoll Rand),EB10-PGPTA-CKV-00A,NEUMATICA_DOBLE_MEMBRANA,PREMIUM,0.399,7.98,84.6,16781.04,False,"1"" EVO BARE PUMP ASSY (NON-METALLIC)",0.0,Sin motor electrico (neumatica),0.2,Polipropileno (no metálica),,,
ARO-PD30A-BSS-KTT-C,ARO (Ingersoll Rand),PD30A-BSS-KTT-C,NEUMATICA_DOBLE_MEMBRANA,PREMIUM,2.691,53.82,84.6,16814.7,False,3 IN EXP METALLIC DIAPH PUMP BSP,0.0,Sin motor electrico (neumatica),0.2,Acero inoxidable (partes mojadas),PTFE (Teflón),,
ARO-EB10-PGHAA-CKV-00A,ARO (Ingersoll Rand),EB10-PGHAA-CKV-00A,NEUMATICA_DOBLE_MEMBRANA,PREMIUM,0.399,7.98,84.6,16916.7,False,"1"" EVO BARE PUMP ASSY (NON-METALLIC)",0.0,Sin motor electrico (neumatica),0.2,Polipropileno (no metálica),,,
ARO-EB10-CFHST-CKV-00A,ARO (Ingersoll Rand),EB10-CFHST-CKV-00A,NEUMATICA_DOBLE_MEMBRANA,PREMIUM,0.399,7.98,84.6,16933.02,False,"1"" EVO BARE PUMP ASSY (METALLIC)",0.0,Sin motor electrico (neumatica),0.2,Fundición (hierro fundido),,,
ARO-EB10-CFHST-CSV-00A,ARO (Ingersoll Rand),EB10-CFHST-CSV-00A,NEUMATICA_DOBLE_MEMBRANA,PREMIUM,0.399,7.98,84.6,16933.02,False,"1"" EVO BARE PUMP ASSY (METALLIC)",0.0,Sin motor electrico (neumatica),0.2,Fundición (hierro fundido),,,
ARO-EB10-PFPAA-CKV-00A,ARO (Ingersoll Rand),EB10-PFPAA-CKV-00A,NEUMATICA_DOBLE_MEMBRANA,PREMIUM,0.399,7.98,84.6,16972.8,False,"1"" EVO BARE PUMP ASSY (NON-METALLIC)",0.0,Sin motor electrico (neumatica),0.2,Polipropileno (no metálica),,,
ARO-EB10-PFPAA-CSV-00A,ARO (Ingersoll Rand),EB10-PFPAA-CSV-00A,NEUMATICA_DOBLE_MEMBRANA,PREMIUM,0.399,7.98,84.6,16972.8,False,"1"" EVO BARE PUMP ASSY (NON-METALLIC)",0.0,Sin motor electrico (neumatica),0.2,Polipropileno (no metálica),,,
ARO-PD30A-BSS-SGG-C,ARO (Ingersoll Rand),PD30A-BSS-SGG-C,NEUMATICA_DOBLE_MEMBRANA,PREMIUM,2.691,53.82,84.6,17003.4,False,"3"" EXP SST PUMP",0.0,Sin motor electrico (neumatica),0.2,Acero inoxidable (partes mojadas),Nitrilo (NBR/Buna-N),,
ARO-PD30R-BSS-AAA-C,ARO (Ingersoll Rand),PD30R-BSS-AAA-C,NEUMATICA_DOBLE_MEMBRANA,PREMIUM,2.691,53.82,84.6,17044.2,False,"3"" DIAPHRAGM PUMP",0.0,Sin motor electrico (neumatica),0.2,Polipropileno (centro) con cabezales metálicos,Santoprene,,
ARO-PD30A-BSS-AAA-B,ARO (Ingersoll Rand),PD30A-BSS-AAA-B,NEUMATICA_DOBLE_MEMBRANA,PREMIUM,2.691,53.82,84.6,17088.06,False,"PUMP ASM (3"" METAL DIAPHRAGM PUMP)",0.0,Sin motor electrico (neumatica),0.2,Acero inoxidable (partes mojadas),Santoprene,,
ARO-EB10-PFSAA-CKV-00A,ARO (Ingersoll Rand),EB10-PFSAA-CKV-00A,NEUMATICA_DOBLE_MEMBRANA,PREMIUM,0.399,7.98,84.6,17177.82,False,"1"" EVO BARE PUMP ASSY (NON-METALLIC)",0.0,Sin motor electrico (neumatica),0.2,Polipropileno (no metálica),,,
ARO-EB10-PFSAA-CSV-00A,ARO (Ingersoll Rand),EB10-PFSAA-CSV-00A,NEUMATICA_DOBLE_MEMBRANA,PREMIUM,0.399,7.98,84.6,17177.82,False,"1"" EVO BARE PUMP ASSY (NON-METALLIC)",0.0,Sin motor electrico (neumatica),0.2,Polipropileno (no metálica),,,
ARO-EB10-PFPTA-CKV-00A,ARO (Ingersoll Rand),EB10-PFPTA-CKV-00A,NEUMATICA_DOBLE_MEMBRANA,PREMIUM,0.399,7.98,84.6,17179.86,False,"1"" EVO BARE PUMP ASSY (NON-METALLIC)",0.0,Sin motor electrico (neumatica),0.2,Polipropileno (no metálica),,,
ARO-EB10-PFPTA-CSV-00A,ARO (Ingersoll Rand),EB10-PFPTA-CSV-00A,NEUMATICA_DOBLE_MEMBRANA,PREMIUM,0.399,7.98,84.6,17179.86,False,"1"" EVO BARE PUMP ASSY (NON-METALLIC)",0.0,Sin motor electrico (neumatica),0.2,Polipropileno (no metálica),,,
ARO-EB10-PGSSA-CKV-00A,ARO (Ingersoll Rand),EB10-PGSSA-CKV-00A,NEUMATICA_DOBLE_MEMBRANA,PREMIUM,0.399,7.98,84.6,17181.9,False,"1"" EVO BARE PUMP ASSY (NON-METALLIC)",0.0,Sin motor electrico (neumatica),0.2,Polipropileno (no metálica),,,
ARO-PD30S-ASS-AAA-C,ARO (Ingersoll Rand),PD30S-ASS-AAA-C,NEUMATICA_DOBLE_MEMBRANA,PREMIUM,2.691,53.82,84.6,17232.9,False,3 IN EXP METALLIC DIAPH PUMP,0.0,Sin motor electrico (neumatica),0.2,,,,
ARO-PD20P-FKS-KTT,ARO (Ingersoll Rand),PD20P-FKS-KTT,NEUMATICA_DOBLE_MEMBRANA,PREMIUM,1.646,32.928,84.6,17291.04,False,"2"" PUMP ASM - RESTRICTED",0.0,Sin motor electrico (neumatica),0.2,Polipropileno (no metálica),PTFE (Teflón),,
ARO-EB10-PGPTT-CKV-00A,ARO (Ingersoll Rand),EB10-PGPTT-CKV-00A,NEUMATICA_DOBLE_MEMBRANA,PREMIUM,0.399,7.98,84.6,17300.22,False,"1"" EVO BARE PUMP ASSY (NON-METALLIC)",0.0,Sin motor electrico (neumatica),0.2,Polipropileno (no metálica),,,
ARO-EB10-PFHAA-CKV-00A,ARO (Ingersoll Rand),EB10-PFHAA-CKV-00A,NEUMATICA_DOBLE_MEMBRANA,PREMIUM,0.399,7.98,84.6,17316.54,False,"1"" EVO BARE PUMP ASSY (NON-METALLIC)",0.0,Sin motor electrico (neumatica),0.2,Polipropileno (no metálica),,,
ARO-EB10-PFHAA-CSV-00A,ARO (Ingersoll Rand),EB10-PFHAA-CSV-00A,NEUMATICA_DOBLE_MEMBRANA,PREMIUM,0.399,7.98,84.6,17316.54,False,"1"" EVO BARE PUMP ASSY (NON-METALLIC)",0.0,Sin motor electrico (neumatica),0.2,Polipropileno (no metálica),,,
ARO-PH30F-ASP-SAA-C,ARO (Ingersoll Rand),PH30F-ASP-SAA-C,NEUMATICA_DOBLE_MEMBRANA,PREMIUM,2.691,53.82,84.6,17318.58,False,"3"" DIAPHRAGM PUMP (2:1)",0.0,Sin motor electrico (neumatica),0.2,,,,
ARO-PD20P-YKS-KAA,ARO (Ingersoll Rand),PD20P-YKS-KAA,NEUMATICA_DOBLE_MEMBRANA,PREMIUM,1.646,32.928,84.6,17420.58,False,"2"" PUMP ASM",0.0,Sin motor electrico (neumatica),0.2,Polipropileno (no metálica),Santoprene,,
ARO-PW20P-YKS-KAA,ARO (Ingersoll Rand),PW20P-YKS-KAA,NEUMATICA_DOBLE_MEMBRANA,PREMIUM,1.953,39.06,84.6,17443.02,False,"2"" PUMP ASM",0.0,Sin motor electrico (neumatica),0.2,,,,
ARO-EB10-SGHAA-CKV-00A,ARO (Ingersoll Rand),EB10-SGHAA-CKV-00A,NEUMATICA_DOBLE_MEMBRANA,PREMIUM,0.399,7.98,84.6,17447.1,False,"1"" EVO BARE PUMP ASSY (METALLIC)",0.0,Sin motor electrico (neumatica),0.2,Acero inoxidable,,,
ARO-PD30S-FSS-AAA-C,ARO (Ingersoll Rand),PD30S-FSS-AAA-C,NEUMATICA_DOBLE_MEMBRANA,PREMIUM,2.691,53.82,84.6,17467.5,False,3 IN EXP METALLIC DIAPH PUMP,0.0,Sin motor electrico (neumatica),0.2,,,,
ARO-EB10-PGSTT-CKV-00A,ARO (Ingersoll Rand),EB10-PGSTT-CKV-00A,NEUMATICA_DOBLE_MEMBRANA,PREMIUM,0.399,7.98,84.6,17505.24,False,"1"" EVO BARE PUMP ASSY (NON-METALLIC)",0.0,Sin motor electrico (neumatica),0.2,Polipropileno (no metálica),,,
ARO-EB10-PFSSA-CKV-00A,ARO (Ingersoll Rand),EB10-PFSSA-CKV-00A,NEUMATICA_DOBLE_MEMBRANA,PREMIUM,0.399,7.98,84.6,17581.74,False,"1"" EVO BARE PUMP ASSY (NON-METALLIC)",0.0,Sin motor electrico (neumatica),0.2,Polipropileno (no metálica),,,
ARO-EB10-PFSSA-CSV-00A,ARO (Ingersoll Rand),EB10-PFSSA-CSV-00A,NEUMATICA_DOBLE_MEMBRANA,PREMIUM,0.399,7.98,84.6,17581.74,False,"1"" EVO BARE PUMP ASSY (NON-METALLIC)",0.0,Sin motor electrico (neumatica),0.2,Polipropileno (no metálica),,,
ARO-EB10-PFPTT-CKV-00A,ARO (Ingersoll Rand),EB10-PFPTT-CKV-00A,NEUMATICA_DOBLE_MEMBRANA,PREMIUM,0.399,7.98,84.6,17699.04,False,"1"" EVO BARE PUMP ASSY (NON-METALLIC)",0.0,Sin motor electrico (neumatica),0.2,Polipropileno (no metálica),,,
ARO-EB10-PFPTT-CSV-00A,ARO (Ingersoll Rand),EB10-PFPTT-CSV-00A,NEUMATICA_DOBLE_MEMBRANA,PREMIUM,0.399,7.98,84.6,17699.04,False,"1"" EVO BARE PUMP ASSY (NON-METALLIC)",0.0,Sin motor electrico (neumatica),0.2,Polipropileno (no metálica),,,
ARO-EB10-PGSST-CKV-00A,ARO (Ingersoll Rand),EB10-PGSST-CKV-00A,NEUMATICA_DOBLE_MEMBRANA,PREMIUM,0.399,7.98,84.6,17700.06,False,"1"" EVO BARE PUMP ASSY (NON-METALLIC)",0.0,Sin motor electrico (neumatica),0.2,Polipropileno (no metálica),,,
ARO-EB10-SGSSA-CKV-00A,ARO (Ingersoll Rand),EB10-SGSSA-CKV-00A,NEUMATICA_DOBLE_MEMBRANA,PREMIUM,0.399,7.98,84.6,17709.24,False,"1"" EVO BARE PUMP ASSY (METALLIC)",0.0,Sin motor electrico (neumatica),0.2,Acero inoxidable,,,
ARO-PZ20S-FSS-STT-B,ARO (Ingersoll Rand),PZ20S-FSS-STT-B,NEUMATICA_DOBLE_MEMBRANA,PREMIUM,1.953,39.06,84.6,17743.92,False,"2"" DIAPHRAGM PUMP ASM (METALLIC)",0.0,Sin motor electrico (neumatica),0.2,,,,
ARO-EB10-SFHAA-CKV-00A,ARO (Ingersoll Rand),EB10-SFHAA-CKV-00A,NEUMATICA_DOBLE_MEMBRANA,PREMIUM,0.399,7.98,84.6,17845.92,False,"1"" EVO BARE PUMP ASSY (METALLIC)",0.0,Sin motor electrico (neumatica),0.2,Acero inoxidable,,,
ARO-EB10-SFHAA-CSV-00A,ARO (Ingersoll Rand),EB10-SFHAA-CSV-00A,NEUMATICA_DOBLE_MEMBRANA,PREMIUM,0.399,7.98,84.6,17845.92,False,"1"" EVO BARE PUMP ASSY (METALLIC)",0.0,Sin motor electrico (neumatica),0.2,Acero inoxidable,,,
ARO-EB10-SGHSA-CKV-00A,ARO (Ingersoll Rand),EB10-SGHSA-CKV-00A,NEUMATICA_DOBLE_MEMBRANA,PREMIUM,0.399,7.98,84.6,17845.92,False,"1"" EVO BARE PUMP ASSY (METALLIC)",0.0,Sin motor electrico (neumatica),0.2,Acero inoxidable,,,
ARO-EB10-PFSTT-CKV-00A,ARO (Ingersoll Rand),EB10-PFSTT-CKV-00A,NEUMATICA_DOBLE_MEMBRANA,PREMIUM,0.399,7.98,84.6,17904.06,False,"1"" EVO BARE PUMP ASSY (NON-METALLIC)",0.0,Sin motor electrico (neumatica),0.2,Polipropileno (no metálica),,,
ARO-EB10-PFSTT-CSV-00A,ARO (Ingersoll Rand),EB10-PFSTT-CSV-00A,NEUMATICA_DOBLE_MEMBRANA,PREMIUM,0.399,7.98,84.6,17904.06,False,"1"" EVO BARE PUMP ASSY (NON-METALLIC)",0.0,Sin motor electrico (neumatica),0.2,Polipropileno (no metálica),,,
ARO-PD30S-FSS-CCC-C,ARO (Ingersoll Rand),PD30S-FSS-CCC-C,NEUMATICA_DOBLE_MEMBRANA,PREMIUM,2.691,53.82,84.6,17925.48,False,3 IN EXP METALLIC DIAPH PUMP,0.0,Sin motor electrico (neumatica),0.2,,,,
ARO-EB10-SGSTT-CKV-00A,ARO (Ingersoll Rand),EB10-SGSTT-CKV-00A,NEUMATICA_DOBLE_MEMBRANA,PREMIUM,0.399,7.98,84.6,18029.52,False,"1"" EVO BARE PUMP ASSY (METALLIC)",0.0,Sin motor electrico (neumatica),0.2,Acero inoxidable,,,
ARO-EB10-PFSST-CKV-00A,ARO (Ingersoll Rand),EB10-PFSST-CKV-00A,NEUMATICA_DOBLE_MEMBRANA,PREMIUM,0.399,7.98,84.6,18099.9,False,"1"" EVO BARE PUMP ASSY (NON-METALLIC)",0.0,Sin motor electrico (neumatica),0.2,Polipropileno (no metálica),,,
ARO-EB10-PFSST-CSV-00A,ARO (Ingersoll Rand),EB10-PFSST-CSV-00A,NEUMATICA_DOBLE_MEMBRANA,PREMIUM,0.399,7.98,84.6,18099.9,False,"1"" EVO BARE PUMP ASSY (NON-METALLIC)",0.0,Sin motor electrico (neumatica),0.2,Polipropileno (no metálica),,,
ARO-EB20-AGAAA-CKV-00A,ARO (Ingersoll Rand),EB20-AGAAA-CKV-00A,NEUMATICA_DOBLE_MEMBRANA,PREMIUM,1.953,39.06,84.6,18107.04,False,"2"" EVO BARE PUMP ASSY (METALLIC)",0.0,Sin motor electrico (neumatica),0.2,Aluminio,,,
ARO-EB20-CGAAA-CKV-00A,ARO (Ingersoll Rand),EB20-CGAAA-CKV-00A,NEUMATICA_DOBLE_MEMBRANA,PREMIUM,1.953,39.06,84.6,18107.04,False,"2"" EVO BARE PUMP ASSY (METALLIC)",0.0,Sin motor electrico (neumatica),0.2,Fundición (hierro fundido),,,
ARO-EB10-SFSSA-CKV-00A,ARO (Ingersoll Rand),EB10-SFSSA-CKV-00A,NEUMATICA_DOBLE_MEMBRANA,PREMIUM,0.399,7.98,84.6,18109.08,False,"1"" EVO BARE PUMP ASSY (METALLIC)",0.0,Sin motor electrico (neumatica),0.2,Acero inoxidable,,,
ARO-EB10-SFSSA-CSV-00A,ARO (Ingersoll Rand),EB10-SFSSA-CSV-00A,NEUMATICA_DOBLE_MEMBRANA,PREMIUM,0.399,7.98,84.6,18109.08,False,"1"" EVO BARE PUMP ASSY (METALLIC)",0.0,Sin motor electrico (neumatica),0.2,Acero inoxidable,,,
ARO-EB10-SGHTT-CKV-00A,ARO (Ingersoll Rand),EB10-SGHTT-CKV-00A,NEUMATICA_DOBLE_MEMBRANA,PREMIUM,0.399,7.98,84.6,18165.18,False,"1"" EVO BARE PUMP ASSY (METALLIC)",0.0,Sin motor electrico (neumatica),0.2,Acero inoxidable,,,
ARO-EB10-SGSST-CKV-00A,ARO (Ingersoll Rand),EB10-SGSST-CKV-00A,NEUMATICA_DOBLE_MEMBRANA,PREMIUM,0.399,7.98,84.6,18223.32,False,"1"" EVO BARE PUMP ASSY (METALLIC)",0.0,Sin motor electrico (neumatica),0.2,Acero inoxidable,,,
ARO-EB20-AGFAA-CKV-00A,ARO (Ingersoll Rand),EB20-AGFAA-CKV-00A,NEUMATICA_DOBLE_MEMBRANA,PREMIUM,1.953,39.06,84.6,18226.38,False,"2"" EVO BARE PUMP ASSY (METALLIC)",0.0,Sin motor electrico (neumatica),0.2,Aluminio,,,
ARO-EB10-SFHSA-CKV-00A,ARO (Ingersoll Rand),EB10-SFHSA-CKV-00A,NEUMATICA_DOBLE_MEMBRANA,PREMIUM,0.399,7.98,84.6,18245.76,False,"1"" EVO BARE PUMP ASSY (METALLIC)",0.0,Sin motor electrico (neumatica),0.2,Acero inoxidable,,,
ARO-EB10-SFHSA-CSV-00A,ARO (Ingersoll Rand),EB10-SFHSA-CSV-00A,NEUMATICA_DOBLE_MEMBRANA,PREMIUM,0.399,7.98,84.6,18245.76,False,"1"" EVO BARE PUMP ASSY (METALLIC)",0.0,Sin motor electrico (neumatica),0.2,Acero inoxidable,,,
ARO-EP10-SFSTT-CSV-00A,ARO (Ingersoll Rand),EP10-SFSTT-CSV-00A,NEUMATICA_DOBLE_MEMBRANA,PREMIUM,0.399,7.98,84.6,18245.76,False,"1"" EVO PUMP ASSY (METALLIC)",0.0,Sin motor electrico (neumatica),0.2,Acero inoxidable,,,
ARO-PW20P-YKS-KTT,ARO (Ingersoll Rand),PW20P-YKS-KTT,NEUMATICA_DOBLE_MEMBRANA,PREMIUM,1.953,39.06,84.6,18248.82,False,"2"" PUMP ASM - RESTRICTED",0.0,Sin motor electrico (neumatica),0.2,,,,
ARO-PD20P-YKS-KTL,ARO (Ingersoll Rand),PD20P-YKS-KTL,NEUMATICA_DOBLE_MEMBRANA,PREMIUM,1.646,32.928,84.6,18320.22,False,"2"" PUMP ASM - RESTRICTED",0.0,Sin motor electrico (neumatica),0.2,Polipropileno (no metálica),,,
ARO-EB10-SGHST-CKV-00A,ARO (Ingersoll Rand),EB10-SGHST-CKV-00A,NEUMATICA_DOBLE_MEMBRANA,PREMIUM,0.399,7.98,84.6,18360.0,False,"1"" EVO BARE PUMP ASSY (METALLIC)",0.0,Sin motor electrico (neumatica),0.2,Acero inoxidable,,,
ARO-EB10-SFSTT-CKV-00A,ARO (Ingersoll Rand),EB10-SFSTT-CKV-00A,NEUMATICA_DOBLE_MEMBRANA,PREMIUM,0.399,7.98,84.6,18428.34,False,"1"" EVO BARE PUMP ASSY (METALLIC)",0.0,Sin motor electrico (neumatica),0.2,Acero inoxidable,,,
ARO-EB10-SFSTT-CSV-00A,ARO (Ingersoll Rand),EB10-SFSTT-CSV-00A,NEUMATICA_DOBLE_MEMBRANA,PREMIUM,0.399,7.98,84.6,18428.34,False,"1"" EVO BARE PUMP ASSY (METALLIC)",0.0,Sin motor electrico (neumatica),0.2,Acero inoxidable,,,
ARO-666321-2EB-C,ARO (Ingersoll Rand),666321-2EB-C,NEUMATICA_DOBLE_MEMBRANA,PREMIUM,2.691,53.82,84.6,18543.6,False,"3"" METALLIC PUMP",0.0,Sin motor electrico (neumatica),0.2,,Santoprene,,
ARO-EB10-SFHTT-CKV-00A,ARO (Ingersoll Rand),EB10-SFHTT-CKV-00A,NEUMATICA_DOBLE_MEMBRANA,PREMIUM,0.399,7.98,84.6,18565.02,False,"1"" EVO BARE PUMP ASSY (METALLIC)",0.0,Sin motor electrico (neumatica),0.2,Acero inoxidable,,,
ARO-EB10-SFHTT-CSV-00A,ARO (Ingersoll Rand),EB10-SFHTT-CSV-00A,NEUMATICA_DOBLE_MEMBRANA,PREMIUM,0.399,7.98,84.6,18565.02,False,"1"" EVO BARE PUMP ASSY (METALLIC)",0.0,Sin motor electrico (neumatica),0.2,Acero inoxidable,,,
ARO-PE20P-YKS-KAA-ADO,ARO (Ingersoll Rand),PE20P-YKS-KAA-ADO,NEUMATICA_DOBLE_MEMBRANA,PREMIUM,1.953,39.06,84.6,18591.54,False,"2"" PUMP ASM",0.0,Sin motor electrico (neumatica),0.2,Polipropileno (no metálica),Santoprene,,
ARO-EB10-SFSST-CKV-00A,ARO (Ingersoll Rand),EB10-SFSST-CKV-00A,NEUMATICA_DOBLE_MEMBRANA,PREMIUM,0.399,7.98,84.6,18623.16,False,"1"" EVO BARE PUMP ASSY (METALLIC)",0.0,Sin motor electrico (neumatica),0.2,Acero inoxidable,,,
ARO-EB10-SFSST-CSV-00A,ARO (Ingersoll Rand),EB10-SFSST-CSV-00A,NEUMATICA_DOBLE_MEMBRANA,PREMIUM,0.399,7.98,84.6,18623.16,False,"1"" EVO BARE PUMP ASSY (METALLIC)",0.0,Sin motor electrico (neumatica),0.2,Acero inoxidable,,,
ARO-EB20-AGSAA-CKV-00A,ARO (Ingersoll Rand),EB20-AGSAA-CKV-00A,NEUMATICA_DOBLE_MEMBRANA,PREMIUM,1.953,39.06,84.6,18636.42,False,"2"" EVO BARE PUMP ASSY (METALLIC)",0.0,Sin motor electrico (neumatica),0.2,Aluminio,,,
ARO-EB20-CGSAA-CKV-00A,ARO (Ingersoll Rand),EB20-CGSAA-CKV-00A,NEUMATICA_DOBLE_MEMBRANA,PREMIUM,1.953,39.06,84.6,18636.42,False,"2"" EVO BARE PUMP ASSY (METALLIC)",0.0,Sin motor electrico (neumatica),0.2,Fundición (hierro fundido),,,
ARO-EB20-AFAAA-CKV-00A,ARO (Ingersoll Rand),EB20-AFAAA-CKV-00A,NEUMATICA_DOBLE_MEMBRANA,PREMIUM,1.953,39.06,84.6,18731.28,False,"2"" EVO BARE PUMP ASSY (METALLIC)",0.0,Sin motor electrico (neumatica),0.2,Aluminio,,,
ARO-EB20-AFAAA-CSV-00A,ARO (Ingersoll Rand),EB20-AFAAA-CSV-00A,NEUMATICA_DOBLE_MEMBRANA,PREMIUM,1.953,39.06,84.6,18731.28,False,"2"" EVO BARE PUMP ASSY (METALLIC)",0.0,Sin motor electrico (neumatica),0.2,Aluminio,,,
ARO-EB20-CFAAA-CKV-00A,ARO (Ingersoll Rand),EB20-CFAAA-CKV-00A,NEUMATICA_DOBLE_MEMBRANA,PREMIUM,1.953,39.06,84.6,18731.28,False,"2"" EVO BARE PUMP ASSY (METALLIC)",0.0,Sin motor electrico (neumatica),0.2,Fundición (hierro fundido),,,
ARO-EB20-CFAAA-CSV-00A,ARO (Ingersoll Rand),EB20-CFAAA-CSV-00A,NEUMATICA_DOBLE_MEMBRANA,PREMIUM,1.953,39.06,84.6,18731.28,False,"2"" EVO BARE PUMP ASSY (METALLIC)",0.0,Sin motor electrico (neumatica),0.2,Fundición (hierro fundido),,,
ARO-EB20-AGHAA-CKV-00A,ARO (Ingersoll Rand),EB20-AGHAA-CKV-00A,NEUMATICA_DOBLE_MEMBRANA,PREMIUM,1.953,39.06,84.6,18756.78,False,"2"" EVO BARE PUMP ASSY (METALLIC)",0.0,Sin motor electrico (neumatica),0.2,Aluminio,,,
ARO-EB20-CGHAA-CKV-00A,ARO (Ingersoll Rand),EB20-CGHAA-CKV-00A,NEUMATICA_DOBLE_MEMBRANA,PREMIUM,1.953,39.06,84.6,18756.78,False,"2"" EVO BARE PUMP ASSY (METALLIC)",0.0,Sin motor electrico (neumatica),0.2,Fundición (hierro fundido),,,
ARO-EB10-SFHST-CKV-00A,ARO (Ingersoll Rand),EB10-SFHST-CKV-00A,NEUMATICA_DOBLE_MEMBRANA,PREMIUM,0.399,7.98,84.6,18759.84,False,"1"" EVO BARE PUMP ASSY (METALLIC)",0.0,Sin motor electrico (neumatica),0.2,Acero inoxidable,,,
ARO-EB10-SFHST-CSV-00A,ARO (Ingersoll Rand),EB10-SFHST-CSV-00A,NEUMATICA_DOBLE_MEMBRANA,PREMIUM,0.399,7.98,84.6,18759.84,False,"1"" EVO BARE PUMP ASSY (METALLIC)",0.0,Sin motor electrico (neumatica),0.2,Acero inoxidable,,,
ARO-PE20P-YKS-KAA-ADF,ARO (Ingersoll Rand),PE20P-YKS-KAA-ADF,NEUMATICA_DOBLE_MEMBRANA,PREMIUM,1.953,39.06,84.6,18796.56,False,"2"" PUMP ASM",0.0,Sin motor electrico (neumatica),0.2,Polipropileno (no metálica),Santoprene,,
ARO-EB20-AFFAA-CKV-00A,ARO (Ingersoll Rand),EB20-AFFAA-CKV-00A,NEUMATICA_DOBLE_MEMBRANA,PREMIUM,1.953,39.06,84.6,18850.62,False,"2"" EVO BARE PUMP ASSY (METALLIC)",0.0,Sin motor electrico (neumatica),0.2,Aluminio,,,
ARO-EB20-AFFAA-CSV-00A,ARO (Ingersoll Rand),EB20-AFFAA-CSV-00A,NEUMATICA_DOBLE_MEMBRANA,PREMIUM,1.953,39.06,84.6,18850.62,False,"2"" EVO BARE PUMP ASSY (METALLIC)",0.0,Sin motor electrico (neumatica),0.2,Aluminio,,,
ARO-PD20E-FNS-KVV-A,ARO (Ingersoll Rand),PD20E-FNS-KVV-A,NEUMATICA_DOBLE_MEMBRANA,PREMIUM,1.953,39.06,84.6,19028.1,False,"2"" PUMP ASSY, RESTRICTED",0.0,Sin motor electrico (neumatica),0.2,,,,
ARO-PW20P-YKS-KTL,ARO (Ingersoll Rand),PW20P-YKS-KTL,NEUMATICA_DOBLE_MEMBRANA,PREMIUM,1.953,39.06,84.6,19173.96,False,"2"" PUMP ASM - RESTRICTED",0.0,Sin motor electrico (neumatica),0.2,,,,
ARO-PE20P-YKS-KTL-ADO,ARO (Ingersoll Rand),PE20P-YKS-KTL-ADO,NEUMATICA_DOBLE_MEMBRANA,PREMIUM,1.953,39.06,84.6,19229.04,False,"2"" PUMP ASM - RESTRICTED",0.0,Sin motor electrico (neumatica),0.2,Polipropileno (no metálica),,,
ARO-EB20-AFSAA-CKV-00A,ARO (Ingersoll Rand),EB20-AFSAA-CKV-00A,NEUMATICA_DOBLE_MEMBRANA,PREMIUM,1.953,39.06,84.6,19260.66,False,"2"" EVO BARE PUMP ASSY (METALLIC)",0.0,Sin motor electrico (neumatica),0.2,Aluminio,,,
ARO-EB20-AFSAA-CSV-00A,ARO (Ingersoll Rand),EB20-AFSAA-CSV-00A,NEUMATICA_DOBLE_MEMBRANA,PREMIUM,1.953,39.06,84.6,19260.66,False,"2"" EVO BARE PUMP ASSY (METALLIC)",0.0,Sin motor electrico (neumatica),0.2,Aluminio,,,
ARO-EB20-CFSAA-CKV-00A,ARO (Ingersoll Rand),EB20-CFSAA-CKV-00A,NEUMATICA_DOBLE_MEMBRANA,PREMIUM,1.953,39.06,84.6,19260.66,False,"2"" EVO BARE PUMP ASSY (METALLIC)",0.0,Sin motor electrico (neumatica),0.2,Fundición (hierro fundido),,,
ARO-EB20-CFSAA-CSV-00A,ARO (Ingersoll Rand),EB20-CFSAA-CSV-00A,NEUMATICA_DOBLE_MEMBRANA,PREMIUM,1.953,39.06,84.6,19260.66,False,"2"" EVO BARE PUMP ASSY (METALLIC)",0.0,Sin motor electrico (neumatica),0.2,Fundición (hierro fundido),,,
ARO-66632B-2EB-C,ARO (Ingersoll Rand),66632B-2EB-C,NEUMATICA_DOBLE_MEMBRANA,PREMIUM,2.691,53.82,84.6,19267.8,False,"3"" PUMP ASM",0.0,Sin motor electrico (neumatica),0.2,,Santoprene,,
ARO-PD30R-ASS-STT-C,ARO (Ingersoll Rand),PD30R-ASS-STT-C,NEUMATICA_DOBLE_MEMBRANA,PREMIUM,2.691,53.82,84.6,19286.16,False,"3"" DIAPHRAGM PUMP ASM",0.0,Sin motor electrico (neumatica),0.2,Polipropileno (centro) con cabezales metálicos,PTFE (Teflón),,
ARO-PD30A-FSS-STT-C,ARO (Ingersoll Rand),PD30A-FSS-STT-C,NEUMATICA_DOBLE_MEMBRANA,PREMIUM,2.691,53.82,84.6,19298.4,False,3 IN METALLIC PUMP,0.0,Sin motor electrico (neumatica),0.2,Acero inoxidable (partes mojadas),PTFE (Teflón),,
ARO-PD30A-BSS-STT-C,ARO (Ingersoll Rand),PD30A-BSS-STT-C,NEUMATICA_DOBLE_MEMBRANA,PREMIUM,2.691,53.82,84.6,19312.68,False,3 IN EXP METALLIC DIAPH PUMP BSP,0.0,Sin motor electrico (neumatica),0.2,Acero inoxidable (partes mojadas),PTFE (Teflón),,
ARO-PE20P-YKS-KTT-ADF,ARO (Ingersoll Rand),PE20P-YKS-KTT-ADF,NEUMATICA_DOBLE_MEMBRANA,PREMIUM,1.953,39.06,84.6,19357.56,False,"2"" PUMP ASM - RESTRICTED",0.0,Sin motor electrico (neumatica),0.2,Polipropileno (no metálica),PTFE (Teflón),,
ARO-EB20-AFHAA-CKV-00A,ARO (Ingersoll Rand),EB20-AFHAA-CKV-00A,NEUMATICA_DOBLE_MEMBRANA,PREMIUM,1.953,39.06,84.6,19381.02,False,"2"" EVO BARE PUMP ASSY (METALLIC)",0.0,Sin motor electrico (neumatica),0.2,Aluminio,,,
ARO-EB20-AFHAA-CSV-00A,ARO (Ingersoll Rand),EB20-AFHAA-CSV-00A,NEUMATICA_DOBLE_MEMBRANA,PREMIUM,1.953,39.06,84.6,19381.02,False,"2"" EVO BARE PUMP ASSY (METALLIC)",0.0,Sin motor electrico (neumatica),0.2,Aluminio,,,
ARO-EB20-CFHAA-CKV-00A,ARO (Ingersoll Rand),EB20-CFHAA-CKV-00A,NEUMATICA_DOBLE_MEMBRANA,PREMIUM,1.953,39.06,84.6,19381.02,False,"2"" EVO BARE PUMP ASSY (METALLIC)",0.0,Sin motor electrico (neumatica),0.2,Fundición (hierro fundido),,,
ARO-EB20-CFHAA-CSV-00A,ARO (Ingersoll Rand),EB20-CFHAA-CSV-00A,NEUMATICA_DOBLE_MEMBRANA,PREMIUM,1.953,39.06,84.6,19381.02,False,"2"" EVO BARE PUMP ASSY (METALLIC)",0.0,Sin motor electrico (neumatica),0.2,Fundición (hierro fundido),,,
ARO-EB20-PGPAA-CKV-00A,ARO (Ingersoll Rand),EB20-PGPAA-CKV-00A,NEUMATICA_DOBLE_MEMBRANA,PREMIUM,1.953,39.06,84.6,19660.5,False,"2"" EVO BARE PUMP ASSY (NON-METALLIC)",0.0,Sin motor electrico (neumatica),0.2,Polipropileno (no metálica),,,
ARO-PE20P-YKS-KTL-ADF,ARO (Ingersoll Rand),PE20P-YKS-KTL-ADF,NEUMATICA_DOBLE_MEMBRANA,PREMIUM,1.953,39.06,84.6,19772.7,False,"2"" PUMP ASM - RESTRICTED",0.0,Sin motor electrico (neumatica),0.2,Polipropileno (no metálica),,,
ARO-EB20-CGHST-CKV-00A,ARO (Ingersoll Rand),EB20-CGHST-CKV-00A,NEUMATICA_DOBLE_MEMBRANA,PREMIUM,1.953,39.06,84.6,20019.54,False,"2"" EVO BARE PUMP ASSY (METALLIC)",0.0,Sin motor electrico (neumatica),0.2,Fundición (hierro fundido),,,
ARO-EB20-PGPTA-CKV-00A,ARO (Ingersoll Rand),EB20-PGPTA-CKV-00A,NEUMATICA_DOBLE_MEMBRANA,PREMIUM,1.953,39.06,84.6,20021.58,False,"2"" EVO BARE PUMP ASSY (NON-METALLIC)",0.0,Sin motor electrico (neumatica),0.2,Polipropileno (no metálica),,,
ARO-EB20-PGSAA-CKV-00A,ARO (Ingersoll Rand),EB20-PGSAA-CKV-00A,NEUMATICA_DOBLE_MEMBRANA,PREMIUM,1.953,39.06,84.6,20049.12,False,"2"" EVO BARE PUMP ASSY (NON-METALLIC)",0.0,Sin motor electrico (neumatica),0.2,Polipropileno (no metálica),,,
ARO-EB20-PGHAA-CKV-00A,ARO (Ingersoll Rand),EB20-PGHAA-CKV-00A,NEUMATICA_DOBLE_MEMBRANA,PREMIUM,1.953,39.06,84.6,20170.5,False,"2"" EVO BARE PUMP ASSY (NON-METALLIC)",0.0,Sin motor electrico (neumatica),0.2,Polipropileno (no metálica),,,
ARO-PH30F-BSP-SAA-C,ARO (Ingersoll Rand),PH30F-BSP-SAA-C,NEUMATICA_DOBLE_MEMBRANA,PREMIUM,2.691,53.82,84.6,20250.06,False,"3"" DIAPHRAGM PUMP (2:1)",0.0,Sin motor electrico (neumatica),0.2,,,,
ARO-EB20-PGSST-CKV-00A,ARO (Ingersoll Rand),EB20-PGSST-CKV-00A,NEUMATICA_DOBLE_MEMBRANA,PREMIUM,1.953,39.06,84.6,20273.52,False,"2"" EVO BARE PUMP ASSY (NON-METALLIC)",0.0,Sin motor electrico (neumatica),0.2,Polipropileno (no metálica),,,
ARO-EB20-PFPAA-CKV-00A,ARO (Ingersoll Rand),EB20-PFPAA-CKV-00A,NEUMATICA_DOBLE_MEMBRANA,PREMIUM,1.953,39.06,84.6,20284.74,False,"2"" EVO BARE PUMP ASSY (NON-METALLIC)",0.0,Sin motor electrico (neumatica),0.2,Polipropileno (no metálica),,,
ARO-EB20-PFPAA-CSV-00A,ARO (Ingersoll Rand),EB20-PFPAA-CSV-00A,NEUMATICA_DOBLE_MEMBRANA,PREMIUM,1.953,39.06,84.6,20284.74,False,"2"" EVO BARE PUMP ASSY (NON-METALLIC)",0.0,Sin motor electrico (neumatica),0.2,Polipropileno (no metálica),,,
ARO-PP30A-BSS-AAA,ARO (Ingersoll Rand),PP30A-BSS-AAA,NEUMATICA_DOBLE_MEMBRANA,PREMIUM,2.691,53.82,84.6,20536.68,False,"3"" POWDER PUMP",0.0,Sin motor electrico (neumatica),0.2,,,,
ARO-PD30S-ASS-SVV-C,ARO (Ingersoll Rand),PD30S-ASS-SVV-C,NEUMATICA_DOBLE_MEMBRANA,PREMIUM,2.691,53.82,84.6,20554.02,False,3 IN EXP METALLIC DIAPH PUMP,0.0,Sin motor electrico (neumatica),0.2,,,,
ARO-EB20-PGPTT-CKV-00A,ARO (Ingersoll Rand),EB20-PGPTT-CKV-00A,NEUMATICA_DOBLE_MEMBRANA,PREMIUM,1.953,39.06,84.6,20623.38,False,"2"" EVO BARE PUMP ASSY (NON-METALLIC)",0.0,Sin motor electrico (neumatica),0.2,Polipropileno (no metálica),,,
ARO-EB20-CFHST-CKV-00A,ARO (Ingersoll Rand),EB20-CFHST-CKV-00A,NEUMATICA_DOBLE_MEMBRANA,PREMIUM,1.953,39.06,84.6,20643.78,False,"2"" EVO BARE PUMP ASSY (METALLIC)",0.0,Sin motor electrico (neumatica),0.2,Fundición (hierro fundido),,,
ARO-EB20-CFHST-CSV-00A,ARO (Ingersoll Rand),EB20-CFHST-CSV-00A,NEUMATICA_DOBLE_MEMBRANA,PREMIUM,1.953,39.06,84.6,20643.78,False,"2"" EVO BARE PUMP ASSY (METALLIC)",0.0,Sin motor electrico (neumatica),0.2,Fundición (hierro fundido),,,
ARO-EB20-PFPTA-CKV-00A,ARO (Ingersoll Rand),EB20-PFPTA-CKV-00A,NEUMATICA_DOBLE_MEMBRANA,PREMIUM,1.953,39.06,84.6,20645.82,False,"2"" EVO BARE PUMP ASSY (NON-METALLIC)",0.0,Sin motor electrico (neumatica),0.2,Polipropileno (no metálica),,,
ARO-EB20-PFPTA-CSV-00A,ARO (Ingersoll Rand),EB20-PFPTA-CSV-00A,NEUMATICA_DOBLE_MEMBRANA,PREMIUM,1.953,39.06,84.6,20645.82,False,"2"" EVO BARE PUMP ASSY (NON-METALLIC)",0.0,Sin motor electrico (neumatica),0.2,Polipropileno (no metálica),,,
ARO-EB20-PFSAA-CKV-00A,ARO (Ingersoll Rand),EB20-PFSAA-CKV-00A,NEUMATICA_DOBLE_MEMBRANA,PREMIUM,1.953,39.06,84.6,20673.36,False,"2"" EVO BARE PUMP ASSY (NON-METALLIC)",0.0,Sin motor electrico (neumatica),0.2,Polipropileno (no metálica),,,
ARO-EB20-PFSAA-CSV-00A,ARO (Ingersoll Rand),EB20-PFSAA-CSV-00A,NEUMATICA_DOBLE_MEMBRANA,PREMIUM,1.953,39.06,84.6,20673.36,False,"2"" EVO BARE PUMP ASSY (NON-METALLIC)",0.0,Sin motor electrico (neumatica),0.2,Polipropileno (no metálica),,,
ARO-EB20-PGSSA-CKV-00A,ARO (Ingersoll Rand),EB20-PGSSA-CKV-00A,NEUMATICA_DOBLE_MEMBRANA,PREMIUM,1.953,39.06,84.6,20712.12,False,"2"" EVO BARE PUMP ASSY (NON-METALLIC)",0.0,Sin motor electrico (neumatica),0.2,Polipropileno (no metálica),,,
ARO-PH30F-FSP-STT-C,ARO (Ingersoll Rand),PH30F-FSP-STT-C,NEUMATICA_DOBLE_MEMBRANA,PREMIUM,2.691,53.82,84.6,20721.3,False,"3"" DIAPHRAGM PUMP (2:1)",0.0,Sin motor electrico (neumatica),0.2,,,,
ARO-PE30A-BSS-STT-CDF,ARO (Ingersoll Rand),PE30A-BSS-STT-CDF,NEUMATICA_DOBLE_MEMBRANA,PREMIUM,2.691,53.82,84.6,20727.42,False,"3"" ELECTRONIC INTERFACEPUMP",0.0,Sin motor electrico (neumatica),0.2,Acero inoxidable (partes mojadas),PTFE (Teflón),,
ARO-PH30F-BSP-STT-C,ARO (Ingersoll Rand),PH30F-BSP-STT-C,NEUMATICA_DOBLE_MEMBRANA,PREMIUM,2.691,53.82,84.6,20742.72,False,"3"" DIAPHRAGM PUMP (2:1)",0.0,Sin motor electrico (neumatica),0.2,,,,
ARO-PD30S-FSS-SVV-C,ARO (Ingersoll Rand),PD30S-FSS-SVV-C,NEUMATICA_DOBLE_MEMBRANA,PREMIUM,2.691,53.82,84.6,20789.64,False,3 IN EXP METALLIC DIAPH PUMP,0.0,Sin motor electrico (neumatica),0.2,,,,
ARO-EB20-PFHAA-CKV-00A,ARO (Ingersoll Rand),EB20-PFHAA-CKV-00A,NEUMATICA_DOBLE_MEMBRANA,PREMIUM,1.953,39.06,84.6,20794.74,False,"2"" EVO BARE PUMP ASSY (NON-METALLIC)",0.0,Sin motor electrico (neumatica),0.2,Polipropileno (no metálica),,,
ARO-EB20-PFHAA-CSV-00A,ARO (Ingersoll Rand),EB20-PFHAA-CSV-00A,NEUMATICA_DOBLE_MEMBRANA,PREMIUM,1.953,39.06,84.6,20794.74,False,"2"" EVO BARE PUMP ASSY (NON-METALLIC)",0.0,Sin motor electrico (neumatica),0.2,Polipropileno (no metálica),,,
ARO-PD30S-ASS-STT-C,ARO (Ingersoll Rand),PD30S-ASS-STT-C,NEUMATICA_DOBLE_MEMBRANA,PREMIUM,2.691,53.82,84.6,20812.08,False,"3"" DIAPHRAGM PUMP ASM",0.0,Sin motor electrico (neumatica),0.2,,,,
ARO-PD30A-BSS-SVV-C,ARO (Ingersoll Rand),PD30A-BSS-SVV-C,NEUMATICA_DOBLE_MEMBRANA,PREMIUM,2.691,53.82,84.6,20821.26,False,"3"" DIAPHRAGM PUMP ASSY",0.0,Sin motor electrico (neumatica),0.2,Acero inoxidable (partes mojadas),,,
ARO-PD30A-BSS-STL-C,ARO (Ingersoll Rand),PD30A-BSS-STL-C,NEUMATICA_DOBLE_MEMBRANA,PREMIUM,2.691,53.82,84.6,20875.32,False,"3"" DIAPHRAGM PUMP ASM",0.0,Sin motor electrico (neumatica),0.2,Acero inoxidable (partes mojadas),,,
ARO-AS10P-FKS-KTT,ARO (Ingersoll Rand),AS10P-FKS-KTT,NEUMATICA_DOBLE_MEMBRANA,PREMIUM,0.534,10.68,84.6,20929.38,False,AS10P-FKS-KTT - ARO STATION CABINET WITH PD10P-FKS-KTT PUMP - PVDF/VITON,0.0,Sin motor electrico (neumatica),0.2,PVDF (Kynar),Viton (FKM),,
ARO-EB20-PGSTT-CKV-00A,ARO (Ingersoll Rand),EB20-PGSTT-CKV-00A,NEUMATICA_DOBLE_MEMBRANA,PREMIUM,1.953,39.06,84.6,21013.02,False,"2"" EVO BARE PUMP ASSY (NON-METALLIC)",0.0,Sin motor electrico (neumatica),0.2,Polipropileno (no metálica),,,
ARO-PD30S-DSS-STT-C,ARO (Ingersoll Rand),PD30S-DSS-STT-C,NEUMATICA_DOBLE_MEMBRANA,PREMIUM,2.691,53.82,84.6,21046.68,False,"3"" DIAPHRAGM PUMP ASM",0.0,Sin motor electrico (neumatica),0.2,,,,
ARO-PD30S-FSS-STT-C,ARO (Ingersoll Rand),PD30S-FSS-STT-C,NEUMATICA_DOBLE_MEMBRANA,PREMIUM,2.691,53.82,84.6,21046.68,False,"3"" DIAPHRAGM PUMP ASM",0.0,Sin motor electrico (neumatica),0.2,,,,
ARO-PD30A-BSS-STT-B,ARO (Ingersoll Rand),PD30A-BSS-STT-B,NEUMATICA_DOBLE_MEMBRANA,PREMIUM,2.691,53.82,84.6,21110.94,False,"PUMP ASM (3"" METAL DIAPHRAGM PUMP)",0.0,Sin motor electrico (neumatica),0.2,Acero inoxidable (partes mojadas),PTFE (Teflón),,
ARO-EB20-PFPTT-CSV-00A,ARO (Ingersoll Rand),EB20-PFPTT-CSV-00A,NEUMATICA_DOBLE_MEMBRANA,PREMIUM,1.953,39.06,84.6,21247.62,False,"2"" EVO BARE PUMP ASSY (NON-METALLIC)",0.0,Sin motor electrico (neumatica),0.2,Polipropileno (no metálica),,,
ARO-EB20-PFSSA-CKV-00A,ARO (Ingersoll Rand),EB20-PFSSA-CKV-00A,NEUMATICA_DOBLE_MEMBRANA,PREMIUM,1.953,39.06,84.6,21336.36,False,"2"" EVO BARE PUMP ASSY (NON-METALLIC)",0.0,Sin motor electrico (neumatica),0.2,Polipropileno (no metálica),,,
ARO-EB20-PFSSA-CSV-00A,ARO (Ingersoll Rand),EB20-PFSSA-CSV-00A,NEUMATICA_DOBLE_MEMBRANA,PREMIUM,1.953,39.06,84.6,21336.36,False,"2"" EVO BARE PUMP ASSY (NON-METALLIC)",0.0,Sin motor electrico (neumatica),0.2,Polipropileno (no metálica),,,
ARO-EB20-PFSTT-CKV-00A,ARO (Ingersoll Rand),EB20-PFSTT-CKV-00A,NEUMATICA_DOBLE_MEMBRANA,PREMIUM,1.953,39.06,84.6,21637.26,False,"2"" EVO BARE PUMP ASSY (NON-METALLIC)",0.0,Sin motor electrico (neumatica),0.2,Polipropileno (no metálica),,,
ARO-EB20-PFSTT-CSV-00A,ARO (Ingersoll Rand),EB20-PFSTT-CSV-00A,NEUMATICA_DOBLE_MEMBRANA,PREMIUM,1.953,39.06,84.6,21637.26,False,"2"" EVO BARE PUMP ASSY (NON-METALLIC)",0.0,Sin motor electrico (neumatica),0.2,Polipropileno (no metálica),,,
ARO-PD30S-BSS-SAA-C,ARO (Ingersoll Rand),PD30S-BSS-SAA-C,NEUMATICA_DOBLE_MEMBRANA,PREMIUM,2.691,53.82,84.6,21708.66,False,3 IN EXP METALLIC DIAPH PUMP BSP,0.0,Sin motor electrico (neumatica),0.2,,,,
ARO-PZ30A-BSS-STT-C,ARO (Ingersoll Rand),PZ30A-BSS-STT-C,NEUMATICA_DOBLE_MEMBRANA,PREMIUM,2.691,53.82,84.6,21742.32,False,"3"" DIAPHRAGM PUMP ASM (METALLIC)",0.0,Sin motor electrico (neumatica),0.2,,,,
ARO-EB20-PFSST-CKV-00A,ARO (Ingersoll Rand),EB20-PFSST-CKV-00A,NEUMATICA_DOBLE_MEMBRANA,PREMIUM,1.953,39.06,84.6,21938.16,False,"2"" EVO BARE PUMP ASSY (NON-METALLIC)",0.0,Sin motor electrico (neumatica),0.2,Polipropileno (no metálica),,,
ARO-EB20-PFSST-CSV-00A,ARO (Ingersoll Rand),EB20-PFSST-CSV-00A,NEUMATICA_DOBLE_MEMBRANA,PREMIUM,1.953,39.06,84.6,21938.16,False,"2"" EVO BARE PUMP ASSY (NON-METALLIC)",0.0,Sin motor electrico (neumatica),0.2,Polipropileno (no metálica),,,
ARO-PZ30A-FSS-STT-C,ARO (Ingersoll Rand),PZ30A-FSS-STT-C,NEUMATICA_DOBLE_MEMBRANA,PREMIUM,2.691,53.82,84.6,22107.48,False,"3"" DIAPHRAGM PUMP ASM (METALLIC)",0.0,Sin motor electrico (neumatica),0.2,,,,
ARO-PD30S-BSS-AAA-C,ARO (Ingersoll Rand),PD30S-BSS-AAA-C,NEUMATICA_DOBLE_MEMBRANA,PREMIUM,2.691,53.82,84.6,22247.22,False,3 IN EXP METALLIC DIAPH PUMP BSP,0.0,Sin motor electrico (neumatica),0.2,,,,
ARO-EB20-SGHAA-CKV-00A,ARO (Ingersoll Rand),EB20-SGHAA-CKV-00A,NEUMATICA_DOBLE_MEMBRANA,PREMIUM,1.953,39.06,84.6,22971.42,False,"2"" EVO BARE PUMP ASSY (METALLIC)",0.0,Sin motor electrico (neumatica),0.2,Acero inoxidable,,,
ARO-670090,ARO (Ingersoll Rand),670090,NEUMATICA_DOBLE_MEMBRANA,PREMIUM,2.691,53.82,84.6,23310.06,False,"3"" DIAPHRAGM PUMP ASSEMBLY",0.0,Sin motor electrico (neumatica),0.2,,,,
ARO-AS15P-FKS-KTT,ARO (Ingersoll Rand),AS15P-FKS-KTT,NEUMATICA_DOBLE_MEMBRANA,PREMIUM,1.136,22.71,84.6,23439.6,False,AS15P-FKS-KTT - ARO STATION CABINET WITH PD15P-FKS-KTT PUMP - PVDF/VITON,0.0,Sin motor electrico (neumatica),0.2,PVDF (Kynar),Viton (FKM),,
ARO-EP10-AFAAA-CSV-ACA,ARO (Ingersoll Rand),EP10-AFAAA-CSV-ACA,NEUMATICA_DOBLE_MEMBRANA,PREMIUM,0.399,7.98,84.6,23461.02,False,"1"" EVO PUMP ASSY (METALLIC)",0.0,Sin motor electrico (neumatica),0.2,Aluminio,,,
ARO-EP10-CFAAA-CSV-ACA,ARO (Ingersoll Rand),EP10-CFAAA-CSV-ACA,NEUMATICA_DOBLE_MEMBRANA,PREMIUM,0.399,7.98,84.6,23461.02,False,"1"" EVO PUMP ASSY (METALLIC)",0.0,Sin motor electrico (neumatica),0.2,Fundición (hierro fundido),,,
ARO-EB20-SGSSA-CKV-00A,ARO (Ingersoll Rand),EB20-SGSSA-CKV-00A,NEUMATICA_DOBLE_MEMBRANA,PREMIUM,1.953,39.06,84.6,23504.88,False,"2"" EVO BARE PUMP ASSY (METALLIC)",0.0,Sin motor electrico (neumatica),0.2,Acero inoxidable,,,
ARO-EP10-AFFAA-CSV-ACA,ARO (Ingersoll Rand),EP10-AFFAA-CSV-ACA,NEUMATICA_DOBLE_MEMBRANA,PREMIUM,0.399,7.98,84.6,23580.36,False,"1"" EVO PUMP ASSY (METALLIC)",0.0,Sin motor electrico (neumatica),0.2,Aluminio,,,
ARO-EB20-SFHAA-CKV-00A,ARO (Ingersoll Rand),EB20-SFHAA-CKV-00A,NEUMATICA_DOBLE_MEMBRANA,PREMIUM,1.953,39.06,84.6,23595.66,False,"2"" EVO BARE PUMP ASSY (METALLIC)",0.0,Sin motor electrico (neumatica),0.2,Acero inoxidable,,,
ARO-EB20-SFHAA-CSV-00A,ARO (Ingersoll Rand),EB20-SFHAA-CSV-00A,NEUMATICA_DOBLE_MEMBRANA,PREMIUM,1.953,39.06,84.6,23595.66,False,"2"" EVO BARE PUMP ASSY (METALLIC)",0.0,Sin motor electrico (neumatica),0.2,Acero inoxidable,,,
ARO-EB20-SGHSA-CKV-00A,ARO (Ingersoll Rand),EB20-SGHSA-CKV-00A,NEUMATICA_DOBLE_MEMBRANA,PREMIUM,1.953,39.06,84.6,23638.5,False,"2"" EVO BARE PUMP ASSY (METALLIC)",0.0,Sin motor electrico (neumatica),0.2,Acero inoxidable,,,
ARO-EP10-AFSAA-CSV-ACA,ARO (Ingersoll Rand),EP10-AFSAA-CSV-ACA,NEUMATICA_DOBLE_MEMBRANA,PREMIUM,0.399,7.98,84.6,23804.76,False,"1"" EVO PUMP ASSY (METALLIC)",0.0,Sin motor electrico (neumatica),0.2,Aluminio,,,
ARO-EP10-CFSAA-CSV-ACA,ARO (Ingersoll Rand),EP10-CFSAA-CSV-ACA,NEUMATICA_DOBLE_MEMBRANA,PREMIUM,0.399,7.98,84.6,23804.76,False,"1"" EVO PUMP ASSY (METALLIC)",0.0,Sin motor electrico (neumatica),0.2,Fundición (hierro fundido),,,
ARO-EB20-SGSTT-CKV-00A,ARO (Ingersoll Rand),EB20-SGSTT-CKV-00A,NEUMATICA_DOBLE_MEMBRANA,PREMIUM,1.953,39.06,84.6,23812.92,False,"2"" EVO BARE PUMP ASSY (METALLIC)",0.0,Sin motor electrico (neumatica),0.2,Acero inoxidable,,,
ARO-EB20-SGHTT-CKV-00A,ARO (Ingersoll Rand),EB20-SGHTT-CKV-00A,NEUMATICA_DOBLE_MEMBRANA,PREMIUM,1.953,39.06,84.6,23929.2,False,"2"" EVO BARE PUMP ASSY (METALLIC)",0.0,Sin motor electrico (neumatica),0.2,Acero inoxidable,,,
ARO-EP10-AFHAA-CSV-ACA,ARO (Ingersoll Rand),EP10-AFHAA-CSV-ACA,NEUMATICA_DOBLE_MEMBRANA,PREMIUM,0.399,7.98,84.6,23940.42,False,"1"" EVO PUMP ASSY (METALLIC)",0.0,Sin motor electrico (neumatica),0.2,Aluminio,,,
ARO-EP10-CFHAA-CSV-ACA,ARO (Ingersoll Rand),EP10-CFHAA-CSV-ACA,NEUMATICA_DOBLE_MEMBRANA,PREMIUM,0.399,7.98,84.6,23940.42,False,"1"" EVO PUMP ASSY (METALLIC)",0.0,Sin motor electrico (neumatica),0.2,Fundición (hierro fundido),,,
ARO-EB20-SGSST-CKV-00A,ARO (Ingersoll Rand),EB20-SGSST-CKV-00A,NEUMATICA_DOBLE_MEMBRANA,PREMIUM,1.953,39.06,84.6,24112.8,False,"2"" EVO BARE PUMP ASSY (METALLIC)",0.0,Sin motor electrico (neumatica),0.2,Acero inoxidable,,,
ARO-EB20-SFSSA-CKV-00A,ARO (Ingersoll Rand),EB20-SFSSA-CKV-00A,NEUMATICA_DOBLE_MEMBRANA,PREMIUM,1.953,39.06,84.6,24129.12,False,"2"" EVO BARE PUMP ASSY (METALLIC)",0.0,Sin motor electrico (neumatica),0.2,Acero inoxidable,,,
ARO-EB20-SFSSA-CSV-00A,ARO (Ingersoll Rand),EB20-SFSSA-CSV-00A,NEUMATICA_DOBLE_MEMBRANA,PREMIUM,1.953,39.06,84.6,24129.12,False,"2"" EVO BARE PUMP ASSY (METALLIC)",0.0,Sin motor electrico (neumatica),0.2,Acero inoxidable,,,
ARO-EB20-SGHST-CKV-00A,ARO (Ingersoll Rand),EB20-SGHST-CKV-00A,NEUMATICA_DOBLE_MEMBRANA,PREMIUM,1.953,39.06,84.6,24234.18,False,"2"" EVO BARE PUMP ASSY (METALLIC)",0.0,Sin motor electrico (neumatica),0.2,Acero inoxidable,,,
ARO-EB20-SFHSA-CKV-00A,ARO (Ingersoll Rand),EB20-SFHSA-CKV-00A,NEUMATICA_DOBLE_MEMBRANA,PREMIUM,1.953,39.06,84.6,24262.74,False,"2"" EVO BARE PUMP ASSY (METALLIC)",0.0,Sin motor electrico (neumatica),0.2,Acero inoxidable,,,
ARO-EB20-SFHSA-CSV-00A,ARO (Ingersoll Rand),EB20-SFHSA-CSV-00A,NEUMATICA_DOBLE_MEMBRANA,PREMIUM,1.953,39.06,84.6,24262.74,False,"2"" EVO BARE PUMP ASSY (METALLIC)",0.0,Sin motor electrico (neumatica),0.2,Acero inoxidable,,,
ARO-EP10-AFFTT-CSV-ACA,ARO (Ingersoll Rand),EP10-AFFTT-CSV-ACA,NEUMATICA_DOBLE_MEMBRANA,PREMIUM,0.399,7.98,84.6,24300.48,False,"1"" EVO PUMP ASSY (METALLIC)",0.0,Sin motor electrico (neumatica),0.2,Aluminio,,,
ARO-EP10-CFFTT-CSV-ACA,ARO (Ingersoll Rand),EP10-CFFTT-CSV-ACA,NEUMATICA_DOBLE_MEMBRANA,PREMIUM,0.399,7.98,84.6,24300.48,False,"1"" EVO PUMP ASSY (METALLIC)",0.0,Sin motor electrico (neumatica),0.2,Fundición (hierro fundido),,,
ARO-EB20-SFSTT-CSV-00A,ARO (Ingersoll Rand),EB20-SFSTT-CSV-00A,NEUMATICA_DOBLE_MEMBRANA,PREMIUM,1.953,39.06,84.6,24437.16,False,"2"" EVO BARE PUMP ASSY (METALLIC)",0.0,Sin motor electrico (neumatica),0.2,Acero inoxidable,,,
ARO-EP10-AFSTT-CSV-ACA,ARO (Ingersoll Rand),EP10-AFSTT-CSV-ACA,NEUMATICA_DOBLE_MEMBRANA,PREMIUM,0.399,7.98,84.6,24522.84,False,"1"" EVO PUMP ASSY (METALLIC)",0.0,Sin motor electrico (neumatica),0.2,Aluminio,,,
ARO-EP10-CFSTT-CSV-ACA,ARO (Ingersoll Rand),EP10-CFSTT-CSV-ACA,NEUMATICA_DOBLE_MEMBRANA,PREMIUM,0.399,7.98,84.6,24522.84,False,"1"" EVO PUMP ASSY (METALLIC)",0.0,Sin motor electrico (neumatica),0.2,Fundición (hierro fundido),,,
ARO-EB20-SFHTT-CKV-00A,ARO (Ingersoll Rand),EB20-SFHTT-CKV-00A,NEUMATICA_DOBLE_MEMBRANA,PREMIUM,1.953,39.06,84.6,24557.52,False,"2"" EVO BARE PUMP ASSY (METALLIC)",0.0,Sin motor electrico (neumatica),0.2,Acero inoxidable,,,
ARO-EB20-SFHTT-CSV-00A,ARO (Ingersoll Rand),EB20-SFHTT-CSV-00A,NEUMATICA_DOBLE_MEMBRANA,PREMIUM,1.953,39.06,84.6,24557.52,False,"2"" EVO BARE PUMP ASSY (METALLIC)",0.0,Sin motor electrico (neumatica),0.2,Acero inoxidable,,,
ARO-EP10-CSVA-01-A,ARO (Ingersoll Rand),EP10-CSVA-01-A,NEUMATICA_DOBLE_MEMBRANA,PREMIUM,0.399,7.98,84.6,24574.25,False,"1"" PUMP CRANKCASE ASSY",0.0,Sin motor electrico (neumatica),0.2,Fundición (hierro fundido),,,
ARO-EP10-AFHTT-CSV-ACA,ARO (Ingersoll Rand),EP10-AFHTT-CSV-ACA,NEUMATICA_DOBLE_MEMBRANA,PREMIUM,0.399,7.98,84.6,24660.54,False,"1"" EVO PUMP ASSY (METALLIC)",0.0,Sin motor electrico (neumatica),0.2,Aluminio,,,
ARO-EP10-CFHTT-CSV-ACA,ARO (Ingersoll Rand),EP10-CFHTT-CSV-ACA,NEUMATICA_DOBLE_MEMBRANA,PREMIUM,0.399,7.98,84.6,24660.54,False,"1"" EVO PUMP ASSY (METALLIC)",0.0,Sin motor electrico (neumatica),0.2,Fundición (hierro fundido),,,
ARO-EB20-SFSST-CKV-00A,ARO (Ingersoll Rand),EB20-SFSST-CKV-00A,NEUMATICA_DOBLE_MEMBRANA,PREMIUM,1.953,39.06,84.6,24737.04,False,"2"" EVO BARE PUMP ASSY (METALLIC)",0.0,Sin motor electrico (neumatica),0.2,Acero inoxidable,,,
ARO-EB20-SFSST-CSV-00A,ARO (Ingersoll Rand),EB20-SFSST-CSV-00A,NEUMATICA_DOBLE_MEMBRANA,PREMIUM,1.953,39.06,84.6,24737.04,False,"2"" EVO BARE PUMP ASSY (METALLIC)",0.0,Sin motor electrico (neumatica),0.2,Acero inoxidable,,,
ARO-EB20-PFPTT-CKV-00A,ARO (Ingersoll Rand),EB20-PFPTT-CKV-00A,NEUMATICA_DOBLE_MEMBRANA,PREMIUM,1.953,39.06,84.6,24797.32,False,"2"" EVO BARE PUMP ASSY (NON-METALLIC)",0.0,Sin motor electrico (neumatica),0.2,Polipropileno (no metálica),,,
ARO-PE30S-BSS-STT-C0L,ARO (Ingersoll Rand),PE30S-BSS-STT-C0L,NEUMATICA_DOBLE_MEMBRANA,PREMIUM,2.691,53.82,84.6,24805.38,False,"3"" PUMP ASSY",0.0,Sin motor electrico (neumatica),0.2,,,,
ARO-EP10-CFHST-CSV-ACA,ARO (Ingersoll Rand),EP10-CFHST-CSV-ACA,NEUMATICA_DOBLE_MEMBRANA,PREMIUM,0.399,7.98,84.6,24853.32,False,"1"" EVO PUMP ASSY (METALLIC)",0.0,Sin motor electrico (neumatica),0.2,Fundición (hierro fundido),,,
ARO-EB20-SFHST-CKV-00A,ARO (Ingersoll Rand),EB20-SFHST-CKV-00A,NEUMATICA_DOBLE_MEMBRANA,PREMIUM,1.953,39.06,84.6,24858.42,False,"2"" EVO BARE PUMP ASSY (METALLIC)",0.0,Sin motor electrico (neumatica),0.2,Acero inoxidable,,,
ARO-EB20-SFHST-CSV-00A,ARO (Ingersoll Rand),EB20-SFHST-CSV-00A,NEUMATICA_DOBLE_MEMBRANA,PREMIUM,1.953,39.06,84.6,24858.42,False,"2"" EVO BARE PUMP ASSY (METALLIC)",0.0,Sin motor electrico (neumatica),0.2,Acero inoxidable,,,
ARO-EP10-PFPAA-CSV-ACA,ARO (Ingersoll Rand),EP10-PFPAA-CSV-ACA,NEUMATICA_DOBLE_MEMBRANA,PREMIUM,0.399,7.98,84.6,24879.84,False,"1"" EVO PUMP ASSY (NON-METALLIC)",0.0,Sin motor electrico (neumatica),0.2,Polipropileno (no metálica),,,
ARO-PD30S-BSS-STT-C,ARO (Ingersoll Rand),PD30S-BSS-STT-C,NEUMATICA_DOBLE_MEMBRANA,PREMIUM,2.691,53.82,84.6,24982.86,False,3 IN EXP METALLIC DIAPH PUMP BSP,0.0,Sin motor electrico (neumatica),0.2,,,,
ARO-EP10-PFPTT-CSV-ACA,ARO (Ingersoll Rand),EP10-PFPTT-CSV-ACA,NEUMATICA_DOBLE_MEMBRANA,PREMIUM,0.399,7.98,84.6,25593.84,False,"1"" EVO PUMP ASSY (NON-METALLIC)",0.0,Sin motor electrico (neumatica),0.2,Polipropileno (no metálica),,,
ARO-EP10-SFHAA-CSV-ACA,ARO (Ingersoll Rand),EP10-SFHAA-CSV-ACA,NEUMATICA_DOBLE_MEMBRANA,PREMIUM,0.399,7.98,84.6,25766.22,False,"1"" EVO PUMP ASSY (METALLIC)",0.0,Sin motor electrico (neumatica),0.2,Acero inoxidable,,,
ARO-EP10-SFSSA-CSV-ACA,ARO (Ingersoll Rand),EP10-SFSSA-CSV-ACA,NEUMATICA_DOBLE_MEMBRANA,PREMIUM,0.399,7.98,84.6,26028.36,False,"1"" EVO PUMP ASSY (METALLIC)",0.0,Sin motor electrico (neumatica),0.2,Acero inoxidable,,,
ARO-EP10-SFHSA-CSV-ACA,ARO (Ingersoll Rand),EP10-SFHSA-CSV-ACA,NEUMATICA_DOBLE_MEMBRANA,PREMIUM,0.399,7.98,84.6,26166.06,False,"1"" EVO PUMP ASSY (METALLIC)",0.0,Sin motor electrico (neumatica),0.2,Acero inoxidable,,,
ARO-EP10-SFSTT-CSV-ACA,ARO (Ingersoll Rand),EP10-SFSTT-CSV-ACA,NEUMATICA_DOBLE_MEMBRANA,PREMIUM,0.399,7.98,84.6,26348.64,False,"1"" EVO PUMP ASSY (METALLIC)",0.0,Sin motor electrico (neumatica),0.2,Acero inoxidable,,,
ARO-EP10-CSVS-01-A,ARO (Ingersoll Rand),EP10-CSVS-01-A,NEUMATICA_DOBLE_MEMBRANA,PREMIUM,0.399,7.98,84.6,26436.56,False,"1"" PUMP CRANKCASE ASSY",0.0,Sin motor electrico (neumatica),0.2,Fundición (hierro fundido),,,
ARO-EP10-SFHTT-CSV-ACA,ARO (Ingersoll Rand),EP10-SFHTT-CSV-ACA,NEUMATICA_DOBLE_MEMBRANA,PREMIUM,0.399,7.98,84.6,26484.3,False,"1"" EVO PUMP ASSY (METALLIC)",0.0,Sin motor electrico (neumatica),0.2,Acero inoxidable,,,
ARO-PE10S-BHS-LTT-A0L,ARO (Ingersoll Rand),PE10S-BHS-LTT-A0L,NEUMATICA_DOBLE_MEMBRANA,PREMIUM,0.399,7.98,84.6,26501.64,False,"1"" PUMP ASSY - RESTRICTED",0.0,Sin motor electrico (neumatica),0.2,,,,
ARO-EP10-SFSST-CSV-ACA,ARO (Ingersoll Rand),EP10-SFSST-CSV-ACA,NEUMATICA_DOBLE_MEMBRANA,PREMIUM,0.399,7.98,84.6,26542.44,False,"1"" EVO PUMP ASSY (METALLIC)",0.0,Sin motor electrico (neumatica),0.2,Acero inoxidable,,,
ARO-EP10-SFHST-CSV-ACA,ARO (Ingersoll Rand),EP10-SFHST-CSV-ACA,NEUMATICA_DOBLE_MEMBRANA,PREMIUM,0.399,7.98,84.6,26679.12,False,"1"" EVO PUMP ASSY (METALLIC)",0.0,Sin motor electrico (neumatica),0.2,Acero inoxidable,,,
ARO-AS20P-FKS-KTT,ARO (Ingersoll Rand),AS20P-FKS-KTT,NEUMATICA_DOBLE_MEMBRANA,PREMIUM,1.646,32.928,84.6,28382.52,False,AS20P-FKS-KTT - ARO STATION CABINET WITH PD20P-FKS-KTT PUMP - PVDF/VITON,0.0,Sin motor electrico (neumatica),0.2,PVDF (Kynar),Viton (FKM),,
ARO-EB20-SFSTT-CKV-00A,ARO (Ingersoll Rand),EB20-SFSTT-CKV-00A,NEUMATICA_DOBLE_MEMBRANA,PREMIUM,1.953,39.06,84.6,28519.0,False,"2"" EVO BARE PUMP ASSY (METALLIC)",0.0,Sin motor electrico (neumatica),0.2,Acero inoxidable,,,
ARO-EP20-CSVA-01-A,ARO (Ingersoll Rand),EP20-CSVA-01-A,NEUMATICA_DOBLE_MEMBRANA,PREMIUM,1.953,39.06,84.6,29518.23,False,"2"" PUMP CRANKCASE ASSY",0.0,Sin motor electrico (neumatica),0.2,Fundición (hierro fundido),,,
ARO-EP20-AFAAA-CSV-ACA,ARO (Ingersoll Rand),EP20-AFAAA-CSV-ACA,NEUMATICA_DOBLE_MEMBRANA,PREMIUM,1.953,39.06,84.6,30261.36,False,"2"" EVO PUMP ASSY (METALLIC)",0.0,Sin motor electrico (neumatica),0.2,Aluminio,,,
ARO-EP20-CFAAA-CSV-ACA,ARO (Ingersoll Rand),EP20-CFAAA-CSV-ACA,NEUMATICA_DOBLE_MEMBRANA,PREMIUM,1.953,39.06,84.6,30261.36,False,"2"" EVO PUMP ASSY (METALLIC)",0.0,Sin motor electrico (neumatica),0.2,Fundición (hierro fundido),,,
ARO-EP20-AFFAA-CSV-ACA,ARO (Ingersoll Rand),EP20-AFFAA-CSV-ACA,NEUMATICA_DOBLE_MEMBRANA,PREMIUM,1.953,39.06,84.6,30381.72,False,"2"" EVO PUMP ASSY (METALLIC)",0.0,Sin motor electrico (neumatica),0.2,Aluminio,,,
ARO-EP20-AFSAA-CSV-ACA,ARO (Ingersoll Rand),EP20-AFSAA-CSV-ACA,NEUMATICA_DOBLE_MEMBRANA,PREMIUM,1.953,39.06,84.6,30795.84,False,"2"" EVO PUMP ASSY (METALLIC)",0.0,Sin motor electrico (neumatica),0.2,Aluminio,,,
ARO-EP20-CFSAA-CSV-ACA,ARO (Ingersoll Rand),EP20-CFSAA-CSV-ACA,NEUMATICA_DOBLE_MEMBRANA,PREMIUM,1.953,39.06,84.6,30795.84,False,"2"" EVO PUMP ASSY (METALLIC)",0.0,Sin motor electrico (neumatica),0.2,Fundición (hierro fundido),,,
ARO-EP20-AFHAA-CSV-ACA,ARO (Ingersoll Rand),EP20-AFHAA-CSV-ACA,NEUMATICA_DOBLE_MEMBRANA,PREMIUM,1.953,39.06,84.6,30916.2,False,"2"" EVO PUMP ASSY (METALLIC)",0.0,Sin motor electrico (neumatica),0.2,Aluminio,,,
ARO-EP20-CFHAA-CSV-ACA,ARO (Ingersoll Rand),EP20-CFHAA-CSV-ACA,NEUMATICA_DOBLE_MEMBRANA,PREMIUM,1.953,39.06,84.6,30916.2,False,"2"" EVO PUMP ASSY (METALLIC)",0.0,Sin motor electrico (neumatica),0.2,Fundición (hierro fundido),,,
ARO-EP20-AFFTT-CSV-ACA,ARO (Ingersoll Rand),EP20-AFFTT-CSV-ACA,NEUMATICA_DOBLE_MEMBRANA,PREMIUM,1.953,39.06,84.6,31355.82,False,"2"" EVO PUMP ASSY (METALLIC)",0.0,Sin motor electrico (neumatica),0.2,Aluminio,,,
ARO-EP20-CFFTT-CSV-ACA,ARO (Ingersoll Rand),EP20-CFFTT-CSV-ACA,NEUMATICA_DOBLE_MEMBRANA,PREMIUM,1.953,39.06,84.6,31355.82,False,"2"" EVO PUMP ASSY (METALLIC)",0.0,Sin motor electrico (neumatica),0.2,Fundición (hierro fundido),,,
ARO-EP20-AFSTT-CSV-ACA,ARO (Ingersoll Rand),EP20-AFSTT-CSV-ACA,NEUMATICA_DOBLE_MEMBRANA,PREMIUM,1.953,39.06,84.6,31768.92,False,"2"" EVO PUMP ASSY (METALLIC)",0.0,Sin motor electrico (neumatica),0.2,Aluminio,,,
ARO-EP20-CFSTT-CSV-ACA,ARO (Ingersoll Rand),EP20-CFSTT-CSV-ACA,NEUMATICA_DOBLE_MEMBRANA,PREMIUM,1.953,39.06,84.6,31768.92,False,"2"" EVO PUMP ASSY (METALLIC)",0.0,Sin motor electrico (neumatica),0.2,Fundición (hierro fundido),,,
ARO-EP20-PFPAA-CSV-ACA,ARO (Ingersoll Rand),EP20-PFPAA-CSV-ACA,NEUMATICA_DOBLE_MEMBRANA,PREMIUM,1.953,39.06,84.6,31830.12,False,"2"" EVO PUMP ASSY (NON-METALLIC)",0.0,Sin motor electrico (neumatica),0.2,Polipropileno (no metálica),,,
ARO-EP20-AFHTT-CSV-ACA,ARO (Ingersoll Rand),EP20-AFHTT-CSV-ACA,NEUMATICA_DOBLE_MEMBRANA,PREMIUM,1.953,39.06,84.6,31889.28,False,"2"" EVO PUMP ASSY (METALLIC)",0.0,Sin motor electrico (neumatica),0.2,Aluminio,,,
ARO-EP20-CFHTT-CSV-ACA,ARO (Ingersoll Rand),EP20-CFHTT-CSV-ACA,NEUMATICA_DOBLE_MEMBRANA,PREMIUM,1.953,39.06,84.6,31889.28,False,"2"" EVO PUMP ASSY (METALLIC)",0.0,Sin motor electrico (neumatica),0.2,Fundición (hierro fundido),,,
ARO-EP20-CFHST-CSV-ACA,ARO (Ingersoll Rand),EP20-CFHST-CSV-ACA,NEUMATICA_DOBLE_MEMBRANA,PREMIUM,1.953,39.06,84.6,32192.22,False,"2"" EVO PUMP ASSY (METALLIC)",0.0,Sin motor electrico (neumatica),0.2,Fundición (hierro fundido),,,
ARO-EP20-PFPTA-CSV-ACA,ARO (Ingersoll Rand),EP20-PFPTA-CSV-ACA,NEUMATICA_DOBLE_MEMBRANA,PREMIUM,1.953,39.06,84.6,32194.26,False,"2"" EVO PUMP ASSY (NON-METALLIC)",0.0,Sin motor electrico (neumatica),0.2,Polipropileno (no metálica),,,
ARO-EP20-PFSAA-CSV-ACA,ARO (Ingersoll Rand),EP20-PFSAA-CSV-ACA,NEUMATICA_DOBLE_MEMBRANA,PREMIUM,1.953,39.06,84.6,32221.8,False,"2"" EVO PUMP ASSY (NON-METALLIC)",0.0,Sin motor electrico (neumatica),0.2,Polipropileno (no metálica),,,
ARO-EP20-CSVS-01-A,ARO (Ingersoll Rand),EP20-CSVS-01-A,NEUMATICA_DOBLE_MEMBRANA,PREMIUM,1.953,39.06,84.6,32296.1,False,"2"" PUMP CRANKCASE ASSY",0.0,Sin motor electrico (neumatica),0.2,Fundición (hierro fundido),,,
ARO-EP20-PFHAA-CSV-ACA,ARO (Ingersoll Rand),EP20-PFHAA-CSV-ACA,NEUMATICA_DOBLE_MEMBRANA,PREMIUM,1.953,39.06,84.6,32345.22,False,"2"" EVO PUMP ASSY (NON-METALLIC)",0.0,Sin motor electrico (neumatica),0.2,Polipropileno (no metálica),,,
ARO-EP20-PFPTT-CSV-ACA,ARO (Ingersoll Rand),EP20-PFPTT-CSV-ACA,NEUMATICA_DOBLE_MEMBRANA,PREMIUM,1.953,39.06,84.6,32802.18,False,"2"" EVO PUMP ASSY (NON-METALLIC)",0.0,Sin motor electrico (neumatica),0.2,Polipropileno (no metálica),,,
ARO-EP20-PFSSA-CSV-ACA,ARO (Ingersoll Rand),EP20-PFSSA-CSV-ACA,NEUMATICA_DOBLE_MEMBRANA,PREMIUM,1.953,39.06,84.6,32890.92,False,"2"" EVO PUMP ASSY (NON-METALLIC)",0.0,Sin motor electrico (neumatica),0.2,Polipropileno (no metálica),,,
ARO-EP20-PFSTT-CSV-ACA,ARO (Ingersoll Rand),EP20-PFSTT-CSV-ACA,NEUMATICA_DOBLE_MEMBRANA,PREMIUM,1.953,39.06,84.6,33194.88,False,"2"" EVO PUMP ASSY (NON-METALLIC)",0.0,Sin motor electrico (neumatica),0.2,Polipropileno (no metálica),,,
ARO-EP20-PFSST-CSV-ACA,ARO (Ingersoll Rand),EP20-PFSST-CSV-ACA,NEUMATICA_DOBLE_MEMBRANA,PREMIUM,1.953,39.06,84.6,33497.82,False,"2"" EVO PUMP ASSY (NON-METALLIC)",0.0,Sin motor electrico (neumatica),0.2,Polipropileno (no metálica),,,
ARO-PD20S-FHS-LTT-B,ARO (Ingersoll Rand),PD20S-FHS-LTT-B,NEUMATICA_DOBLE_MEMBRANA,PREMIUM,1.953,39.06,84.6,33780.36,False,"2"" DIAPHRAGM PUMP ASM (RESTRICTED)",0.0,Sin motor electrico (neumatica),0.2,,,,
ARO-EP10-AFAAA-CSV-CDA,ARO (Ingersoll Rand),EP10-AFAAA-CSV-CDA,NEUMATICA_DOBLE_MEMBRANA,PREMIUM,0.399,7.98,84.6,34125.12,True,"EVO PUMP 1"" AL ATEX/IECex Motor 2.2Kw",0.0,Sin motor electrico (neumatica),0.2,Aluminio,,,
ARO-EP10-CFAAA-CSV-CDA,ARO (Ingersoll Rand),EP10-CFAAA-CSV-CDA,NEUMATICA_DOBLE_MEMBRANA,PREMIUM,0.399,7.98,84.6,34125.12,True,"EVO PUMP 1"" CI ATEX/IECex Motor 2.2Kw",0.0,Sin motor electrico (neumatica),0.2,Fundición,,,
ARO-EP10-AFFAA-CSV-CDA,ARO (Ingersoll Rand),EP10-AFFAA-CSV-CDA,NEUMATICA_DOBLE_MEMBRANA,PREMIUM,0.399,7.98,84.6,34244.46,True,"EVO PUMP 1"" AL ATEX/IECex Motor 2.2Kw",0.0,Sin motor electrico (neumatica),0.2,Aluminio,,,
ARO-EP10-AFSAA-CSV-CDA,ARO (Ingersoll Rand),EP10-AFSAA-CSV-CDA,NEUMATICA_DOBLE_MEMBRANA,PREMIUM,0.399,7.98,84.6,34468.86,True,"EVO PUMP 1"" AL ATEX/IECex Motor 2.2Kw",0.0,Sin motor electrico (neumatica),0.2,Aluminio,,,
ARO-EP10-CFSAA-CSV-CDA,ARO (Ingersoll Rand),EP10-CFSAA-CSV-CDA,NEUMATICA_DOBLE_MEMBRANA,PREMIUM,0.399,7.98,84.6,34468.86,True,"EVO PUMP 1"" CI ATEX/IECex Motor 2.2Kw",0.0,Sin motor electrico (neumatica),0.2,Fundición,,,
ARO-EP10-AFHAA-CSV-CDA,ARO (Ingersoll Rand),EP10-AFHAA-CSV-CDA,NEUMATICA_DOBLE_MEMBRANA,PREMIUM,0.399,7.98,84.6,34604.52,True,"EVO PUMP 1"" AL ATEX/IECex Motor 2.2Kw",0.0,Sin motor electrico (neumatica),0.2,Aluminio,,,
ARO-EP10-CFHAA-CSV-CDA,ARO (Ingersoll Rand),EP10-CFHAA-CSV-CDA,NEUMATICA_DOBLE_MEMBRANA,PREMIUM,0.399,7.98,84.6,34604.52,True,"EVO PUMP 1"" CI ATEX/IECex Motor 2.2Kw",0.0,Sin motor electrico (neumatica),0.2,Fundición,,,
ARO-EP10-AFFTT-CSV-CDA,ARO (Ingersoll Rand),EP10-AFFTT-CSV-CDA,NEUMATICA_DOBLE_MEMBRANA,PREMIUM,0.399,7.98,84.6,34964.58,True,"EVO PUMP 1"" AL ATEX/IECex Motor 2.2Kw",0.0,Sin motor electrico (neumatica),0.2,Aluminio,,,
ARO-EP10-CFFTT-CSV-CDA,ARO (Ingersoll Rand),EP10-CFFTT-CSV-CDA,NEUMATICA_DOBLE_MEMBRANA,PREMIUM,0.399,7.98,84.6,34964.58,True,"EVO PUMP 1"" CI ATEX/IECex Motor 2.2Kw",0.0,Sin motor electrico (neumatica),0.2,Fundición,,,
ARO-EP20-SFHAA-CSV-ACA,ARO (Ingersoll Rand),EP20-SFHAA-CSV-ACA,NEUMATICA_DOBLE_MEMBRANA,PREMIUM,1.953,39.06,84.6,35170.62,False,"2"" EVO PUMP ASSY (METALLIC)",0.0,Sin motor electrico (neumatica),0.2,Acero inoxidable,,,
ARO-EP10-AFSTT-CSV-CDA,ARO (Ingersoll Rand),EP10-AFSTT-CSV-CDA,NEUMATICA_DOBLE_MEMBRANA,PREMIUM,0.399,7.98,84.6,35186.94,True,"EVO PUMP 1"" AL ATEX/IECex Motor 2.2Kw",0.0,Sin motor electrico (neumatica),0.2,Aluminio,,,
ARO-EP10-CFSTT-CSV-CDA,ARO (Ingersoll Rand),EP10-CFSTT-CSV-CDA,NEUMATICA_DOBLE_MEMBRANA,PREMIUM,0.399,7.98,84.6,35186.94,True,"EVO PUMP 1"" CI ATEX/IECex Motor 2.2Kw",0.0,Sin motor electrico (neumatica),0.2,Fundición,,,
ARO-EP20-SFSSA-CSV-ACA,ARO (Ingersoll Rand),EP20-SFSSA-CSV-ACA,NEUMATICA_DOBLE_MEMBRANA,PREMIUM,1.953,39.06,84.6,35199.18,False,"2"" EVO PUMP ASSY (METALLIC)",0.0,Sin motor electrico (neumatica),0.2,Acero inoxidable,,,
ARO-PD20S-AHS-LTT-B,ARO (Ingersoll Rand),PD20S-AHS-LTT-B,NEUMATICA_DOBLE_MEMBRANA,PREMIUM,1.953,39.06,84.6,35304.24,False,"2"" DIAPHRAGM PUMP ASM (RESTRICTED)",0.0,Sin motor electrico (neumatica),0.2,,,,
ARO-EP20-SFHSA-CSV-ACA,ARO (Ingersoll Rand),EP20-SFHSA-CSV-ACA,NEUMATICA_DOBLE_MEMBRANA,PREMIUM,1.953,39.06,84.6,35319.54,False,"2"" EVO PUMP ASSY (METALLIC)",0.0,Sin motor electrico (neumatica),0.2,Acero inoxidable,,,
ARO-EP10-CFHST-CSV-CDA,ARO (Ingersoll Rand),EP10-CFHST-CSV-CDA,NEUMATICA_DOBLE_MEMBRANA,PREMIUM,0.399,7.98,84.6,35517.42,True,"EVO PUMP 1"" CI ATEX/IECex Motor 2.2Kw",0.0,Sin motor electrico (neumatica),0.2,Fundición,,,
ARO-EP20-SFSTT-CSV-ACA,ARO (Ingersoll Rand),EP20-SFSTT-CSV-ACA,NEUMATICA_DOBLE_MEMBRANA,PREMIUM,1.953,39.06,84.6,36020.28,False,"2"" EVO PUMP ASSY (METALLIC)",0.0,Sin motor electrico (neumatica),0.2,Acero inoxidable,,,
ARO-EP20-SFHTT-CSV-ACA,ARO (Ingersoll Rand),EP20-SFHTT-CSV-ACA,NEUMATICA_DOBLE_MEMBRANA,PREMIUM,1.953,39.06,84.6,36143.7,False,"2"" EVO PUMP ASSY (METALLIC)",0.0,Sin motor electrico (neumatica),0.2,Acero inoxidable,,,
ARO-EP20-SFSST-CSV-ACA,ARO (Ingersoll Rand),EP20-SFSST-CSV-ACA,NEUMATICA_DOBLE_MEMBRANA,PREMIUM,1.953,39.06,84.6,36324.24,False,"2"" EVO PUMP ASSY (METALLIC)",0.0,Sin motor electrico (neumatica),0.2,Acero inoxidable,,,
ARO-EP10-SFHAA-CSV-CDA,ARO (Ingersoll Rand),EP10-SFHAA-CSV-CDA,NEUMATICA_DOBLE_MEMBRANA,PREMIUM,0.399,7.98,84.6,36430.32,True,"EVO PUMP 1"" SST ATEX/IECex Motor 2.2Kw",0.0,Sin motor electrico (neumatica),0.2,Acero inoxidable,,,
ARO-EP20-SFHST-CSV-ACA,ARO (Ingersoll Rand),EP20-SFHST-CSV-ACA,NEUMATICA_DOBLE_MEMBRANA,PREMIUM,1.953,39.06,84.6,36446.64,False,"2"" EVO PUMP ASSY (METALLIC)",0.0,Sin motor electrico (neumatica),0.2,Acero inoxidable,,,
ARO-EP10-SFSSA-CSV-CDA,ARO (Ingersoll Rand),EP10-SFSSA-CSV-CDA,NEUMATICA_DOBLE_MEMBRANA,PREMIUM,0.399,7.98,84.6,36692.46,True,"EVO PUMP 1"" SST ATEX/IECex Motor 2.2Kw",0.0,Sin motor electrico (neumatica),0.2,Acero inoxidable,,,
ARO-EP10-SFHSA-CSV-CDA,ARO (Ingersoll Rand),EP10-SFHSA-CSV-CDA,NEUMATICA_DOBLE_MEMBRANA,PREMIUM,0.399,7.98,84.6,36830.16,True,"EVO PUMP 1"" SST ATEX/IECex Motor 2.2Kw",0.0,Sin motor electrico (neumatica),0.2,Acero inoxidable,,,
ARO-EP10-SFSTT-CSV-BDA,ARO (Ingersoll Rand),EP10-SFSTT-CSV-BDA,NEUMATICA_DOBLE_MEMBRANA,PREMIUM,0.399,7.98,84.6,37012.74,False,"1"" EVO PUMP ASSY (METALLIC)",0.0,Sin motor electrico (neumatica),0.2,Acero inoxidable,,,
ARO-EP10-SFSTT-CSV-CDA,ARO (Ingersoll Rand),EP10-SFSTT-CSV-CDA,NEUMATICA_DOBLE_MEMBRANA,PREMIUM,0.399,7.98,84.6,37012.74,False,"1"" EVO PUMP ASSY (METALLIC)",0.0,Sin motor electrico (neumatica),0.2,Acero inoxidable,,,
ARO-EP10-SFHTT-CSV-CDA,ARO (Ingersoll Rand),EP10-SFHTT-CSV-CDA,NEUMATICA_DOBLE_MEMBRANA,PREMIUM,0.399,7.98,84.6,37148.4,True,"EVO PUMP 1"" SST ATEX/IECex Motor 2.2Kw",0.0,Sin motor electrico (neumatica),0.2,Acero inoxidable,,,
ARO-EP10-SFSST-CSV-CDA,ARO (Ingersoll Rand),EP10-SFSST-CSV-CDA,NEUMATICA_DOBLE_MEMBRANA,PREMIUM,0.399,7.98,84.6,37206.54,True,"EVO PUMP 1"" SST ATEX/IECex Motor 2.2Kw",0.0,Sin motor electrico (neumatica),0.2,Acero inoxidable,,,
ARO-EP10-SFHST-CSV-CDA,ARO (Ingersoll Rand),EP10-SFHST-CSV-CDA,NEUMATICA_DOBLE_MEMBRANA,PREMIUM,0.399,7.98,84.6,37343.22,True,"EVO PUMP 1"" SST ATEX/IECex Motor 2.2Kw",0.0,Sin motor electrico (neumatica),0.2,Acero inoxidable,,,
ARO-EP20-AFAAA-CSV-CDA,ARO (Ingersoll Rand),EP20-AFAAA-CSV-CDA,NEUMATICA_DOBLE_MEMBRANA,PREMIUM,1.953,39.06,84.6,40925.46,True,"EVO PUMP 2"" AL ATEX/IECex Motor 5.5Kw",0.0,Sin motor electrico (neumatica),0.2,Aluminio,,,
ARO-EP20-CFAAA-CSV-CDA,ARO (Ingersoll Rand),EP20-CFAAA-CSV-CDA,NEUMATICA_DOBLE_MEMBRANA,PREMIUM,1.953,39.06,84.6,40925.46,True,"EVO PUMP 2"" CI ATEX/IECex Motor 5.5Kw",0.0,Sin motor electrico (neumatica),0.2,Fundición,,,
ARO-EP20-AFFAA-CSV-CDA,ARO (Ingersoll Rand),EP20-AFFAA-CSV-CDA,NEUMATICA_DOBLE_MEMBRANA,PREMIUM,1.953,39.06,84.6,41045.82,True,"EVO PUMP 2"" AL ATEX/IECex Motor 5.5Kw",0.0,Sin motor electrico (neumatica),0.2,Aluminio,,,
ARO-EP20-AFSAA-CSV-CDA,ARO (Ingersoll Rand),EP20-AFSAA-CSV-CDA,NEUMATICA_DOBLE_MEMBRANA,PREMIUM,1.953,39.06,84.6,41459.94,True,"EVO PUMP 2"" AL ATEX/IECex Motor 5.5Kw",0.0,Sin motor electrico (neumatica),0.2,Aluminio,,,
ARO-EP20-CFSAA-CSV-CDA,ARO (Ingersoll Rand),EP20-CFSAA-CSV-CDA,NEUMATICA_DOBLE_MEMBRANA,PREMIUM,1.953,39.06,84.6,41459.94,True,"EVO PUMP 2"" CI ATEX/IECex Motor 5.5Kw",0.0,Sin motor electrico (neumatica),0.2,Fundición,,,
ARO-EP20-AFHAA-CSV-CDA,ARO (Ingersoll Rand),EP20-AFHAA-CSV-CDA,NEUMATICA_DOBLE_MEMBRANA,PREMIUM,1.953,39.06,84.6,41580.3,True,"EVO PUMP 2"" AL ATEX/IECex Motor 5.5Kw",0.0,Sin motor electrico (neumatica),0.2,Aluminio,,,
ARO-EP20-CFHAA-CSV-CDA,ARO (Ingersoll Rand),EP20-CFHAA-CSV-CDA,NEUMATICA_DOBLE_MEMBRANA,PREMIUM,1.953,39.06,84.6,41580.3,True,"EVO PUMP 2"" CI ATEX/IECex Motor 5.5Kw",0.0,Sin motor electrico (neumatica),0.2,Fundición,,,
ARO-EP20-AFFTT-CSV-CDA,ARO (Ingersoll Rand),EP20-AFFTT-CSV-CDA,NEUMATICA_DOBLE_MEMBRANA,PREMIUM,1.953,39.06,84.6,42019.92,True,"EVO PUMP 2"" AL ATEX/IECex Motor 5.5Kw",0.0,Sin motor electrico (neumatica),0.2,Aluminio,,,
ARO-EP20-CFFTT-CSV-CDA,ARO (Ingersoll Rand),EP20-CFFTT-CSV-CDA,NEUMATICA_DOBLE_MEMBRANA,PREMIUM,1.953,39.06,84.6,42019.92,True,"EVO PUMP 2"" CI ATEX/IECex Motor 5.5Kw",0.0,Sin motor electrico (neumatica),0.2,Fundición,,,
ARO-EP20-AFSTT-CSV-CDA,ARO (Ingersoll Rand),EP20-AFSTT-CSV-CDA,NEUMATICA_DOBLE_MEMBRANA,PREMIUM,1.953,39.06,84.6,42433.02,True,"EVO PUMP 2"" AL ATEX/IECex Motor 5.5Kw",0.0,Sin motor electrico (neumatica),0.2,Aluminio,,,
ARO-EP20-CFSTT-CSV-CDA,ARO (Ingersoll Rand),EP20-CFSTT-CSV-CDA,NEUMATICA_DOBLE_MEMBRANA,PREMIUM,1.953,39.06,84.6,42433.02,True,"EVO PUMP 2"" CI ATEX/IECex Motor 5.5Kw",0.0,Sin motor electrico (neumatica),0.2,Fundición,,,
ARO-EP20-CFHST-CSV-CDA,ARO (Ingersoll Rand),EP20-CFHST-CSV-CDA,NEUMATICA_DOBLE_MEMBRANA,PREMIUM,1.953,39.06,84.6,42856.32,True,"EVO PUMP 2"" CI ATEX/IECex Motor 5.5Kw",0.0,Sin motor electrico (neumatica),0.2,Fundición,,,
ARO-PD20S-BHS-LTT-B,ARO (Ingersoll Rand),PD20S-BHS-LTT-B,NEUMATICA_DOBLE_MEMBRANA,PREMIUM,1.953,39.06,84.6,44424.06,False,"2"" DIAPHRAGM PUMP ASM (RESTRICTED)",0.0,Sin motor electrico (neumatica),0.2,,,,
ARO-EP20-SFHAA-CSV-CDA,ARO (Ingersoll Rand),EP20-SFHAA-CSV-CDA,NEUMATICA_DOBLE_MEMBRANA,PREMIUM,0.399,7.98,84.6,45834.72,True,"EVO PUMP 1"" SST ATEX/IECex Motor 2.2Kw",0.0,Sin motor electrico (neumatica),0.2,Acero inoxidable,,,
ARO-EP20-SFSTT-CSV-BDA,ARO (Ingersoll Rand),EP20-SFSTT-CSV-BDA,NEUMATICA_DOBLE_MEMBRANA,PREMIUM,1.953,39.06,84.6,46684.38,False,"2"" EVO PUMP ASSY (METALLIC)",0.0,Sin motor electrico (neumatica),0.2,Acero inoxidable,,,
ARO-EP20-SFSTT-CSV-CDA,ARO (Ingersoll Rand),EP20-SFSTT-CSV-CDA,NEUMATICA_DOBLE_MEMBRANA,PREMIUM,1.953,39.06,84.6,46684.38,False,"2"" EVO PUMP ASSY (METALLIC)",0.0,Sin motor electrico (neumatica),0.2,Acero inoxidable,,,
ARO-EP20-SFHTT-CSV-CDA,ARO (Ingersoll Rand),EP20-SFHTT-CSV-CDA,NEUMATICA_DOBLE_MEMBRANA,PREMIUM,0.399,7.98,84.6,46807.8,True,"EVO PUMP 1"" SST ATEX/IECex Motor 2.2Kw",0.0,Sin motor electrico (neumatica),0.2,Acero inoxidable,,,
ARO-EP20-SFSST-CSV-CDA,ARO (Ingersoll Rand),EP20-SFSST-CSV-CDA,NEUMATICA_DOBLE_MEMBRANA,PREMIUM,0.399,7.98,84.6,46988.34,True,"EVO PUMP 1"" SST ATEX/IECex Motor 2.2Kw",0.0,Sin motor electrico (neumatica),0.2,Acero inoxidable,,,
ARO-EP20-SFHST-CSV-CDA,ARO (Ingersoll Rand),EP20-SFHST-CSV-CDA,NEUMATICA_DOBLE_MEMBRANA,PREMIUM,0.399,7.98,84.6,47110.74,True,"EVO PUMP 1"" SST ATEX/IECex Motor 2.2Kw",0.0,Sin motor electrico (neumatica),0.2,Acero inoxidable,,,
ARO-PD30S-FHS-LTT-C,ARO (Ingersoll Rand),PD30S-FHS-LTT-C,NEUMATICA_DOBLE_MEMBRANA,PREMIUM,2.691,53.82,84.6,69004.02,False,"3"" DIAPHRAGM PUMP ASM (RESTRICTED) ECCN 2B350I",0.0,Sin motor electrico (neumatica),0.2,,,,
ARO-PD30S-BHS-LTT-C,ARO (Ingersoll Rand),PD30S-BHS-LTT-C,NEUMATICA_DOBLE_MEMBRANA,PREMIUM,2.691,53.82,84.6,69424.26,False,"3"" DIAPHRAGM PUMP ASM (RESTRICTED) ECCN 2B350I",0.0,Sin motor electrico (neumatica),0.2,,,,
CUCCHI-FTG010WECDNE002,Pompe Cucchi,FTG010WECDNE002,ENGRANAJES,BARATA,0.09,0.6,50.9,816.0,False,"BOMBA ENG-FTG010-HIERRO FUNDIDO-0,25KW-4POLS",0.25,Trifasico 400V,0.333,Fundición,,,21.2
CUCCHI-FMG005WECDNE001,Pompe Cucchi,FMG005WECDNE001,ENGRANAJES,BARATA,0.045,0.3,101.9,862.0,False,BOMBA ENGRANAJES,,Trifasico 400V,0.85,,,,
CUCCHI-FMG005B0CDNE002,Pompe Cucchi,FMG005B0CDNE002,ENGRANAJES,BARATA,0.045,0.3,101.9,885.0,False,BOMBA ENGRANAJES 0.25KW 4POL 400/3/50 IP54 B3/14,0.25,Trifasico 400V,0.333,,,,21.2
CUCCHI-FMG010W0CDNE013,Pompe Cucchi,FMG010W0CDNE013,ENGRANAJES,BARATA,0.09,0.6,101.9,1048.0,False,BOMBA ENGRANAJES 0.37KW 4 POLS 440/3/60,0.37,Trifasico 400V,0.45,,,,28.7
CUCCHI-FMG010W0CDNE002,Pompe Cucchi,FMG010W0CDNE002,ENGRANAJES,BARATA,0.09,0.6,101.9,1112.0,False,BOMBA ENGRANAJES 0.37KW 4 POL 400/3/50 IP54 B3/B14,0.37,Trifasico 400V,0.45,,,,28.7
CUCCHI-FMG015BECDNE001,Pompe Cucchi,FMG015BECDNE001,ENGRANAJES,BARATA,0.15,1.0,101.9,1188.0,False,"BOMBA ENG.0.55KW,4POL,400/3/50 C/ BYPASS",0.55,Trifasico 400V,0.505,,,,32.2
CUCCHI-FMG025WECDNE001,Pompe Cucchi,FMG025WECDNE001,ENGRANAJES,BARATA,0.225,1.5,101.9,1188.0,False,"BOMBA ENG CON MOTOR 0,75KW",0.75,Trifasico 400V,0.556,,,,35.4
CUCCHI-FMG025W0CDNE002,Pompe Cucchi,FMG025W0CDNE002,ENGRANAJES,BARATA,0.225,1.5,101.9,1228.0,False,"BOMBA CON MOTOR 0,75 KW 4",0.75,Trifasico 400V,0.556,,,,35.4
CUCCHI-FMG040W0CDME000,Pompe Cucchi,FMG040W0CDME000,ENGRANAJES,BARATA,0.375,2.5,101.9,1336.0,False,GEAR PUMP-1.1KW-CON CAMISA CALEFACTADA,1.1,Trifasico 400V,0.631,,,,40.2
CUCCHI-F0G010W0CDNB029,Pompe Cucchi,F0G010W0CDNB029,ENGRANAJES,BARATA,0.09,0.6,101.9,1340.0,False,BOMBA ENGRANAJES 0.55KW 6 POL 400/3/50 IP55B3/B14,0.55,Trifasico 400V,0.303,,,,19.3
CUCCHI-F0G040WECDNC025NR,Pompe Cucchi,F0G040WECDNC025NR,ENGRANAJES,BARATA,0.375,2.5,101.9,1532.0,False,"BOMBA ENGRAN.CON BY-PASS 1.5 KW TF. IP 55 1 "" BSP",1.5,Trifasico 400V,0.463,,,,29.5
CUCCHI-F0G005Y0CDMB008,Pompe Cucchi,F0G005Y0CDMB008,ENGRANAJES,BARATA,0.045,0.3,101.9,1740.0,False,BOMBA DE ENGRANAJES-0.18KW-8POLOS- HIERRO FUNDIDO,0.18,Trifasico 400V,0.463,Fundición,,,29.5
CUCCHI-F0G010UXCDNB001,Pompe Cucchi,F0G010UXCDNB001,ENGRANAJES,BARATA,0.09,0.6,101.9,2360.0,False,BOMBA DE ENGRANAJES MODELO F0G010- 0.75KW-230/1/50,0.75,Trifasico 400V,0.222,,,,
CUCCHI-FMG050BECDNE006,Pompe Cucchi,FMG050BECDNE006,ENGRANAJES,BARATA,0.45,3.0,101.9,2377.2,False,BOMBA ENGRANAJE 1.5 KW 4 POL400/3/50 IP54 B3/14,1.5,Trifasico 400V,0.556,,,,35.4
CUCCHI-WLX004WXPF0A000,Pompe Cucchi,WLX004WXPF0A000,ENGRANAJES,BARATA,0.094,0.626,100.0,2712.0,False,BOMBA  ENGRAN.-0.37KW-4POLS-400/3/50-IP55+BYPASS,0.37,Trifasico 400V,0.47,,,,29.4
CUCCHI-S0G050K0CXSL000,Pompe Cucchi,S0G050K0CXSL000,ENGRANAJES,BARATA,0.45,3.0,152.8,2720.0,False,"BOMBA DE ENGRANAJES-1,5KW-3PH- CON  VENT.FORZADA",1.5,Trifasico 400V,0.833,,,,53.1
CUCCHI-SG25_CCP,Pompe Cucchi,SG25/CCP,ENGRANAJES,BARATA,0.225,1.5,152.8,2730.0,False,GEAR PUMP SG25/CCP-C/MOTOR 0.37KW-8POLS-3PH,0.37,Trifasico 400V,0.85,,,,
CUCCHI-B0G070W0CDNR000,Pompe Cucchi,B0G070W0CDNR000,ENGRANAJES,CALIDAD_PRECIO,0.63,4.2,99.9,2780.0,False,"BOMBA ENG.4 KW,4 POL. 400/3/50 IP55 B3 70L/M",4.0,Trifasico 400V,0.286,,,,18.2
CUCCHI-SKX025L070FS000,Pompe Cucchi,SKX025L070FS000,ENGRANAJES,CALIDAD_PRECIO,0.135,0.9,152.8,3240.0,False,"BOMBA SKX25C 900 L/H 5 BAR INOX316 3/4"" BSP",,Trifasico 400V,0.85,,,,
CUCCHI-SKX25_C,Pompe Cucchi,SKX25/C,ENGRANAJES,CALIDAD_PRECIO,0.225,1.5,152.8,3240.0,False,"GEAR PUMP 0,55 KW - 6 POLS - 5 BAR",0.55,Trifasico 400V,0.85,,,,72.4
CUCCHI-F0G015W0CDNB020,Pompe Cucchi,F0G015W0CDNB020,ENGRANAJES,CALIDAD_PRECIO,0.15,1.0,101.9,3500.0,False,GEAR PUMP F0G015W0CDNB020-075KW-4,0.75,Trifasico 400V,0.37,,,,23.6
CUCCHI-F0G015WECDNB023,Pompe Cucchi,F0G015WECDNB023,ENGRANAJES,CALIDAD_PRECIO,0.15,1.0,101.9,3870.0,False,"BOMBA ENG.0,55 KW 4 POL.400/3/50 EXDIIBT4 IP55+BP.",0.55,Trifasico 400V,0.505,,,,32.2
CUCCHI-SKX00521X70F000,Pompe Cucchi,SKX00521X70F000,ENGRANAJES,CALIDAD_PRECIO,0.045,0.3,152.8,3880.0,False,BOMBA ENGR. -AISI316L-0.37KW- 6POLS-C/BYPASS INC.,0.37,Trifasico 400V,0.338,Acero inoxidable 316,,,21.5
CUCCHI-SKX010J0AFSL003,Pompe Cucchi,SKX010J0AFSL003,ENGRANAJES,CALIDAD_PRECIO,0.09,0.6,152.8,4028.0,False,GEAR PUMP-AISI316L-0.37KW-8POLS-400/3/50,0.37,Trifasico 400V,0.676,Acero inoxidable 316,,,43.0
CUCCHI-NAX3_5-0_37_KW,Pompe Cucchi,"NAX3,5-0,37 KW",ENGRANAJES,CALIDAD_PRECIO,0.018,0.12,152.8,7120.0,False,"BOMBA ENG.0,37 KW 8 POL 400/3/50 IP55 B35",0.37,Trifasico 400V,0.135,,,,
CUCCHI-SKX025YXPFSL001,Pompe Cucchi,SKX025YXPFSL001,ENGRANAJES,CALIDAD_PRECIO,0.225,1.5,152.8,7300.8,False,BOMBA ENGRANAJES 0.75 KW 6 POL 400/3/50 IP55,0.75,Trifasico 400V,0.833,,,,53.1
CUCCHI-B0G100WECDNB007,Pompe Cucchi,B0G100WECDNB007,ENGRANAJES,CALIDAD_PRECIO,1.026,6.84,99.9,7320.0,False,BOMBA ENGRANAJES 3 KW 8 POLOS,3.0,Trifasico 400V,0.621,,,,39.6
CUCCHI-SKX070X0AFS9005,Pompe Cucchi,SKX070X0AFS9005,ENGRANAJES,CALIDAD_PRECIO,0.63,4.2,152.8,7520.0,False,"GEAR PUMP-AISI316L MOTOR 1,5KW-8POLS",1.5,Trifasico 400V,0.85,Acero inoxidable 316,,,74.3
CUCCHI-SKX150WXKFSW000,Pompe Cucchi,SKX150WXKFSW000,ENGRANAJES,CALIDAD_PRECIO,1.35,9.0,152.8,9880.0,False,GEAR PUMP SKX150WXKFSW000-MOTOR 3KW-6POLS+BYPASS,3.0,Trifasico 400V,0.85,,,,79.6
CUCCHI-S0G150XXCDSW004,Pompe Cucchi,S0G150XXCDSW004,ENGRANAJES,CALIDAD_PRECIO,1.35,9.0,152.8,9920.0,True,BOMBA ENGRANAJES-3KW-6POLS-ATEX- BYPASS,3.0,Trifasico 400V,0.85,,,,79.6
CUCCHI-NDX100X0HA0M002,Pompe Cucchi,NDX100X0HA0M002,ENGRANAJES,CALIDAD_PRECIO,0.6,4.0,152.8,11200.0,False,GEAR PUMP-AISI316L-3KW-400/3/50-4POLS,3.0,Trifasico 400V,0.556,Acero inoxidable 316,,,35.4
CUCCHI-NEX200XXKF0T009,Pompe Cucchi,NEX200XXKF0T009,ENGRANAJES,PREMIUM,1.2,8.0,152.8,11570.0,True,"BOMBA DOS. ENG. 5,5KW 4P ATEX +BYPASS VALVE+DRAIN",5.5,Trifasico 400V,0.606,,,,38.6
CUCCHI-SKX150XX70FS001,Pompe Cucchi,SKX150XX70FS001,ENGRANAJES,PREMIUM,1.35,9.0,152.8,11900.0,False,BOMBA SKX150/TMV 3 KW-C/BYPASS INC.,3.0,Trifasico 400V,0.85,,,,79.6
CUCCHI-B0G300LECDND000,Pompe Cucchi,B0G300LECDND000,ENGRANAJES,PREMIUM,2.88,19.2,99.9,11960.0,True,BOMBA ENG. 4KW- 8 POLOS- ATEX - C/BYPASS,4.0,Trifasico 400V,0.85,,,,83.3
CUCCHI-NEX200XXKF0T006,Pompe Cucchi,NEX200XXKF0T006,ENGRANAJES,PREMIUM,1.2,8.0,152.8,12714.0,True,"BOMBA DOS. ENG. 7,5KW 4P ATEX +BYPASS VALVE +DRAIN",7.5,Trifasico 400V,0.444,,,,28.3
CUCCHI-SKX400XXHFSU002,Pompe Cucchi,SKX400XXHFSU002,ENGRANAJES,PREMIUM,3.6,24.0,152.8,13509.0,False,"GEAR PUMP W/7,5MOTOR+BYPASS VALVE",,Trifasico 400V,0.85,,,,
CUCCHI-SKX070XXKFSL008,Pompe Cucchi,SKX070XXKFSL008,ENGRANAJES,PREMIUM,0.63,4.2,152.8,13870.0,True,"BOMBA DOS. ENG. 1,1 KW 6P ATEX+BYPASS VALVE +DRAIN",1.1,Trifasico 400V,0.85,,,,
CUCCHI-NBX024K0HF0R000,Pompe Cucchi,NBX024K0HF0R000,ENGRANAJES,PREMIUM,0.135,0.9,152.8,14238.0,False,BOMBA ENGRAN. VELOC.VARIABLE 21.K2/000/A4.0-075KW,0.75,Trifasico 400V,0.5,,,,31.9
CUCCHI-B0GM20W0CDN000,Pompe Cucchi,B0GM20W0CDN000,ENGRANAJES,PREMIUM,2.79,18.6,100.0,14468.0,True,BOMBA ENGRANAJES- 11KW-6P- ATEX,11.0,Trifasico 400V,0.47,,,,29.4
CUCCHI-S0GM00W0CDSU002,Pompe Cucchi,S0GM00W0CDSU002,ENGRANAJES,PREMIUM,9.0,60.0,152.8,14880.0,True,"BOMBA DE ENGRANAJES-11KW-6P- ATEX- ANSI 4""",11.0,Trifasico 400V,0.85,,,,
CUCCHI-NDX068XXKF0N002,Pompe Cucchi,NDX068XXKF0N002,ENGRANAJES,PREMIUM,0.375,2.5,152.8,15115.0,False,"BOMBA DOS. ENG. 2,2 KW 6P +BAYPASS VALVEL + DRAIN",2.2,Trifasico 400V,0.473,,,,30.2
CUCCHI-NDX100XXKF0M001,Pompe Cucchi,NDX100XXKF0M001,ENGRANAJES,PREMIUM,0.6,4.0,152.8,15115.0,True,"BOMBA DOS. ENG 2,2 KW 4P ATEX +BAYPASS VALVE+DRAIN",2.2,Trifasico 400V,0.758,,,,48.3
CUCCHI-NDX100XXKF0N001,Pompe Cucchi,NDX100XXKF0N001,ENGRANAJES,PREMIUM,0.6,4.0,152.8,15115.0,True,"BOMBA DOS. ENG. 2,2 KW 6P ATEX +BYPASS VALVE+DRAIN",2.2,Trifasico 400V,0.758,,,,48.3
CUCCHI-SKX800XXHFSV001,Pompe Cucchi,SKX800XXHFSV001,ENGRANAJES,PREMIUM,7.2,48.0,152.8,18240.0,False,GEAR PUMP C/ MOTOR 11 KW -8 POLS-,11.0,Trifasico 400V,0.85,,,,
CUCCHI-NDX068X0KF0M005,Pompe Cucchi,NDX068X0KF0M005,ENGRANAJES,PREMIUM,0.375,2.5,152.8,18500.0,False,BOMBA DOSIF.ENG.4 KW 4 POL.400/3/50 EXDIIBT4 IP55,4.0,Trifasico 400V,0.26,,,,16.6
CUCCHI-NDX068X0KF0M006,Pompe Cucchi,NDX068X0KF0M006,ENGRANAJES,PREMIUM,0.375,2.5,152.8,18500.0,True,BOMBA ENGRANAJES CERTI.ATEX.,,Trifasico 400V,0.85,,,,
CUCCHI-NCX041X0KF0M006,Pompe Cucchi,NCX041X0KF0M006,ENGRANAJES,PREMIUM,0.195,1.3,152.8,18538.0,False,"BOMBA DOSIF.ENG.2,2 KW 4 POL 400/3/50 EXDIIBT IP55",2.2,Trifasico 400V,0.246,,,,15.7
CUCCHI-SKX800XXHFSV000,Pompe Cucchi,SKX800XXHFSV000,ENGRANAJES,PREMIUM,7.2,48.0,152.8,20179.9,True,GEAR PUMP C/MOTOR 11KW-8POLS-ATEX,11.0,Trifasico 400V,0.85,,,,
CUCCHI-NFSM60WECU0Z000,Pompe Cucchi,NFSM60WECU0Z000,ENGRANAJES,PREMIUM,5.58,37.2,100.0,25340.0,False,BOMBA TIPO FMS-C/BYPASS-MOTOR SIEMENS 22KW,22.0,Trifasico 400V,0.47,,,,29.4
SYDEX-FMC-15_4_CAJ6_M,Sydex,FMC-15/4 CAJ6 M,TORNILLO_HELICOIDAL,BARATA,0.231,1.54,40.8,525.0,False,"BOMBA TORN.HEL.CON MOTOR 3B 0,55K",,Trifasico 400V,0.65,,,,
SYDEX-FMC-03_6_CAJ6__3B_,Sydex,FMC-03/6 CAJ6 (3B),TORNILLO_HELICOIDAL,BARATA,0.054,0.36,40.8,563.0,False,"BOMBA 1"", NBR,ROTOR SS316L,CER-GRA-NBR, EJE SS316",,Trifasico 400V,0.65,Acero inoxidable 316,Nitrilo (NBR/Buna-N),,
SYDEX-FMC15_4_CAJ6_0_37KW,Sydex,FMC15/4 CAJ6+0.37KW,TORNILLO_HELICOIDAL,BARATA,0.231,1.54,40.8,620.0,False,BOMBA FMC15/4CAJ 6 (3B)+ MOTOR 0.37KW,0.37,Trifasico 400V,0.462,,,,29.5
SYDEX-FMC07_4CAJ6_3B_-0_55,Sydex,FMC07/4CAJ6(3B)-0.55,TORNILLO_HELICOIDAL,BARATA,0.111,0.74,40.8,660.0,False,BOMBA CON MOTOR 0.55KW-SIN VARIADOR,0.55,Trifasico 400V,0.149,,,,
SYDEX-FMC15_4CAJ6_3B_0_55K,Sydex,"FMC15/4CAJ6(3B)0,55K",TORNILLO_HELICOIDAL,BARATA,0.231,1.54,40.8,660.0,False,"BOMBA SYDEX A VEL. FIJA MOTOR 0,55KW",0.55,Trifasico 400V,0.311,,,,19.8
SYDEX-FMS25_4CAJ6-075KW,Sydex,FMS25/4CAJ6-075KW,TORNILLO_HELICOIDAL,BARATA,0.381,2.54,40.8,850.0,False,BOMBA FMS25/4 CAJ6(4D)-0.75KW,0.75,Trifasico 400V,0.376,,,,24.0
SYDEX-FMS60_4_J2J_8__4F_,Sydex,FMS60/4 J2J 8 (4F),TORNILLO_HELICOIDAL,BARATA,0.906,6.04,40.8,850.0,False,BOMBA SYDEX-STATOR NBR; CIERRE MEC:CER-GRA-NITRILE,,Trifasico 400V,0.65,,Nitrilo (NBR/Buna-N),,
SYDEX-BK0351LG5460L1BAE_G,Sydex,BK0351LG5460L1BAE/G,TORNILLO_HELICOIDAL,BARATA,1.5,10.0,61.1,875.6,False,BOMBA BK035-1LG5-460-L1BA-E/G-0.75KW,0.75,Trifasico 400V,0.65,,,,
SYDEX-FMS50_4_CAJ_4F_,Sydex,FMS50/4 CAJ(4F),TORNILLO_HELICOIDAL,BARATA,0.756,5.04,40.8,1040.0,False,BOMBA SYDEX MOD. FMS 50/4 CAJ 6,,Trifasico 400V,0.65,,,,
SYDEX-FMS_60_4_CAJ6__4F_,Sydex,FMS 60/4 CAJ6 (4F),TORNILLO_HELICOIDAL,BARATA,0.906,6.04,40.8,1060.0,False,BOMBA FMS 60/4 CAJ6,,Trifasico 400V,0.65,,,,
SYDEX-BK0201LG5220L1BA-E_G,Sydex,BK0201LG5220L1BA-E/G,TORNILLO_HELICOIDAL,BARATA,0.45,3.0,61.1,1147.0,False,BOMBA SYDEX BK020,,Trifasico 400V,0.65,,,,
SYDEX-FMC_03_6_CAJ6_VAR,Sydex,FMC 03/6 CAJ6+VAR,TORNILLO_HELICOIDAL,BARATA,0.054,0.36,40.8,1187.0,False,"BOMBA SYDEX MOD. FMC03/6 CAJ6- 0,37KW-CON VARIADOR",0.37,Trifasico 400V,0.108,,,,
SYDEX-BK0151LG5220L1AA-E_G,Sydex,BK0151LG5220L1AA-E/G,TORNILLO_HELICOIDAL,BARATA,0.06,0.4,61.1,1202.05,False,BOMBA BK015-1L- 400L/H-0.75KW (VELOCIDAD FIJA),0.75,Trifasico 400V,0.089,,,,
SYDEX-FMS_60_4_CAK6,Sydex,FMS 60/4 CAK6,TORNILLO_HELICOIDAL,BARATA,0.906,6.04,40.8,1208.9,False,"BOMBA SYDEX 2"" 1400 RPM 2/4 BAR 1.5KW NBR",1.5,Trifasico 400V,0.447,,Nitrilo (NBR/Buna-N),,28.5
SYDEX-BK0201LA6220L1AAE_G,Sydex,BK0201LA6220L1AAE/G,TORNILLO_HELICOIDAL,BARATA,0.45,3.0,61.1,1224.0,False,BOMBA BK020-1L-A6-220- 0.75KW-VARMEC RCV241,0.75,Trifasico 400V,0.667,,,,42.5
SYDEX-BK0391LG5460L1BA-E_D,Sydex,BK0391LG5460L1BA-E/D,TORNILLO_HELICOIDAL,BARATA,2.4,16.0,61.1,1272.7,False,BOMBA BK039-1L-460-L1BA-E/D-2.2KW,2.2,Trifasico 400V,0.65,,,,77.2
SYDEX-FMC-07_4_CAJ6__3B_,Sydex,FMC-07/4 CAJ6 (3B),TORNILLO_HELICOIDAL,BARATA,0.111,0.74,40.8,1280.4,False,FREE MOULDED PUMP 0.37KW 4P B5,0.37,Trifasico 400V,0.222,,,,
SYDEX-FMC07_4_CAJ6-0_37KW,Sydex,FMC07/4 CAJ6-0.37KW,TORNILLO_HELICOIDAL,BARATA,0.111,0.74,40.8,1305.7,False,BOMBA SYDEX FMC 07/4 CAJ 6- 0.37KW-C/VARIADOR,0.37,Trifasico 400V,0.222,,,,
SYDEX-BK0202SG5220L1A-0_75,Sydex,BK0202SG5220L1A-0.75,TORNILLO_HELICOIDAL,BARATA,0.45,3.0,61.1,1364.0,False,BOMBA SYDEX BK020-2S-G5-220-L1AA-E/G-MOTOR 0.75KW,0.75,Trifasico 400V,0.667,,,,42.5
SYDEX-BK0152SG5220L1AA-E_G,Sydex,BK0152SG5220L1AA-E/G,TORNILLO_HELICOIDAL,BARATA,0.33,2.2,61.1,1367.0,False,BOMBA SYDEX MOD: BK015-MOTOR 0.75KW,0.75,Trifasico 400V,0.489,,,,31.1
SYDEX-BK0201LG5220L1AA_V,Sydex,BK0201LG5220L1AA+V,TORNILLO_HELICOIDAL,BARATA,0.45,3.0,61.1,1368.84,False,BOMBA SYDEX- CON VARIADOR-0.55KW,0.55,Trifasico 400V,0.909,,,,57.9
SYDEX-BK0201LG5220L1AAE_G,Sydex,BK0201LG5220L1AAE/G,TORNILLO_HELICOIDAL,BARATA,0.45,3.0,61.1,1380.0,False,"BOMBA BK020-1L-G5-220-L1AA-E/G-0,75KW-VEL.FIJA",0.75,Trifasico 400V,0.667,,,,42.5
SYDEX-BK0351LG5460L1BA-E_G,Sydex,BK0351LG5460L1BA-E/G,TORNILLO_HELICOIDAL,BARATA,1.5,10.0,61.1,1444.0,False,"BOMBA GG20 2"" NBR S/S/VIT +BASE 230/400 0.75 KW",0.75,Trifasico 400V,0.65,,Nitrilo (NBR/Buna-N),,
SYDEX-BK0352SG5460L1BAE_G,Sydex,BK0352SG5460L1BAE/G,TORNILLO_HELICOIDAL,BARATA,1.5,10.0,61.1,1477.0,False,BOMBA BK035-2S-G5-460-L1BA-E/G-0.75KW-VEL. FIJA,0.75,Trifasico 400V,0.65,,,,
SYDEX-BK0351LG5460L1B_0_75,Sydex,BK0351LG5460L1B_0.75,TORNILLO_HELICOIDAL,BARATA,1.5,10.0,61.1,1480.0,False,BK035-1L-G5-460-L1BA-E/G-0.75KW,0.75,Trifasico 400V,0.65,,,,
SYDEX-BK0152SA6220L1AAEG3E,Sydex,BK0152SA6220L1AAEG3E,TORNILLO_HELICOIDAL,BARATA,0.33,2.2,61.1,1493.0,False,BOMBA SYDEX SS 316L 0.75 KW,0.75,Trifasico 400V,0.489,,,,31.1
SYDEX-BM9S3A8F220F1BA-0_37,Sydex,BM9S3A8F220F1BA-0.37,TORNILLO_HELICOIDAL,BARATA,0.029,0.196,366.8,1506.0,False,PUMP BM9S3-A8-F220-F1BA-B/G(3B)-0.37KW,0.37,Trifasico 400V,0.53,,,,33.8
SYDEX-BM7S3A6F220F1BABG,Sydex,BM7S3A6F220F1BABG,TORNILLO_HELICOIDAL,BARATA,0.029,0.196,366.8,1630.0,False,"BOMBA BM7S3-SP005125-650,0,37KW 6P",0.37,Trifasico 400V,0.53,,,,33.8
SYDEX-BK0152SA6220L1-AAE_G,Sydex,BK0152SA6220L1-AAE/G,TORNILLO_HELICOIDAL,BARATA,0.06,0.4,61.1,1642.3,False,BOMBA SYDEX- 400 L/H- 0.75KW (VELOCIDAD FIJA),0.75,Trifasico 400V,0.089,,,,
SYDEX-BK0202SG5220L1AA-E_G,Sydex,BK0202SG5220L1AA-E/G,TORNILLO_HELICOIDAL,BARATA,0.45,3.0,61.1,1652.0,False,BOMBA CON VARIADOR-0.55KW,0.55,Trifasico 400V,0.909,,,,57.9
SYDEX-BK0391SG5460L1B-TROP,Sydex,BK0391SG5460L1B-TROP,TORNILLO_HELICOIDAL,BARATA,2.4,16.0,61.1,1662.0,False,BOMBA BK039-1S-G5-460-L1BA-E/G-MOTOR1.1KW-TROPIC.,1.1,Trifasico 400V,0.65,,,,
SYDEX-BK0152SG5220L-ANSI_V,Sydex,BK0152SG5220L-ANSI+V,TORNILLO_HELICOIDAL,BARATA,0.33,2.2,61.1,1691.0,False,BOMBA BK015-2S-G5-220-L1AA-ANSI+VARIADOR MAN. INT.,0.75,Trifasico 400V,0.489,,,,31.1
SYDEX-BK0391SG5460L1BA350R,Sydex,BK0391SG5460L1BA350R,TORNILLO_HELICOIDAL,BARATA,2.4,16.0,61.1,1715.0,False,BOMBA BK039-1S-G5-460-L1BA-E/G (3E) 350 RPM,,Trifasico 400V,0.65,,,,
SYDEX-BK0391SG5C460L1XBAEG,Sydex,BK0391SG5C460L1XBAEG,TORNILLO_HELICOIDAL,BARATA,2.4,16.0,61.1,1715.0,False,BOMBA TORNILLO ENTRADA GIRADA +AGUJERO SONDA,,Trifasico 400V,0.65,,,,
SYDEX-BK0352SG5460L1B_0_75,Sydex,BK0352SG5460L1B_0.75,TORNILLO_HELICOIDAL,BARATA,1.5,10.0,61.1,1945.0,False,"BOMBA BK035-2S-G5-460-L1BA-E/A_0,75KW_230/400V",2.2,Trifasico 400V,0.758,,,,48.2
SYDEX-BK0391SG5F461F1BA-EG,Sydex,BK0391SG5F461F1BA-EG,TORNILLO_HELICOIDAL,BARATA,2.4,16.0,61.1,1962.0,False,BOMBA BK039-1S-G5-F461-F1BA-E/G-1.1KW,1.1,Trifasico 400V,0.65,,,,
SYDEX-BHL0202SA6220L1A1QA,Sydex,BHL0202SA6220L1A1QA,TORNILLO_HELICOIDAL,BARATA,0.45,3.0,61.1,2078.0,False,BOMBA BHL020-2S-A6-220-L1QAF/F-MOTOR 0.75K,,Trifasico 400V,0.65,,,,
SYDEX-BK0351SG5420L1BAEG,Sydex,BK0351SG5420L1BAEG,TORNILLO_HELICOIDAL,CALIDAD_PRECIO,1.5,10.0,61.1,2090.9,False,BOMBA SYDEX,2.2,Trifasico 400V,0.758,,,,48.2
SYDEX-BK0391LG5460_2_2K_5M,Sydex,BK0391LG5460/2.2K/5M,TORNILLO_HELICOIDAL,CALIDAD_PRECIO,0.75,5.0,61.1,2102.0,False,BOMBA BK039-1L-G5-460-L1BA-E/D-2.2KW-5M3/H;I=6.47,2.2,Trifasico 400V,0.379,,,,24.1
SYDEX-BK0391LG5460_2_2K_6M,Sydex,BK0391LG5460/2.2K/6M,TORNILLO_HELICOIDAL,CALIDAD_PRECIO,0.9,6.0,61.1,2102.0,False,BOMBA BK039-1L-G5-460-L1BA-E/D-2.2KW-6M3/H; I=5.92,2.2,Trifasico 400V,0.455,,,,28.9
SYDEX-BK0391LG5460L1B-BRID,Sydex,BK0391LG5460L1B-BRID,TORNILLO_HELICOIDAL,CALIDAD_PRECIO,2.4,16.0,61.1,2102.0,False,PUMP BK039-1L-G5-460-L1BA-E/D-2.2KW-BRIDA,2.2,Trifasico 400V,0.65,,,,77.2
SYDEX-BK0391LG5560L1BA-E_D,Sydex,BK0391LG5560L1BA-E/D,TORNILLO_HELICOIDAL,CALIDAD_PRECIO,2.4,16.0,61.1,2102.0,False,BOMBA HIERRO FUNDIDO DN65 NBR-2.2 KW-,2.2,Trifasico 400V,0.65,Fundición,Nitrilo (NBR/Buna-N),,77.2
SYDEX-BK0451SG5460L1BAED,Sydex,BK0451SG5460L1BAED,TORNILLO_HELICOIDAL,CALIDAD_PRECIO,3.75,25.0,61.1,2175.0,False,BOMBA BK045 1S G5 460,7.5,Trifasico 400V,0.556,,,,35.4
SYDEX-BK0391LG5460L1BAE_D,Sydex,BK0391LG5460L1BAE/D,TORNILLO_HELICOIDAL,CALIDAD_PRECIO,2.4,16.0,61.1,2180.0,False,BOMBA SYDEX BK039-HIERRO FUNDIDO,,Trifasico 400V,0.65,Fundición,,,
SYDEX-AX_BM9S3A8F220F1XBA-,Sydex,AX_BM9S3A8F220F1XBA-,TORNILLO_HELICOIDAL,CALIDAD_PRECIO,0.029,0.196,366.8,2354.0,True,B.ATEX PT 100 AXBM9S3-A8-F220-F1XBA-B/G(3B)-0.37KW,0.37,Trifasico 400V,0.53,,,,33.8
SYDEX-BK0451SG5560L1BA-E_D,Sydex,BK0451SG5560L1BA-E/D,TORNILLO_HELICOIDAL,CALIDAD_PRECIO,3.75,25.0,61.1,2362.0,False,"BOMBA DN65,NBR,SS420B,SIC/SIC/VIT.1.5 KW,IP55",1.5,Trifasico 400V,0.65,,Nitrilo (NBR/Buna-N),,
SYDEX-BK0451SG5460L1BA-E_D,Sydex,BK0451SG5460L1BA-E/D,TORNILLO_HELICOIDAL,CALIDAD_PRECIO,3.75,25.0,61.1,2392.5,False,BOMBA BK045-1S-G5-460-L1BA-E/D-,7.5,Trifasico 400V,0.556,,,,35.4
SYDEX-BK0392SG5A460L1XBA_H,Sydex,BK0392SG5A460L1XBA+H,TORNILLO_HELICOIDAL,CALIDAD_PRECIO,2.4,16.0,61.1,2497.0,False,PUMP BK039-2S-G5A-460-L1XBA-E/D-W/HOLE PROBE+ROTAC,,Trifasico 400V,0.65,,,,
SYDEX-BK0391LG5460L1XBAEA,Sydex,BK0391LG5460L1XBAEA,TORNILLO_HELICOIDAL,CALIDAD_PRECIO,2.4,16.0,61.1,2532.2,False,BOMBA CON ORIFICIO SONDA STATOR NBR ROTOR SS,,Trifasico 400V,0.65,,Nitrilo (NBR/Buna-N),,
SYDEX-BK0392SG5460L1BA_V_F,Sydex,BK0392SG5460L1BA+V.F,TORNILLO_HELICOIDAL,CALIDAD_PRECIO,2.4,16.0,61.1,2575.0,False,BOMBA SYDEX BK039- CON VENTILACION FORZADA,,Trifasico 400V,0.65,,,,
SYDEX-BK0392SG5460L1X_VF_G,Sydex,BK0392SG5460L1X+VF+G,TORNILLO_HELICOIDAL,CALIDAD_PRECIO,2.4,16.0,61.1,2575.0,False,BK039-2S-G5-460-L1XBA-E/D-VEN.FORZ+GIRADA+HOLE,,Trifasico 400V,0.65,,,,
SYDEX-AX_BK0352SG5460L1XBA,Sydex,AX_BK0352SG5460L1XBA,TORNILLO_HELICOIDAL,CALIDAD_PRECIO,1.5,10.0,61.1,2594.0,True,BOMBA ATEX AX_BK035-2S-G5-460-L1XBA-E/G-0.75KW,0.75,Trifasico 400V,0.65,,,,
SYDEX-BK0392SG5460L1B-TROP,Sydex,BK0392SG5460L1B-TROP,TORNILLO_HELICOIDAL,CALIDAD_PRECIO,2.4,16.0,61.1,2611.0,False,BOMBA BK039-2S-G5-460-L1BA-E/D+V.F+TROPICALIZD,,Trifasico 400V,0.65,,,,
SYDEX-BK0451LG5360L1BU-E_G,Sydex,BK0451LG5360L1BU-E/G,TORNILLO_HELICOIDAL,CALIDAD_PRECIO,3.75,25.0,61.1,2632.0,False,BOMBA SYDEX,7.5,Trifasico 400V,0.556,,,,35.4
SYDEX-BK0451LG5560L1BA-3KW,Sydex,BK0451LG5560L1BA-3KW,TORNILLO_HELICOIDAL,CALIDAD_PRECIO,3.75,25.0,61.1,2694.0,False,BOMBA BK045-1L-G5-560-L1BA-E/D-MOTOR 3KW,3.0,Trifasico 400V,0.65,,,,88.5
SYDEX-BK0452SG5560L1BA-E_D,Sydex,BK0452SG5560L1BA-E/D,TORNILLO_HELICOIDAL,CALIDAD_PRECIO,3.75,25.0,61.1,2694.0,False,BOMBA VEL.FIJA- 3KW- STATOR:NBR-PERBUNAN- ROTOR SS,3.0,Trifasico 400V,0.65,,Nitrilo (NBR/Buna-N),,88.5
SYDEX-BK0452SG5C560C1BA-3K,Sydex,BK0452SG5C560C1BA-3K,TORNILLO_HELICOIDAL,CALIDAD_PRECIO,3.75,25.0,61.1,2754.0,False,BK045-2S-G5-C560-C1BA-E/D-3KW,3.0,Trifasico 400V,0.65,,,,88.5
SYDEX-BHL0351LA6220L1B1QAF,Sydex,BHL0351LA6220L1B1QAF,TORNILLO_HELICOIDAL,CALIDAD_PRECIO,1.5,10.0,61.1,2760.0,False,BOMBA SYDEX AISI 316 NBR DN32 0.75KW,0.75,Trifasico 400V,0.65,Acero inoxidable 316,Nitrilo (NBR/Buna-N),,
SYDEX-BHL0351LA69220L1B1QA,Sydex,BHL0351LA69220L1B1QA,TORNILLO_HELICOIDAL,CALIDAD_PRECIO,1.5,10.0,61.1,2760.0,False,BOMBA SYDEX SS316L-0.75KW-CIERRE:SIL-SIL-NBR+QUENC,0.75,Trifasico 400V,0.65,,Nitrilo (NBR/Buna-N),,
SYDEX-BK0152SG5F220F1AQAEG,Sydex,BK0152SG5F220F1AQAEG,TORNILLO_HELICOIDAL,CALIDAD_PRECIO,0.33,2.2,61.1,2781.82,False,BOMBA BK015-2S-G5-F220-F1AQA-E/G-0.75KW,0.75,Trifasico 400V,0.489,,,,31.1
SYDEX-BK0392SG5A460L1XBAED,Sydex,BK0392SG5A460L1XBAED,TORNILLO_HELICOIDAL,CALIDAD_PRECIO,2.4,16.0,61.1,2797.3,False,BOMBA SYDEX BK039-2S-G5A-460-L1XBA-E/D (4I),,Trifasico 400V,0.65,,,,
SYDEX-BK0391SA6F221F1-VENF,Sydex,BK0391SA6F221F1-VENF,TORNILLO_HELICOIDAL,CALIDAD_PRECIO,2.4,16.0,61.1,2804.0,False,BOMBA BK0391SA6F221F1BA-E/D + VENT. FORZADA,,Trifasico 400V,0.65,,,,
SYDEX-BK0451SG5460L1BA_1_5,Sydex,BK0451SG5460L1BA_1.5,TORNILLO_HELICOIDAL,CALIDAD_PRECIO,3.75,25.0,61.1,2829.0,False,BOMBA BK045-1S-G5-460-L1BA-E/A_1.5KW_IE3_230/400V,7.5,Trifasico 400V,0.556,,,,35.4
SYDEX-BK0651LA6220L1BQA-F,Sydex,BK0651LA6220L1BQA-F,TORNILLO_HELICOIDAL,CALIDAD_PRECIO,10.5,70.0,61.1,2888.0,False,BOMBA BK065-1L-A6-220-L1BQA-F/D,18.5,Trifasico 400V,0.631,,,,40.2
SYDEX-BK0391SG5460L1BA-E_D,Sydex,BK0391SG5460L1BA-E/D,TORNILLO_HELICOIDAL,CALIDAD_PRECIO,2.4,16.0,61.1,2928.2,False,BOMBA TORNILLOHELICOIDAL CON VARIADOR,,Trifasico 400V,0.65,,,,
SYDEX-BK0521LG5C561C1BA-ED,Sydex,BK0521LG5C561C1BA-ED,TORNILLO_HELICOIDAL,CALIDAD_PRECIO,5.25,35.0,61.1,2990.0,False,BK052-1L-G5-C561-C1BA-E/D-STATOR CSM-HYPALON-4KW,4.0,Trifasico 400V,0.65,,Hypalon (CSM),,
SYDEX-BK0451SA6220L1BAE_D,Sydex,BK0451SA6220L1BAE/D,TORNILLO_HELICOIDAL,CALIDAD_PRECIO,3.75,25.0,61.1,2992.0,False,BOMBA BK045-STATOR NBR;CIERRE MEC:SIL-SIL-VIT-2.2K,2.2,Trifasico 400V,0.65,,Nitrilo (NBR/Buna-N),,
SYDEX-BK0451SG5460_VAR,Sydex,BK0451SG5460+VAR,TORNILLO_HELICOIDAL,CALIDAD_PRECIO,3.75,25.0,61.1,3002.0,False,PUMP BK045-1S-G5-460-L1BA-E/D+VAR20/1_MOT:1.5KW,1.5,Trifasico 400V,0.65,,,,
SYDEX-BK0351LA62B0L1BA-E_D,Sydex,BK0351LA62B0L1BA-E/D,TORNILLO_HELICOIDAL,CALIDAD_PRECIO,1.5,10.0,61.1,3010.91,False,BK035-1L-A6-2B0-L1BA-E/D -0.75KW,0.75,Trifasico 400V,0.65,,,,
SYDEX-BK0324SG5400L1BA-3KW,Sydex,BK0324SG5400L1BA-3KW,TORNILLO_HELICOIDAL,CALIDAD_PRECIO,1.425,9.5,60.0,3167.0,False,BK032-4S-G5-400-L1BA-E/D- 3KW,3.0,Trifasico 400V,0.53,,,,33.0
SYDEX-BK0522SG5560L1BAED,Sydex,BK0522SG5560L1BAED,TORNILLO_HELICOIDAL,CALIDAD_PRECIO,1.05,7.0,61.1,3179.0,False,BOMBA BK052-2S-G5-5-6-0-L1BA-ED- 4KW-7M3/H,4.0,Trifasico 400V,0.292,,,,18.6
SYDEX-BK0391LA6220L1BQAFD,Sydex,BK0391LA6220L1BQAFD,TORNILLO_HELICOIDAL,CALIDAD_PRECIO,2.4,16.0,61.1,3201.0,False,BOMBA BK039-1L-A6-220-L1BQA-F/D(4I)-SS316,,Trifasico 400V,0.65,Acero inoxidable 316,,,
SYDEX-BK0451LG5560L1BAE_D,Sydex,BK0451LG5560L1BAE/D,TORNILLO_HELICOIDAL,CALIDAD_PRECIO,3.75,25.0,61.1,3220.0,False,BOMBA TORN.HELIC.- MOTOR 3KW,3.0,Trifasico 400V,0.65,,,,88.5
SYDEX-BK0391LG5460L1BA_VAR,Sydex,BK0391LG5460L1BA+VAR,TORNILLO_HELICOIDAL,CALIDAD_PRECIO,2.4,16.0,61.1,3226.0,False,BOMBA BK039-1L-G5-460-L1BA-E/D+ VARIADOR -1.5KW,1.5,Trifasico 400V,0.65,,,,
SYDEX-BK0521LG5360L1BUE_D,Sydex,BK0521LG5360L1BUE/D,TORNILLO_HELICOIDAL,CALIDAD_PRECIO,5.25,35.0,61.1,3229.0,False,BOMBA DE TORNILLO HELICOIDAL- 4KW,4.0,Trifasico 400V,0.65,,,,
SYDEX-BK0451LA6220L1B1QAED,Sydex,BK0451LA6220L1B1QAED,TORNILLO_HELICOIDAL,CALIDAD_PRECIO,3.75,25.0,61.1,3311.0,False,BOMBA SYDEX SS316L;STATOR:NBR;ROTOR:SS316L,7.5,Trifasico 400V,0.556,,Nitrilo (NBR/Buna-N),,35.4
SYDEX-BK0392SA62BOL1BQAA7D,Sydex,BK0392SA62BOL1BQAA7D,TORNILLO_HELICOIDAL,CALIDAD_PRECIO,2.4,16.0,61.1,3385.0,False,"BOMBA INOX. ROTOR INOX CROMADO. 2,2KW",2.2,Trifasico 400V,0.65,Acero inoxidable,,,77.2
SYDEX-BK0521L-G5560L1XBAEA,Sydex,BK0521L-G5560L1XBAEA,TORNILLO_HELICOIDAL,CALIDAD_PRECIO,5.25,35.0,61.1,3468.0,False,BOMBA CON ALOJAMIENTO SONDA  STATOR NBR ROTOR SS,11.0,Trifasico 400V,0.53,,Nitrilo (NBR/Buna-N),,33.8
SYDEX-BK0521LG5560L1BAE_D,Sydex,BK0521LG5560L1BAE/D,TORNILLO_HELICOIDAL,CALIDAD_PRECIO,5.25,35.0,61.1,3495.8,False,BOMBA TORNILLO HELICOIDAL -,11.0,Trifasico 400V,0.53,,,,33.8
SYDEX-BK0521LG5560L1BA-4KW,Sydex,BK0521LG5560L1BA-4KW,TORNILLO_HELICOIDAL,CALIDAD_PRECIO,5.25,35.0,61.1,3552.0,False,BOMBA BK052-1L-G5-560-L1BA-E/D- MOTOR 4KW,4.0,Trifasico 400V,0.65,,,,
SYDEX-BK0391LA6220L1BA_VF,Sydex,BK0391LA6220L1BA+VF,TORNILLO_HELICOIDAL,PREMIUM,2.4,16.0,61.1,3566.0,False,BOMBA SYDEX BK039-1L-A6-220-L1BA-E/D-VENT.FORZADA,,Trifasico 400V,0.65,,,,
SYDEX-BW0391SA6220L4Z1BF_F,Sydex,BW0391SA6220L4Z1BF/F,TORNILLO_HELICOIDAL,PREMIUM,2.4,16.0,61.1,3745.5,False,BOMBA SYDEX SS316 SANITARIA,,Trifasico 400V,0.65,Acero inoxidable 316,,,
SYDEX-BK0351LA6220L1BAEA,Sydex,BK0351LA6220L1BAEA,TORNILLO_HELICOIDAL,PREMIUM,1.5,10.0,61.1,3803.8,False,BOMBA SYDEX BK035,2.2,Trifasico 400V,0.758,,,,48.2
SYDEX-BK0651LG5560L1BA-E_D,Sydex,BK0651LG5560L1BA-E/D,TORNILLO_HELICOIDAL,PREMIUM,10.5,70.0,61.1,4092.0,False,"BOMBA BK065-1L- 5,5KW-STATOR=NBR;ROTOR=SS420B",5.5,Trifasico 400V,0.65,,Nitrilo (NBR/Buna-N),,
SYDEX-BK0451LA6220L1BAFD,Sydex,BK0451LA6220L1BAFD,TORNILLO_HELICOIDAL,PREMIUM,3.75,25.0,61.1,4120.6,False,BOMBA DE TORNILLO HELICOIDAL,7.5,Trifasico 400V,0.556,,,,35.4
SYDEX-BHL0391LA6220L1B1QAF,Sydex,BHL0391LA6220L1B1QAF,TORNILLO_HELICOIDAL,PREMIUM,2.4,16.0,61.1,4262.0,False,BOMBA SYDEX AISI 316 NBR 2.2 KW,2.2,Trifasico 400V,0.65,Acero inoxidable 316,Nitrilo (NBR/Buna-N),,77.2
SYDEX-BK0751SG5560L1B-4_5K,Sydex,BK0751SG5560L1B-4.5K,TORNILLO_HELICOIDAL,PREMIUM,16.5,110.0,50.9,4289.0,False,BOMBA SYDEX BK075-1S-G5-560-L1BA-E/D-MOTOR 5.5KW,5.5,Trifasico 400V,0.65,,,,
SYDEX-SYFLEX25C-B-NR_1_1KW,Sydex,SYFLEX25C-B-NR_1.1KW,TORNILLO_HELICOIDAL,PREMIUM,0.525,3.5,60.0,4400.0,False,BOMBA SYFLEX 25C-B-NR-E/0N_MOTOR1.1KW-70RPM,1.1,Trifasico 400V,0.53,,Caucho natural (NR),,33.2
SYDEX-BK0522SG5560L1BAE_VF,Sydex,BK0522SG5560L1BAE+VF,TORNILLO_HELICOIDAL,PREMIUM,5.25,35.0,61.1,4444.0,False,BOMBA HUSILLO+ VENTILACION FORZADA,11.0,Trifasico 400V,0.53,,,,33.8
SYDEX-BHL0391LA69220L1B1QA,Sydex,BHL0391LA69220L1B1QA,TORNILLO_HELICOIDAL,PREMIUM,2.4,16.0,61.1,4477.32,False,BOMBA SYDEX-SS316L-2.2KW-C.MEC:SIL-SIL-NBR+QUENCH,2.2,Trifasico 400V,0.65,,Nitrilo (NBR/Buna-N),,77.2
SYDEX-BK0152SA6220L1KAAF_G,Sydex,BK0152SA6220L1KAAF/G,TORNILLO_HELICOIDAL,PREMIUM,0.33,2.2,61.1,4526.0,False,BOMBA 0.55KW  CERT.2.20EN 10204,0.55,Trifasico 400V,0.667,,,,42.5
SYDEX-BK0652SG5560L1BAED,Sydex,BK0652SG5560L1BAED,TORNILLO_HELICOIDAL,PREMIUM,1.8,12.0,61.1,4588.0,False,BOMBA BK065-2S-G5-5-6-0-L1-BA-ED-7.5KW-12M3/H,7.5,Trifasico 400V,0.267,,,,17.0
SYDEX-BK0651LG5560L11A-E_D,Sydex,BK0651LG5560L11A-E/D,TORNILLO_HELICOIDAL,PREMIUM,10.5,70.0,61.1,4918.0,False,BOMBA BK065-1L-G5-560-L11A-E/D-7.5KW,7.5,Trifasico 400V,0.65,,,,
SYDEX-BK0522SG5C560C1BA-4K,Sydex,BK0522SG5C560C1BA-4K,TORNILLO_HELICOIDAL,PREMIUM,5.25,35.0,61.1,5035.0,False,BOMBA BK052-2S-G5-C560-C1BA-E/D-4KW,4.0,Trifasico 400V,0.65,,,,
SYDEX-BK0651LG5560L1BQAE_D,Sydex,BK0651LG5560L1BQAE/D,TORNILLO_HELICOIDAL,PREMIUM,10.5,70.0,61.1,5088.0,False,BOMBA SYDEX 7.5 KW  4P B5,7.5,Trifasico 400V,0.65,,,,
SYDEX-BK0651LG5560L1BAE_D,Sydex,BK0651LG5560L1BAE/D,TORNILLO_HELICOIDAL,PREMIUM,10.5,70.0,61.1,5627.6,False,BOMBA SYDEX;7.5KW-SIL/SIL/VIT-STATOR: NBR,7.5,Trifasico 400V,0.65,,Nitrilo (NBR/Buna-N),,
SYDEX-BHL0451LA6220L1B1QAF,Sydex,BHL0451LA6220L1B1QAF,TORNILLO_HELICOIDAL,PREMIUM,3.75,25.0,61.1,5830.0,False,BOMBA TORNILLO HELICOIDAL,7.5,Trifasico 400V,0.556,,,,35.4
SYDEX-BK0751LG5360L1-7_5KW,Sydex,BK0751LG5360L1-7.5KW,TORNILLO_HELICOIDAL,PREMIUM,16.5,110.0,50.9,6275.0,False,BOMBA BK075-1L-G5-360-L1BA-E/D-7.5KW,7.5,Trifasico 400V,0.65,,,,
SYDEX-BK0751LG5360L1_CARRO,Sydex,BK0751LG5360L1+CARRO,TORNILLO_HELICOIDAL,PREMIUM,16.5,110.0,50.9,6586.0,False,BOMBA BK075-1L-G5-360-L1BA-P/D+ TROLLEY,18.5,Trifasico 400V,0.826,,,,52.6
SYDEX-BK0751LG5360L1BA-E_D,Sydex,BK0751LG5360L1BA-E/D,TORNILLO_HELICOIDAL,PREMIUM,16.5,110.0,50.9,6720.0,False,BOMBA SYDEX BK075- 0.75KW,0.75,Trifasico 400V,0.65,,,,
SYDEX-BK0651LA62B0L1BFA-FD,Sydex,BK0651LA62B0L1BFA-FD,TORNILLO_HELICOIDAL,PREMIUM,10.5,70.0,61.1,7056.0,False,BK065-1L-A6-2B0-L1-BFA-F/D BOMBA HUSILLO EXCENT.,18.5,Trifasico 400V,0.631,,,,40.2
SYDEX-BG0522SF7360L11B-5_5,Sydex,BG0522SF7360L11B-5.5,TORNILLO_HELICOIDAL,PREMIUM,5.25,35.0,61.1,7148.0,False,BOMBA BG052-2S-F7-360-L11B-E/D (6N)-5.5KW,5.5,Trifasico 400V,0.65,,,,67.5
SYDEX-BHL0651LA6220L1B_7_5,Sydex,BHL0651LA6220L1B_7.5,TORNILLO_HELICOIDAL,PREMIUM,10.5,70.0,61.1,7401.0,False,BOMBA BHL065-1L-A6-220-L1B1A-FF_MOTOR 7.5KW,7.5,Trifasico 400V,0.65,,,,
SYDEX-BW0651SA6C221C1BHBED,Sydex,BW0651SA6C221C1BHBED,TORNILLO_HELICOIDAL,PREMIUM,10.5,70.0,61.1,7616.0,False,BW065-1S-A6-C221-CABHB-E/D-STATOR:CSM-HYPALON-4KW,4.0,Trifasico 400V,0.65,,Hypalon (CSM),,
SYDEX-BK0752SG5C360C1BA-15,Sydex,BK0752SG5C360C1BA-15,TORNILLO_HELICOIDAL,PREMIUM,16.5,110.0,50.9,8313.0,False,BK075-2S-G5-C360-C1BA-E/D- 15KW,15.0,Trifasico 400V,0.65,,,,64.8
SYDEX-AX_BHL0651LA6220L1BA,Sydex,AX_BHL0651LA6220L1BA,TORNILLO_HELICOIDAL,PREMIUM,10.5,70.0,61.1,8580.0,True,"BOMBA ATEX-BHL065-1L-A6-220-L1BA-F/F-5,5KW",5.5,Trifasico 400V,0.65,,,,
SYDEX-BBK0652SYG5360L1B_VF,Sydex,BBK0652SYG5360L1B+VF,TORNILLO_HELICOIDAL,PREMIUM,10.5,70.0,61.1,9260.0,False,BOMBA BBK--MOTOR 7.5KW+VENT. FORZADA,7.5,Trifasico 400V,0.65,,,,
SYDEX-RLGA671R7CF1V,Sydex,RLGA671R7CF1V,TORNILLO_HELICOIDAL,PREMIUM,5.25,35.0,60.0,9513.04,False,"BOMBA 11 KW, 415/3/50 300 RPM",11.0,Trifasico 400V,0.53,,,,33.2
SYDEX-AX_BK0751LG5361L1X_,Sydex,AX_BK0751LG5361L1X+,TORNILLO_HELICOIDAL,PREMIUM,16.5,110.0,50.9,9603.64,True,BOMBA ATEX BK075 C/VENT. FORZ+ SONDA PTC,18.5,Trifasico 400V,0.826,,,,52.6
SYDEX-BK0751LA6220L1B-7_5W,Sydex,BK0751LA6220L1B-7.5W,TORNILLO_HELICOIDAL,PREMIUM,16.5,110.0,50.9,9980.0,False,BOMBA -INOX -BK075-1L-A6-220-L1BA-E/D (6N)-7.5KW,7.5,Trifasico 400V,0.65,Acero inoxidable,,,
SYDEX-BK0912SG5360L1B-9_2W,Sydex,BK0912SG5360L1B-9.2W,TORNILLO_HELICOIDAL,PREMIUM,4.395,29.3,60.0,10207.0,False,BOMBA BK091-2S-G5-360-L1BA-E/D-9.2KW,9.2,Trifasico 400V,0.53,,,,33.2
SYDEX-SYFLEX065C-4-NR_11KW,Sydex,SYFLEX065C-4-NR_11KW,TORNILLO_HELICOIDAL,PREMIUM,5.25,35.0,60.0,17900.0,False,BOMBA SYFLEX 065C-4-NR-E/0N-MOTOR11KW,11.0,Trifasico 400V,0.53,,Caucho natural (NR),,33.2
CDR-SNT30AA1A-1ATV,CDR Pompe,SNT30AA1A-1ATV,CENTRIFUGA_MAGNETICO,BARATA,7.0,28.0,25.0,1594.0,False,SNT30 MOTOR80 UNIPN10RF PP/V,,Trifasico 400V,0.55,Polipropileno,,,
CDR-STN30AA1A-1ATV,CDR Pompe,STN30AA1A-1ATV,CENTRIFUGA_MAGNETICO,BARATA,7.0,28.0,25.0,1720.95,False,STN30MOT.80UNIPN10RF PP/V,0.75,Trifasico 400V,0.55,Polipropileno,,,
CDR-STN40EA1-1ATV,CDR Pompe,STN40EA1-1ATV,CENTRIFUGA_MAGNETICO,BARATA,7.0,28.0,25.0,2239.8,False,BOMBA STN40. THREATED- 2.2KW,2.2,Trifasico 400V,0.55,,,,55.3
CDR-STN30DA1A-1ATD,CDR Pompe,STN30DA1A-1ATD,CENTRIFUGA_MAGNETICO,BARATA,7.0,28.0,25.0,2462.0,False,BOMBA STN30-MOT.90-1.5K-2P-B5-400V-50Hz-IP55,1.5,Trifasico 400V,0.55,,,,81.1
CDR-UTSN30DA1A-1ATD-1_5K,CDR Pompe,UTSN30DA1A-1ATD-1.5K,CENTRIFUGA_MAGNETICO,BARATA,75.0,300.0,99.9,2462.0,False,"BOMBA UTSN30DA1A-1ATD-MOTOR 1,5KW-2P-B5-400V-IP55",1.5,Trifasico 400V,0.78,,,,
CDR-STN30DA1A-1ACD,CDR Pompe,STN30DA1A-1ACD,CENTRIFUGA_MAGNETICO,BARATA,7.0,28.0,25.0,2539.6,False,STN30-MOT90-UNIPN 16RF PP/V O-RING EPDM-MOT,1.1,Trifasico 400V,0.55,Polipropileno,EPDM,,
CDR-STN30ETFECF,CDR Pompe,STN30ETFECF,CENTRIFUGA_MAGNETICO,BARATA,7.0,28.0,25.0,2652.0,False,BOMBA STN 30 ETFE - CF,,Trifasico 400V,0.55,ETFE,,,
CDR-STN70GA1A-1AGV,CDR Pompe,STN70GA1A-1AGV,CENTRIFUGA_MAGNETICO,BARATA,15.5,62.0,30.0,2715.0,False,STN. UNIPN16RF PP/GF FPM,,Trifasico 400V,0.65,Polipropileno,Viton (FKM),,
CDR-STN30AA5A-3BSV,CDR Pompe,STN30AA5A-3BSV,CENTRIFUGA_MAGNETICO,BARATA,7.0,28.0,25.0,3779.6,False,STN30 MOTOR UNIPN16RF ETFE+PC/CF FPM,,Trifasico 400V,0.55,ETFE,Viton (FKM),,
CDR-STN70MA1A-1ACD-0_75K,CDR Pompe,"STN70MA1A-1ACD-0,75K",CENTRIFUGA_MAGNETICO,BARATA,15.5,62.0,30.0,3793.6,False,STN70-MOT80 4P-0.75KW-UNIPN16RF GAS PP/V,0.75,Trifasico 400V,0.65,Polipropileno,,,
CDR-STN70EA1A-1ACD-4KW,CDR Pompe,STN70EA1A-1ACD-4KW,CENTRIFUGA_MAGNETICO,BARATA,15.5,62.0,30.0,4023.6,False,BOMBA STN70-UNIPN16RF PP/GF-MOTOR4KW,4.0,Trifasico 400V,0.65,Polipropileno,,,80.8
CDR-STN40EA5A-3BSV,CDR Pompe,STN40EA5A-3BSV,CENTRIFUGA_MAGNETICO,BARATA,7.0,28.0,25.0,4047.2,False,STN40 MOTOR 90 UNIPN16RF ETFE+PC/CF FPM,,Trifasico 400V,0.55,ETFE,Viton (FKM),,
CDR-HTN90-ATEX-4KW,CDR Pompe,HTN90-ATEX-4KW,CENTRIFUGA_MAGNETICO,BARATA,1.25,5.0,163.0,4261.8,True,BOMBA HTN90MOT.112-2P-PP4KW-ATEX II2G Ex db IIB G,4.0,Trifasico 400V,0.45,,,,35.4
CDR-STN70GA1A-1BSD,CDR Pompe,STN70GA1A-1BSD,CENTRIFUGA_MAGNETICO,BARATA,15.5,62.0,30.0,4897.2,False,BOMBA STN 70 MOT.132 2P-5.5KW,5.5,Trifasico 400V,0.65,,,,58.7
CDR-ETN61EA23ACF,CDR Pompe,ETN61EA23ACF,CENTRIFUGA_MAGNETICO,BARATA,15.0,60.0,33.6,5282.2,False,ETN60EVO-MOT.100/112-3KW-4 ETFE-O-ring:FPM/FEP,3.0,Trifasico 400V,0.65,ETFE,Viton (FKM),,
CDR-ETS30BA1-ASST4-1_5KW,CDR Pompe,"ETS30BA1-ASST4-1,5KW",CENTRIFUGA_MAGNETICO,BARATA,7.0,28.0,39.7,5459.8,False,"BOMBA ETS30-C/MOTOR1,5KW-2P-B5-400V-50HZ-3PH",1.5,Trifasico 400V,0.55,,,,
CDR-ETN61NA23BSF-1_1KW,CDR Pompe,"ETN61NA23BSF-1,1KW",CENTRIFUGA_MAGNETICO,BARATA,15.0,60.0,33.6,6020.2,False,"BOMBA ETN60 EVO-MOT1,1KW-4P-ETFE-O-RING:FPM/FEP",1.1,Trifasico 400V,0.65,ETFE,Viton (FKM),,
CDR-ETS30BA1-AGST4,CDR Pompe,ETS30BA1-AGST4,CENTRIFUGA_MAGNETICO,BARATA,7.0,28.0,39.7,6058.0,True,BOMBA ETS30 TEMP.<140º ANSI150 ATEX II2G 400V TF,,Trifasico 400V,0.55,,,,
CDR-ETN61EA24ACF-3KW,CDR Pompe,ETN61EA24ACF-3KW,CENTRIFUGA_MAGNETICO,BARATA,15.0,60.0,33.6,6347.0,False,BOMBA ETN60EVO- C/MOTOR3KW-2P-400V-3F,3.0,Trifasico 400V,0.65,,,,
CDR-ETN61EA24BSF-4KW,CDR Pompe,ETN61EA24BSF-4KW,CENTRIFUGA_MAGNETICO,CALIDAD_PRECIO,15.0,60.0,33.6,6669.8,False,BOMBA ETN60-EVO-MOT.100/112+MOTOR4KW-2P-B5-400V,4.0,Trifasico 400V,0.65,,,,87.6
CDR-ETN61IA23BSF-MOT7_5K,CDR Pompe,ETN61IA23BSF-MOT7.5K,CENTRIFUGA_MAGNETICO,CALIDAD_PRECIO,15.0,60.0,33.6,6747.2,False,BOMBA ETN60 EVO- MOTOR 7.5KW-ETFE-O-RING FPM/FEP,7.5,Trifasico 400V,0.65,ETFE,Viton (FKM),,46.7
CDR-HTN90FA2C-11BSV-4KW,CDR Pompe,HTN90FA2C-11BSV-4KW,CENTRIFUGA_MAGNETICO,CALIDAD_PRECIO,1.25,5.0,163.0,6884.8,False,BOMBA HTN90MOT.112 2P 4KW-2P-B5,4.0,Trifasico 400V,0.45,,,,35.4
CDR-HTS10DA1-BBSF4-4KW,CDR Pompe,HTS10DA1-BBSF4-4KW,CENTRIFUGA_MAGNETICO,CALIDAD_PRECIO,1.25,5.0,163.0,7486.0,False,BOMBA HTS100-MOTOR IEC4KW-2P-3F-IP55,4.0,Trifasico 400V,0.45,,,,35.4
CDR-ETS80EA1-ASST4-5_5KW,CDR Pompe,ETS80EA1-ASST4-5.5KW,CENTRIFUGA_MAGNETICO,CALIDAD_PRECIO,7.0,28.0,39.7,7714.2,False,BOMBA ETS 80 HE+ MOTOR 5.5KW-2P-B5-400V-50HZ-3F EU,5.5,Trifasico 400V,0.55,,,,35.1
CDR-ETN61DA23BGF-2_2KW,CDR Pompe,ETN61DA23BGF-2.2KW,CENTRIFUGA_MAGNETICO,CALIDAD_PRECIO,15.0,60.0,33.6,7943.36,False,ETN60 EVO-MOT90-2P-2.2KW,2.2,Trifasico 400V,0.65,,,,
CDR-ETN71IA23XXF-7_5KW,CDR Pompe,"ETN71IA23XXF-7,5KW",CENTRIFUGA_MAGNETICO,CALIDAD_PRECIO,15.0,60.0,33.6,8014.6,False,"BOMBA-ETN70-EVO-ETFE-C/RUNSAFESIC-MOT:7,5KW-400V",7.5,Trifasico 400V,0.65,ETFE,,,46.7
CDR-P1613,CDR Pompe,P1613,CENTRIFUGA_MAGNETICO,CALIDAD_PRECIO,75.0,300.0,99.9,8021.7,False,UTS EVO 40-25-125,,Trifasico 400V,0.78,,,,
CDR-P1614,CDR Pompe,P1614,CENTRIFUGA_MAGNETICO,CALIDAD_PRECIO,75.0,300.0,99.9,8064.6,False,UTS EVO 50-32-125,,Trifasico 400V,0.78,,,,
CDR-HTS09CA1-BBSF4-3KW,CDR Pompe,HTS09CA1-BBSF4-3KW,CENTRIFUGA_MAGNETICO,CALIDAD_PRECIO,1.25,5.0,163.0,8073.6,False,BOMBA HTS90 MOT.100 UNIPN16RF-MOT3KW,3.0,Trifasico 400V,0.45,,,,47.2
CDR-ETS80HE-4KW2PB5400V,CDR Pompe,ETS80HE-4KW2PB5400V,CENTRIFUGA_MAGNETICO,CALIDAD_PRECIO,7.0,28.0,39.7,8077.8,False,BOMBA ETS80 HE- MOT.112-4KW-TEMP:140-180ºC,4.0,Trifasico 400V,0.55,,,,48.3
CDR-P1631,CDR Pompe,P1631,CENTRIFUGA_MAGNETICO,CALIDAD_PRECIO,75.0,300.0,99.9,8169.9,False,UTS EVO 65-40-125,,Trifasico 400V,0.78,,,,
CDR-HTS10BA1-BBSF4-2_2KW,CDR Pompe,HTS10BA1-BBSF4-2.2KW,CENTRIFUGA_MAGNETICO,CALIDAD_PRECIO,1.25,5.0,163.0,8304.2,True,BOMBA HTS100-ATEX.- MOTOR 2.2KW,2.2,Trifasico 400V,0.45,,,,64.4
CDR-HTS13BA1-BBSF4-1_1KW,CDR Pompe,"HTS13BA1-BBSF4-1,1KW",CENTRIFUGA_MAGNETICO,CALIDAD_PRECIO,1.25,5.0,163.0,8346.2,True,BOMBA HTS130-MOT90UNIPN16RF-ATEX-1.1KW,1.1,Trifasico 400V,0.45,,,,
CDR-ETN61GB23BGF-5_5K,CDR Pompe,ETN61GB23BGF-5.5K,CENTRIFUGA_MAGNETICO,CALIDAD_PRECIO,15.0,60.0,33.6,8355.8,True,BOMBA ETN60EVO-MOTOR 5.5KW-ATEX II2GD Ex db eb IIC,5.5,Trifasico 400V,0.65,,,,63.7
CDR-HTS90-ATEX-3KW,CDR Pompe,HTS90-ATEX-3KW,CENTRIFUGA_MAGNETICO,CALIDAD_PRECIO,1.25,5.0,163.0,8434.0,True,HTS90 MOT.100 UNIPN16RF CSTD ATEX II2G 3KW,3.0,Trifasico 400V,0.45,,,,47.2
CDR-HTS10DA1-BASF4,CDR Pompe,HTS10DA1-BASF4,CENTRIFUGA_MAGNETICO,CALIDAD_PRECIO,1.25,5.0,163.0,8762.4,True,BOMBA HTS 100 MOT.112 ATEX 4 KW TF IE3,4.0,Trifasico 400V,0.45,,,,35.4
CDR-ETS80LA1-AXXT4,CDR Pompe,ETS80LA1-AXXT4,CENTRIFUGA_MAGNETICO,CALIDAD_PRECIO,7.0,28.0,39.7,8770.0,False,PUMP- ETS80- WITH RSSIC BUSHES FOR DRY RUN SYSTEM,,Trifasico 400V,0.55,,,,
CDR-UTBE1AEAAFAADACACA00,CDR Pompe,UTBE1AEAAFAADACACA00,CENTRIFUGA_MAGNETICO,CALIDAD_PRECIO,37.5,150.0,99.9,8832.0,True,BOMBA UTS-B EVO 65-40 125 CS SS HC L25 ATEX 5.5 KW,5.5,Trifasico 400V,0.72,Acero al carbono,,,
CDR-ETS80HE-ATEX7_5KW,CDR Pompe,ETS80HE-ATEX7.5KW,CENTRIFUGA_MAGNETICO,CALIDAD_PRECIO,7.0,28.0,39.7,9007.8,True,BOMBA ETS80 HE MOT.132-ATEX II2G  ExdbIIBGb 7.5Kw,7.5,Trifasico 400V,0.55,,,,25.7
CDR-UTS-B_EVO_50-32_125,CDR Pompe,UTS-B EVO 50-32 125,CENTRIFUGA_MAGNETICO,CALIDAD_PRECIO,37.5,150.0,99.9,9297.0,False,BOMBA UNIPN16RF CS SS HS L25 MOT.100-112,3.0,Trifasico 400V,0.72,Acero al carbono,,,
CDR-P1621,CDR Pompe,P1621,CENTRIFUGA_MAGNETICO,CALIDAD_PRECIO,75.0,300.0,99.9,9382.8,False,UTS EVO 65-40-160,,Trifasico 400V,0.78,,,,
CDR-ETS80HE-ATEX_5_5KW,CDR Pompe,ETS80HE-ATEX 5.5KW,CENTRIFUGA_MAGNETICO,CALIDAD_PRECIO,7.0,28.0,39.7,9466.2,True,BOMBA ETS80 HE-MOT132-TEMP:140-180ºC-ATEXII2G Ex,5.5,Trifasico 400V,0.55,,,,35.1
CDR-P1611,CDR Pompe,P1611,CENTRIFUGA_MAGNETICO,CALIDAD_PRECIO,75.0,300.0,99.9,9475.1,False,UTS EVO 80-50-160,,Trifasico 400V,0.78,,,,
CDR-ETS80EA1-AXXT4-5_5KW,CDR Pompe,ETS80EA1-AXXT4-5.5KW,CENTRIFUGA_MAGNETICO,CALIDAD_PRECIO,7.0,28.0,39.7,9485.0,False,"ETS80 HE MOT 132- MOTOR 5,5KW-2P-3PH",5.5,Trifasico 400V,0.55,,,,35.1
CDR-P1618,CDR Pompe,P1618,CENTRIFUGA_MAGNETICO,CALIDAD_PRECIO,75.0,300.0,99.9,9650.6,False,UTS EVO 50-32-200,,Trifasico 400V,0.78,,,,
CDR-UTBE1AEAAFAADA-5_5KW,CDR Pompe,UTBE1AEAAFAADA-5.5KW,CENTRIFUGA_MAGNETICO,CALIDAD_PRECIO,37.5,150.0,99.9,9705.6,False,"UTS-B EVO 65-40 125-MOTOR TEFC IEC 5,5KW",5.5,Trifasico 400V,0.72,,,,
CDR-UTBE1CBACFAADBCACA00,CDR Pompe,UTBE1CBACFAADBCACA00,CENTRIFUGA_MAGNETICO,CALIDAD_PRECIO,37.5,150.0,99.9,10752.4,False,BOMBA UTS-B EVO ES 40-25 200 +MOTOR 7.5KW-2P-3PH,7.5,Trifasico 400V,0.72,,,,
CDR-UTBE1ADAAFAACACACA00,CDR Pompe,UTBE1ADAAFAACACACA00,CENTRIFUGA_MAGNETICO,CALIDAD_PRECIO,37.5,150.0,99.9,11057.6,False,BOMBA UTS-B EVO 50-32-125,,Trifasico 400V,0.72,,,,
CDR-UTBE1CAACFCACAC-3KW,CDR Pompe,UTBE1CAACFCACAC-3KW,CENTRIFUGA_MAGNETICO,CALIDAD_PRECIO,37.5,150.0,99.9,11269.4,True,BOMBA UTS-B EVO 40-25 200 UNIPN16RF - ATEX-3KW,3.0,Trifasico 400V,0.72,,,,
CDR-UTBE1CBACFCACACA-3KW,CDR Pompe,UTBE1CBACFCACACA-3KW,CENTRIFUGA_MAGNETICO,PREMIUM,37.5,150.0,99.9,11690.8,True,BOMBA UTS-B EVO ES 40-25 200 UNIP16RF-ATEX-3KW,3.0,Trifasico 400V,0.72,,,,
CDR-UTBE1CBACFCABAC2_2KW,CDR Pompe,"UTBE1CBACFCABAC2,2KW",CENTRIFUGA_MAGNETICO,PREMIUM,37.5,150.0,99.9,11771.0,True,BOMBA UTS-B EVO ES 40-25 200 UNIPN16RF-ATEX-2.2KW,2.2,Trifasico 400V,0.72,,,,
CDR-UTNBL4025160-4KW,CDR Pompe,UTNBL4025160-4KW,CENTRIFUGA_MAGNETICO,PREMIUM,37.5,150.0,60.1,12371.72,False,BOMBA UTNBL 40-25-160+MOT.4KW-2P,4.0,Trifasico 400V,0.72,,,,
CDR-UTBE1CAACFCADACACA00,CDR Pompe,UTBE1CAACFCADACACA00,CENTRIFUGA_MAGNETICO,PREMIUM,37.5,150.0,99.9,12636.0,True,"BOMBA UTS-B EVO 40-25 200 UNIPN16RF -ATEX 5,5KW-3F",5.5,Trifasico 400V,0.72,,,,
CDR-UTBE1CFAIFCAECCACA00,CDR Pompe,UTBE1CFAIFCAECCACA00,CENTRIFUGA_MAGNETICO,PREMIUM,37.5,150.0,99.9,12755.1,False,UTS-B EVO 80-50 200_MOTOR 18.5KW,18.5,Trifasico 400V,0.72,,,,
CDR-UTNBL4025160-ATEX1_1,CDR Pompe,UTNBL4025160-ATEX1.1,CENTRIFUGA_MAGNETICO,PREMIUM,37.5,150.0,60.1,13088.92,True,BOMBA UTN-BL40-25-160- MOTOR ATEXII2GExdbIIB-1.1KW,1.1,Trifasico 400V,0.72,,,,
CDR-DTBI1CDACAAAFBAB-15K,CDR Pompe,DTBI1CDACAAAFBAB-15K,CENTRIFUGA_MAGNETICO,PREMIUM,27.0,108.0,107.0,14332.76,False,BOMBA DTBI1CDACAAAFBABC-DTN-BL-80-50 200-MOTOR15KW,15.0,Trifasico 400V,0.72,,,,
CDR-UTNBL5032200M100,CDR Pompe,UTNBL5032200M100,CENTRIFUGA_MAGNETICO,PREMIUM,37.5,150.0,60.1,15171.4,True,BOMBA UTN-BL-50-32-200 M.100 - MOTOR ATEX 2KW-4P,2.0,Trifasico 400V,0.72,,,,
CDR-UTSB-EVO80-50_125ANS,CDR Pompe,UTSB-EVO80-50 125ANS,CENTRIFUGA_MAGNETICO,PREMIUM,37.5,150.0,99.9,16975.0,False,BOMBA UTS-B-EVO 80-50 125 ANSI 150RF CR SR HC L45,,Trifasico 400V,0.72,,,,
CDR-TBLA23EA2-23SSF1_5_5,CDR Pompe,TBLA23EA2-23SSF1_5.5,CENTRIFUGA_MAGNETICO,PREMIUM,37.5,150.0,60.1,17083.2,True,BOMBA UTN-BL-40-25-160-MOTOR 5.5KW-ATEX,5.5,Trifasico 400V,0.72,,,,
CDR-TBLD36FB2A23SSV1,CDR Pompe,TBLD36FB2A23SSV1,CENTRIFUGA_MAGNETICO,PREMIUM,37.5,150.0,60.1,19374.1,False,BOMBA UTN-BL 80-50-200-UNIPN16RF PFA FPM (VITON),,Trifasico 400V,0.72,,Viton (FKM),,
CDR-UTBE2BHAWBAAGGAAC000,CDR Pompe,UTBE2BHAWBAAGGAAC000,CENTRIFUGA_MAGNETICO,PREMIUM,37.5,150.0,99.9,19450.2,False,BOMBA UTS-B EVO 125-80 160-MOTOR 30KW,30.0,Trifasico 400V,0.72,,,,86.8
CDR-UTSEVO80-50-160_FLUS,CDR Pompe,UTSEVO80-50-160+FLUS,CENTRIFUGA_MAGNETICO,PREMIUM,75.0,300.0,99.9,19625.6,False,BOMBA UTS EVO 80-50 160 C/EXTERNAL FLUSHING-15KW,15.0,Trifasico 400V,0.78,,,,
CDR-TBLF57HA2A23SSF1,CDR Pompe,TBLF57HA2A23SSF1,CENTRIFUGA_MAGNETICO,PREMIUM,37.5,150.0,60.1,20131.8,False,BOMBA UTN-BL 125-80-160-MOTOR 30KW,30.0,Trifasico 400V,0.72,,,,52.2
CDR-UTS_EVO_100-65_160,CDR Pompe,UTS EVO 100-65 160,CENTRIFUGA_MAGNETICO,PREMIUM,75.0,300.0,99.9,20582.0,False,BOMBA UTS EVO 100-65 160 UNIPN16RF CS SS OZ L60,,Trifasico 400V,0.78,Acero al carbono,,,
CDR-XTSD78E1-A2AAAXG,CDR Pompe,XTSD78E1-A2AAAXG,CENTRIFUGA_MAGNETICO,PREMIUM,17.5,70.0,41.8,23218.6,False,PUMP-XTS80-50-200- WITH FLUSHING+DRY RUN SYSTEM,,Trifasico 400V,0.65,,,,
CDR-UTSE2DHAFAACLFAAB000,CDR Pompe,UTSE2DHAFAACLFAAB000,CENTRIFUGA_MAGNETICO,PREMIUM,75.0,300.0,99.9,30396.7,False,BOMBA UTS EVO 125-80-250-45KW-2P-B3-400V,45.0,Trifasico 400V,0.78,,,,
CDR-UTSEVO65-40_160,CDR Pompe,UTSEVO65-40 160,CENTRIFUGA_MAGNETICO,PREMIUM,75.0,300.0,99.9,33272.0,False,BOMBA UTS EVO 65-40 160,,Trifasico 400V,0.78,,,,
VERDER-144_0_7106,Verderflex,144.0.7106,PERISTALTICA,BARATA,0.004,0.039,81.5,907.62,False,MK4 B/SFT BOMBA D7 XX SP CI VT,,Trifasico 400V,0.6,Fundición,Viton (FKM),,
VERDER-AU_M613000_07,Verderflex,AU M613000 07,PERISTALTICA,BARATA,0.029,0.286,100.0,1337.0,False,BOMBA 0.18 KW 230V 3P 50 HZ IP55,0.18,Trifasico 400V,0.53,N/A (no mojado — solo el tubo está en contacto con el fluido),,,27.6
VERDER-148_1002,Verderflex,148.1002,PERISTALTICA,BARATA,0.008,0.079,20.4,1460.25,False,BOMBA VERDERFLEX VANTAGE 3000 B EZI EU,,Trifasico 400V,0.6,N/A (no mojado — solo el tubo está en contacto con el fluido),,,
VERDER-AU_M6130137_08,Verderflex,AU M6130137 08,PERISTALTICA,BARATA,0.029,0.286,100.0,1524.48,False,"RAPIDE R6 137 RPM TF 0,18 KW 12,7 X 3,2 SILICONA",0.18,Trifasico 400V,0.53,N/A (no mojado — solo el tubo está en contacto con el fluido),Silicona,,27.6
VERDER-146_0_0228,Verderflex,146.0.0228,PERISTALTICA,BARATA,0.022,0.222,122.3,1530.41,False,"DURA 10-SW USCLSS-70R-0,55KW- NR HOSE",0.55,Trifasico 400V,0.135,N/A (no mojado — solo el tubo está en contacto con el fluido),Caucho natural (NR),,
VERDER-146_0_0329,Verderflex,146.0.0329,PERISTALTICA,BARATA,0.022,0.222,122.3,1530.41,False,D10 SW UCCLPP 70R 0.55K EP TF V,,Trifasico 400V,0.6,N/A (no mojado — solo el tubo está en contacto con el fluido),EPDM,,
VERDER-146_0_0208,Verderflex,146.0.0208,PERISTALTICA,BARATA,0.022,0.222,122.3,1569.89,False,D10 NW USCLSS 23R 0.18K NR,,Trifasico 400V,0.6,N/A (no mojado — solo el tubo está en contacto con el fluido),Caucho natural (NR),,
VERDER-146_0_0218,Verderflex,146.0.0218,PERISTALTICA,BARATA,0.022,0.222,122.3,1586.85,False,DURA 10 SW USCLSS 35r 0.25kw NBR TF V,0.25,Trifasico 400V,0.296,N/A (no mojado — solo el tubo está en contacto con el fluido),Nitrilo (NBR/Buna-N),,18.9
VERDER-146_0_0265,Verderflex,146.0.0265,PERISTALTICA,BARATA,0.022,0.222,122.3,1616.09,False,BOMBA DURA 10- D10 SW USCLSS 47R -0.37K -FG-TF-V,,Trifasico 400V,0.6,N/A (no mojado — solo el tubo está en contacto con el fluido),NBR alimentario (FDA/EC1935),,
VERDER-121_10U0,Verderflex,121.10U0,PERISTALTICA,BARATA,0.06,0.6,122.3,1799.92,False,CONJUNTO VF15 CC CM US SS AL LP,,Trifasico 400V,0.6,N/A (no mojado — solo el tubo está en contacto con el fluido),,,
VERDER-146_0_5016,Verderflex,146.0.5016,PERISTALTICA,BARATA,0.002,0.023,100.0,1821.28,False,D05 SW USCL SS 70R 0.55K NR TF W,,Trifasico 400V,0.6,N/A (no mojado — solo el tubo está en contacto con el fluido),Caucho natural (NR),,
VERDER-146_0_7010,Verderflex,146.0.7010,PERISTALTICA,BARATA,0.003,0.027,81.5,1821.28,False,D7 NR 47 RPM 0.37 KW 27 L/H,0.37,Trifasico 400V,0.016,N/A (no mojado — solo el tubo está en contacto con el fluido),Caucho natural (NR),,
VERDER-146_0_9016,Verderflex,146.0.9016,PERISTALTICA,BARATA,0.022,0.222,122.3,1821.28,False,D10 SW USCLSS 47R 0.37K FP TF W,,Trifasico 400V,0.6,N/A (no mojado — solo el tubo está en contacto con el fluido),,,
VERDER-146_0_9025,Verderflex,146.0.9025,PERISTALTICA,BARATA,0.022,0.222,122.3,1821.28,False,DURA 10-D10 SW USCLSS 70R-0.55KW-NR-TF -V,0.55,Trifasico 400V,0.135,N/A (no mojado — solo el tubo está en contacto con el fluido),Caucho natural (NR),,
VERDER-146_0_5129,Verderflex,146.0.5129,PERISTALTICA,BARATA,0.002,0.023,163.0,1860.78,False,DURA 5-D05 XW USCLSS 23R-0.18K NR FFHW,,Trifasico 400V,0.6,N/A (no mojado — solo el tubo está en contacto con el fluido),Caucho natural (NR),,
VERDER-146_0_5005,Verderflex,146.0.5005,PERISTALTICA,BARATA,0.002,0.023,100.0,1868.26,False,D05 SW USCLSS 23R 0.18K BU TF W,,Trifasico 400V,0.6,N/A (no mojado — solo el tubo está en contacto con el fluido),NBR (Nitrilo-Buna),,
VERDER-146_0_9000,Verderflex,146.0.9000,PERISTALTICA,BARATA,0.022,0.222,122.3,1868.26,False,DURA10 NW USCLSS 23R0.18K NR TF W,,Trifasico 400V,0.6,N/A (no mojado — solo el tubo está en contacto con el fluido),Caucho natural (NR),,
VERDER-146_0_5007,Verderflex,146.0.5007,PERISTALTICA,BARATA,0.002,0.023,100.0,1888.44,False,D05 SW USCLSS 35R0.25K NR TF W,,Trifasico 400V,0.6,N/A (no mojado — solo el tubo está en contacto con el fluido),Caucho natural (NR),,
VERDER-146_0_9005,Verderflex,146.0.9005,PERISTALTICA,BARATA,0.022,0.222,122.3,1888.44,False,DURA 10 XW USCLSS 28R.025K NR TF V,,Trifasico 400V,0.6,N/A (no mojado — solo el tubo está en contacto con el fluido),Caucho natural (NR),,
VERDER-146_0_5030,Verderflex,146.0.5030,PERISTALTICA,BARATA,0.002,0.015,81.5,2058.37,False,D5 CSM 47 RPM 0.37KW 15L/H,0.37,Trifasico 400V,0.009,N/A (no mojado — solo el tubo está en contacto con el fluido),Hypalon (CSM),,
VERDER-146_0_5027,Verderflex,146.0.5027,PERISTALTICA,BARATA,0.001,0.011,81.5,2144.12,False,D5 CSM 35RPM 0.25 KW 11L/H,0.25,Trifasico 400V,0.01,N/A (no mojado — solo el tubo está en contacto con el fluido),Hypalon (CSM),,
VERDER-146_0_9013,Verderflex,146.0.9013,PERISTALTICA,BARATA,0.022,0.222,122.3,2144.12,False,D10 SW USCLSS 35R 0.25K CS TF W,,Trifasico 400V,0.6,Acero al carbono,CSM / Hypalon®,,
VERDER-148_1012,Verderflex,148.1012,PERISTALTICA,BARATA,0.008,0.079,20.4,2190.4,False,BOMBA VERDERLEX VANTAGE 3000C EZI EU,,Trifasico 400V,0.6,N/A (no mojado — solo el tubo está en contacto con el fluido),,,
VERDER-140_0_0006,Verderflex,140.0.0006,PERISTALTICA,BARATA,0.018,0.18,122.3,2376.69,False,VF10SH USALSS 33R0.25K NR TF,,Trifasico 400V,0.6,N/A (no mojado — solo el tubo está en contacto con el fluido),Caucho natural (NR),,
VERDER-140_0_0016,Verderflex,140.0.0016,PERISTALTICA,BARATA,0.018,0.18,122.3,2422.43,False,"BOMBA VF10  NR 65 RPM, 0.55 KW,IP55 60HZ TF220/440",0.55,Trifasico 400V,0.109,N/A (no mojado — solo el tubo está en contacto con el fluido),Caucho natural (NR),,
VERDER-140_0_0017,Verderflex,140.0.0017,PERISTALTICA,BARATA,0.018,0.18,122.3,2422.43,False,BOMBA VF10- 69RPM-0.55KW-EPDM-TF,0.55,Trifasico 400V,0.109,N/A (no mojado — solo el tubo está en contacto con el fluido),EPDM,,
VERDER-146_1_0200,Verderflex,146.1.0200,PERISTALTICA,BARATA,0.059,0.593,122.3,2517.42,False,D15 NW USCLSS 11RO 25K NR TF V,,Trifasico 400V,0.6,N/A (no mojado — solo el tubo está en contacto con el fluido),Caucho natural (NR),,
VERDER-146_1_0204,Verderflex,146.1.0204,PERISTALTICA,BARATA,0.059,0.593,122.3,2517.42,False,D15 NW USCLSS 18R0.25K NR TF V,,Trifasico 400V,0.6,N/A (no mojado — solo el tubo está en contacto con el fluido),Caucho natural (NR),,
VERDER-146_1_0212,Verderflex,146.1.0212,PERISTALTICA,BARATA,0.059,0.593,122.3,2526.93,False,D15 SW USCLSS 35 R0.55KW NR TF V,0.55,Trifasico 400V,0.359,N/A (no mojado — solo el tubo está en contacto con el fluido),Caucho natural (NR),,22.9
VERDER-146_1_0214,Verderflex,146.1.0214,PERISTALTICA,BARATA,0.059,0.593,122.3,2526.93,False,DURA 15- SW USCLSS 35R-0.55K- NBR,,Trifasico 400V,0.6,N/A (no mojado — solo el tubo está en contacto con el fluido),Nitrilo (NBR/Buna-N),,
VERDER-146_1_0216,Verderflex,146.1.0216,PERISTALTICA,BARATA,0.059,0.593,122.3,2526.93,False,"D15 SW USCLSS 47R 0,55K NR TFV",,Trifasico 400V,0.6,N/A (no mojado — solo el tubo está en contacto con el fluido),Caucho natural (NR),,
VERDER-146_1_0220,Verderflex,146.1.0220,PERISTALTICA,BARATA,0.059,0.593,122.3,2526.93,False,DURA 15 SW USCLSS 56R 0.55K NR TF V,,Trifasico 400V,0.6,N/A (no mojado — solo el tubo está en contacto con el fluido),Caucho natural (NR),,
VERDER-146_1_0222,Verderflex,146.1.0222,PERISTALTICA,BARATA,0.059,0.593,122.3,2526.93,False,D15 SW USCLSS 56 R.055K BU (NBR) TF V,,Trifasico 400V,0.6,N/A (no mojado — solo el tubo está en contacto con el fluido),Nitrilo (NBR/Buna-N),,
VERDER-146_1_0321,Verderflex,146.1.0321,PERISTALTICA,BARATA,0.059,0.593,122.3,2526.93,False,D15 SW UCCLPP 56R.055K EP TF V,,Trifasico 400V,0.6,N/A (no mojado — solo el tubo está en contacto con el fluido),EPDM,,
VERDER-146_1_0167,Verderflex,146.1.0167,PERISTALTICA,BARATA,0.059,0.593,122.3,2579.15,False,"DURA 15-SW USCLSS-35R-0,55K-NBRF HOSE",,Trifasico 400V,0.6,N/A (no mojado — solo el tubo está en contacto con el fluido),NBR alimentario (FDA/EC1935),,
VERDER-146_1_0208,Verderflex,146.1.0208,PERISTALTICA,BARATA,0.059,0.593,122.3,2590.1,False,"DURA 15 D15SW USCLSS 28R0,37K NR TF V",,Trifasico 400V,0.6,N/A (no mojado — solo el tubo está en contacto con el fluido),Caucho natural (NR),,
VERDER-146_1_0224,Verderflex,146.1.0224,PERISTALTICA,BARATA,0.059,0.593,122.3,2605.04,False,D15 SW USCLSS 70 R 0.75K NR TF V,,Trifasico 400V,0.6,N/A (no mojado — solo el tubo está en contacto con el fluido),Caucho natural (NR),,
VERDER-146_1_0235,Verderflex,146.1.0235,PERISTALTICA,BARATA,0.059,0.593,122.3,2605.04,False,D15 NW USCLSS 93R0.75K NR TF V,,Trifasico 400V,0.6,N/A (no mojado — solo el tubo está en contacto con el fluido),Caucho natural (NR),,
VERDER-146_1_0237,Verderflex,146.1.0237,PERISTALTICA,BARATA,0.059,0.593,122.3,2605.04,False,D15 NW USCLSS 93R0.75K BU TF NBR,,Trifasico 400V,0.6,N/A (no mojado — solo el tubo está en contacto con el fluido),Nitrilo (NBR/Buna-N),,
VERDER-148_1022,Verderflex,148.1022,PERISTALTICA,BARATA,0.008,0.079,20.4,2677.15,False,VERDERFLEX VANTAGE 3000 P EZI EU,,Trifasico 400V,0.6,N/A (no mojado — solo el tubo está en contacto con el fluido),,,
VERDER-146_0_5191,Verderflex,146.0.5191,PERISTALTICA,BARATA,0.002,0.023,100.0,2685.0,False,D05 XW UICLPP 14R0.18K CS XLW,,Trifasico 400V,0.6,Acero al carbono,CSM / Hypalon®,,
VERDER-146_2_0686,Verderflex,146.2.0686,PERISTALTICA,BARATA,0.239,2.387,122.3,2787.77,False,BOBMBA DURA 25-70RPM-1.5KW-EPDM- VERDERSIL,1.5,Trifasico 400V,0.53,N/A (no mojado — solo el tubo está en contacto con el fluido),EPDM,,33.8
VERDER-146_0_0520,Verderflex,146.0.0520,PERISTALTICA,BARATA,0.022,0.222,122.3,2854.06,False,ID10 SW USCLSS VAR0.55K NR P3V,,Trifasico 400V,0.6,N/A (no mojado — solo el tubo está en contacto con el fluido),Caucho natural (NR),,
VERDER-146_0_9225,Verderflex,146.0.9225,PERISTALTICA,BARATA,0.022,0.222,122.3,2858.36,False,D10 XW USCLSS 93R0.55K BU TSHW,,Trifasico 400V,0.6,N/A (no mojado — solo el tubo está en contacto con el fluido),NBR (Nitrilo-Buna),,
VERDER-140_0_0209,Verderflex,140.0.0209,PERISTALTICA,BARATA,0.018,0.18,122.3,2859.1,False,VF10SH USALPV 40R 0.25K EP TF,,Trifasico 400V,0.6,N/A (no mojado — solo el tubo está en contacto con el fluido),EPDM,,
VERDER-121_20U0,Verderflex,121.20U0,PERISTALTICA,BARATA,0.221,2.21,152.8,2909.72,False,VF 25 CC CM US SS AL,,Trifasico 400V,0.6,N/A (no mojado — solo el tubo está en contacto con el fluido),,,
VERDER-140_1_0004,Verderflex,140.1.0004,PERISTALTICA,BARATA,0.06,0.6,122.3,2956.03,False,VF15SH USALSS 37R- 0.37K-NR TF,,Trifasico 400V,0.6,N/A (no mojado — solo el tubo está en contacto con el fluido),Caucho natural (NR),,
VERDER-140_1_0006,Verderflex,140.1.0006,PERISTALTICA,BARATA,0.06,0.6,122.3,2956.03,False,VF15SH ULALSS 41RO.37K NR TF,,Trifasico 400V,0.6,N/A (no mojado — solo el tubo está en contacto con el fluido),Caucho natural (NR),,
VERDER-140_1_0106,Verderflex,140.1.0106,PERISTALTICA,BARATA,0.06,0.6,122.3,2956.03,False,VF15SH USALPP 41R0.37K NR TF,,Trifasico 400V,0.6,N/A (no mojado — solo el tubo está en contacto con el fluido),Caucho natural (NR),,
VERDER-140_1_0107,Verderflex,140.1.0107,PERISTALTICA,BARATA,0.06,0.6,122.3,2956.03,False,VF15 SH USALPP 41 R0.37K EP TF,,Trifasico 400V,0.6,N/A (no mojado — solo el tubo está en contacto con el fluido),EPDM,,
VERDER-140_1_0108,Verderflex,140.1.0108,PERISTALTICA,BARATA,0.06,0.6,122.3,2956.03,False,VF15SH ULALPP 44R0,,Trifasico 400V,0.6,N/A (no mojado — solo el tubo está en contacto con el fluido),,,
VERDER-146_0_0528,Verderflex,146.0.0528,PERISTALTICA,BARATA,0.022,0.222,122.3,2958.23,False,"IDURA 10 EPDM INSET. PP 7,5-90 RPM 0,55 KW",0.55,Trifasico 400V,0.135,Polipropileno,EPDM,,
VERDER-148_3012,Verderflex,148.3012,PERISTALTICA,CALIDAD_PRECIO,0.008,0.079,20.4,2969.2,False,BOMBA VANTAGE 3000 C R3I,,Trifasico 400V,0.6,N/A (no mojado — solo el tubo está en contacto con el fluido),,,
VERDER-140_1_0016,Verderflex,140.1.0016,PERISTALTICA,CALIDAD_PRECIO,0.06,0.6,122.3,2975.25,False,VF15SH USALSS 77R0.75K NR TF,,Trifasico 400V,0.6,N/A (no mojado — solo el tubo está en contacto con el fluido),Caucho natural (NR),,
VERDER-152_0023,Verderflex,152.0023,PERISTALTICA,CALIDAD_PRECIO,0.04,0.396,20.4,2996.62,False,VANTAGE 5000 C LS V3 R EU,,Trifasico 400V,0.6,N/A (no mojado — solo el tubo está en contacto con el fluido),,,
VERDER-146_0_0640,Verderflex,146.0.0640,PERISTALTICA,CALIDAD_PRECIO,0.022,0.222,122.3,3048.3,False,iDURA10 SW UCCLPP VAR0.55KW EP P3 W,0.55,Trifasico 400V,0.135,N/A (no mojado — solo el tubo está en contacto con el fluido),EPDM,,
VERDER-146_1_0317,Verderflex,146.1.0317,PERISTALTICA,CALIDAD_PRECIO,0.059,0.593,122.3,3136.0,False,DURA 15-HOSE EPDM-INSERTS PP- 0.55KW-47RPM,0.55,Trifasico 400V,0.359,Polipropileno,EPDM,,22.9
VERDER-146_1_0835,Verderflex,146.1.0835,PERISTALTICA,CALIDAD_PRECIO,0.059,0.593,122.3,3143.76,False,D15 XW USCLSS 35R0.55K NR ST V,,Trifasico 400V,0.6,N/A (no mojado — solo el tubo está en contacto con el fluido),Caucho natural (NR),,
VERDER-146_0_0645,Verderflex,146.0.0645,PERISTALTICA,CALIDAD_PRECIO,0.022,0.222,122.3,3159.65,False,iDURA10- D10NW UCCLPV VAR0.55K EP-P3W,,Trifasico 400V,0.6,N/A (no mojado — solo el tubo está en contacto con el fluido),EPDM,,
VERDER-146_2_0204,Verderflex,146.2.0204,PERISTALTICA,CALIDAD_PRECIO,0.239,2.387,122.3,3248.8,False,D25 SW USCLSS 23R-0.55K NR TF V,,Trifasico 400V,0.6,N/A (no mojado — solo el tubo está en contacto con el fluido),Caucho natural (NR),,
VERDER-146_2_0205,Verderflex,146.2.0205,PERISTALTICA,CALIDAD_PRECIO,0.239,2.387,122.3,3248.8,False,"DURA 25-SW USCLSS-23R-0,55K- EPDM HOSE",,Trifasico 400V,0.6,N/A (no mojado — solo el tubo está en contacto con el fluido),EPDM,,
VERDER-146_2_0206,Verderflex,146.2.0206,PERISTALTICA,CALIDAD_PRECIO,0.239,2.387,122.3,3248.8,False,DURA 25- SW USCL SS-23R-0.55KW- NBR HOSE,0.55,Trifasico 400V,0.6,N/A (no mojado — solo el tubo está en contacto con el fluido),Nitrilo (NBR/Buna-N),,
VERDER-146_2_0304,Verderflex,146.2.0304,PERISTALTICA,CALIDAD_PRECIO,0.239,2.387,122.3,3248.8,False,D25 SW UCCLPP 23R 0.55K NR TF V,,Trifasico 400V,0.6,N/A (no mojado — solo el tubo está en contacto con el fluido),Caucho natural (NR),,
VERDER-146_2_0209,Verderflex,146.2.0209,PERISTALTICA,CALIDAD_PRECIO,0.239,2.387,122.3,3311.89,False,D25 SW USCL SS 35R 0.75K EP TF V,,Trifasico 400V,0.6,N/A (no mojado — solo el tubo está en contacto con el fluido),EPDM,,
VERDER-146_2_0210,Verderflex,146.2.0210,PERISTALTICA,CALIDAD_PRECIO,0.239,2.387,122.3,3311.89,False,D25 NBR SW USCLSS 35R 0.75K BU TF V,,Trifasico 400V,0.6,N/A (no mojado — solo el tubo está en contacto con el fluido),Nitrilo (NBR/Buna-N),,
VERDER-146_2_0310,Verderflex,146.2.0310,PERISTALTICA,CALIDAD_PRECIO,0.239,2.387,122.3,3311.89,False,BOMBA D25 SW USCLPP 35R 0.75K BU TF V,,Trifasico 400V,0.6,N/A (no mojado — solo el tubo está en contacto con el fluido),NBR (Nitrilo-Buna),,
VERDER-146_2_0208,Verderflex,146.2.0208,PERISTALTICA,CALIDAD_PRECIO,0.239,2.387,122.3,3312.0,False,D25 SW USCLSS 35 R 0.75K NR TF V,,Trifasico 400V,0.6,N/A (no mojado — solo el tubo está en contacto con el fluido),Caucho natural (NR),,
VERDER-146_2_0232,Verderflex,146.2.0232,PERISTALTICA,CALIDAD_PRECIO,0.239,2.387,122.3,3413.81,False,BOMBA DURA D25 SW USCLSS 35R0.75K FG TF V,,Trifasico 400V,0.6,N/A (no mojado — solo el tubo está en contacto con el fluido),NBR alimentario (FDA/EC1935),,
VERDER-146_0_0641,Verderflex,146.0.0641,PERISTALTICA,CALIDAD_PRECIO,0.022,0.222,122.3,3422.33,False,iDURA10- NBR HOSE -PP INSERTWS WITH VARIATOR,,Trifasico 400V,0.6,Polipropileno,Nitrilo (NBR/Buna-N),,
VERDER-148_3022,Verderflex,148.3022,PERISTALTICA,CALIDAD_PRECIO,0.008,0.079,20.4,3480.28,False,BOMBA VERDERFLEX VANTAGE 3000 P R3I EU,,Trifasico 400V,0.6,N/A (no mojado — solo el tubo está en contacto con el fluido),,,
VERDER-152_0723,Verderflex,152.0723,PERISTALTICA,CALIDAD_PRECIO,0.04,0.396,20.4,3486.05,False,VANTAGE 5000 REMOTE CONTROL,,Trifasico 400V,0.6,N/A (no mojado — solo el tubo está en contacto con el fluido),"N/A (accesorio/repuesto sin tubo, o bomba sin motor)",,
VERDER-146_0_5085,Verderflex,146.0.5085,PERISTALTICA,CALIDAD_PRECIO,0.002,0.023,163.0,3501.77,False,IDURA 5 D05 SW UICLPP VAR 0.55K CS P 3W,,Trifasico 400V,0.6,Acero al carbono,CSM / Hypalon®,,
VERDER-146_2_0212,Verderflex,146.2.0212,PERISTALTICA,CALIDAD_PRECIO,0.239,2.387,122.3,3597.09,False,BOMBA D25 1.1 KW  47 RPM,1.1,Trifasico 400V,0.723,N/A (no mojado — solo el tubo está en contacto con el fluido),,,46.1
VERDER-146_2_0213,Verderflex,146.2.0213,PERISTALTICA,CALIDAD_PRECIO,0.239,2.387,122.3,3597.09,False,D25 SW USCLSS 47R 1.1K EP TF V,1.1,Trifasico 400V,0.723,N/A (no mojado — solo el tubo está en contacto con el fluido),EPDM,,46.1
VERDER-146_2_0216,Verderflex,146.2.0216,PERISTALTICA,CALIDAD_PRECIO,0.239,2.387,122.3,3597.09,False,BOMBA DURA 25.D25 SW USCLSS 56R 1.1K NR TF V,1.1,Trifasico 400V,0.723,N/A (no mojado — solo el tubo está en contacto con el fluido),Caucho natural (NR),,46.1
VERDER-146_2_0218,Verderflex,146.2.0218,PERISTALTICA,CALIDAD_PRECIO,0.239,2.387,122.3,3597.09,False,"BOMBA DURA D25NBR 1,1KW",1.1,Trifasico 400V,0.723,N/A (no mojado — solo el tubo está en contacto con el fluido),NBR (Nitrilo-Buna),,46.1
VERDER-146_2_0317,Verderflex,146.2.0317,PERISTALTICA,CALIDAD_PRECIO,0.239,2.387,122.3,3597.09,False,D25 SW UCCLPP 56R 1.1K EP TF V,1.1,Trifasico 400V,0.723,N/A (no mojado — solo el tubo está en contacto con el fluido),EPDM,,46.1
VERDER-152_0590,Verderflex,152.0590,PERISTALTICA,CALIDAD_PRECIO,0.04,0.396,20.4,3626.76,False,VANTAGE 5000 RHE H4 R EU-BOMBA VANTAGE REMOTE CONT,,Trifasico 400V,0.6,N/A (no mojado — solo el tubo está en contacto con el fluido),"N/A (accesorio/repuesto sin tubo, o bomba sin motor)",,
VERDER-150_0365,Verderflex,150.0365,PERISTALTICA,CALIDAD_PRECIO,0.04,0.396,20.4,3628.94,False,BOMBA VANTAGE 5000-R CONTROL REMOTO,,Trifasico 400V,0.6,N/A (no mojado — solo el tubo está en contacto con el fluido),"N/A (accesorio/repuesto sin tubo, o bomba sin motor)",,
VERDER-146_2_0220,Verderflex,146.2.0220,PERISTALTICA,CALIDAD_PRECIO,0.239,2.387,122.3,3677.45,False,D25 SW USCL SS70R 1.5K NR TF V,1.5,Trifasico 400V,0.53,N/A (no mojado — solo el tubo está en contacto con el fluido),Caucho natural (NR),,33.8
VERDER-146_2_0221,Verderflex,146.2.0221,PERISTALTICA,CALIDAD_PRECIO,0.239,2.387,122.3,3677.45,False,BOMBA DURA 25 EPDM GLICERINA ESPECIAL VERDERSIL,,Trifasico 400V,0.6,N/A (no mojado — solo el tubo está en contacto con el fluido),EPDM,,
VERDER-152_3782,Verderflex,152.3782,PERISTALTICA,CALIDAD_PRECIO,0.04,0.396,20.4,3764.29,False,VANTAGE 5000 C LH NO R EU CONTROL,,Trifasico 400V,0.6,N/A (no mojado — solo el tubo está en contacto con el fluido),,,
VERDER-146_2_0214,Verderflex,146.2.0214,PERISTALTICA,CALIDAD_PRECIO,0.239,2.387,122.3,3773.65,False,"DURA 25- NW USCL SS-47R-1,1KW-NBR HOSE",1.1,Trifasico 400V,0.723,N/A (no mojado — solo el tubo está en contacto con el fluido),Nitrilo (NBR/Buna-N),,46.1
VERDER-146_2_0241,Verderflex,146.2.0241,PERISTALTICA,CALIDAD_PRECIO,0.239,2.387,122.3,3975.84,False,D25 XW USCLSS 47R 1.1K FG ST V MONOFASICA,1.1,Trifasico 400V,0.723,N/A (no mojado — solo el tubo está en contacto con el fluido),NBR alimentario (FDA/EC1935),,46.1
VERDER-146_1_0622,Verderflex,146.1.0622,PERISTALTICA,CALIDAD_PRECIO,0.059,0.593,122.3,3987.04,False,ID15 NW USCLL SS VAR 0.75K NR P1V,,Trifasico 400V,0.6,N/A (no mojado — solo el tubo está en contacto con el fluido),Caucho natural (NR),,
VERDER-146_3_0276,Verderflex,146.3.0276,PERISTALTICA,CALIDAD_PRECIO,0.529,5.292,163.0,4035.6,False,"DURA 35 1,5KW 47RPM NR HP",1.5,Trifasico 400V,0.6,N/A (no mojado — solo el tubo está en contacto con el fluido),Caucho natural (NR),,
VERDER-146_1_0605,Verderflex,146.1.0605,PERISTALTICA,CALIDAD_PRECIO,0.059,0.593,122.3,4155.63,False,ID15 SW USCLSS VAR 0.75K NR P3V,,Trifasico 400V,0.6,N/A (no mojado — solo el tubo está en contacto con el fluido),Caucho natural (NR),,
VERDER-146_1_0608,Verderflex,146.1.0608,PERISTALTICA,CALIDAD_PRECIO,0.059,0.593,122.3,4155.63,False,IDURA 15 SW USCLSS VAR .075K EP P3V,,Trifasico 400V,0.6,N/A (no mojado — solo el tubo está en contacto con el fluido),EPDM,,
VERDER-146_2_1134,Verderflex,146.2.1134,PERISTALTICA,CALIDAD_PRECIO,0.239,2.387,122.3,4219.9,False,"BOMBA DURA 25- 70R - 1,5- EPDM",,Trifasico 400V,0.6,N/A (no mojado — solo el tubo está en contacto con el fluido),EPDM,,
VERDER-146_1_0428,Verderflex,146.1.0428,PERISTALTICA,CALIDAD_PRECIO,0.059,0.593,122.3,4252.0,False,DURA 15 + INVERTER NR 35 RPM 0.55KW,0.55,Trifasico 400V,0.359,N/A (no mojado — solo el tubo está en contacto con el fluido),Caucho natural (NR),,22.9
VERDER-140_2_0002,Verderflex,140.2.0002,PERISTALTICA,CALIDAD_PRECIO,0.221,2.21,152.8,4275.34,False,VF25NH USASSS 24R0.55K NR TF,,Trifasico 400V,0.6,N/A (no mojado — solo el tubo está en contacto con el fluido),Caucho natural (NR),,
VERDER-140_2_0102,Verderflex,140.2.0102,PERISTALTICA,CALIDAD_PRECIO,0.221,2.21,152.8,4275.34,False,VF25NH USASPP 24R0.55K NR TF,,Trifasico 400V,0.6,N/A (no mojado — solo el tubo está en contacto con el fluido),Caucho natural (NR),,
VERDER-140_2_0013,Verderflex,140.2.0013,PERISTALTICA,CALIDAD_PRECIO,0.221,2.21,152.8,4292.72,False,"VF25SH USASSS 54R 0,75K EPTF",,Trifasico 400V,0.6,N/A (no mojado — solo el tubo está en contacto con el fluido),EPDM,,
VERDER-140_2_0113,Verderflex,140.2.0113,PERISTALTICA,CALIDAD_PRECIO,0.221,2.21,152.8,4292.72,False,VF25NH USASPP 54R0.75K EP TF,,Trifasico 400V,0.6,N/A (no mojado — solo el tubo está en contacto con el fluido),EPDM,,
VERDER-152_0365,Verderflex,152.0365,PERISTALTICA,CALIDAD_PRECIO,0.04,0.396,20.4,4498.81,False,BOMBA VANTAGE 5000-R CONTROL REMOTO,,Trifasico 400V,0.6,N/A (no mojado — solo el tubo está en contacto con el fluido),"N/A (accesorio/repuesto sin tubo, o bomba sin motor)",,
VERDER-152_3789,Verderflex,152.3789,PERISTALTICA,CALIDAD_PRECIO,0.04,0.396,20.4,4498.81,False,VANTAGE 5000 REMOTE PUMP- LH NO R EU,,Trifasico 400V,0.6,N/A (no mojado — solo el tubo está en contacto con el fluido),"N/A (accesorio/repuesto sin tubo, o bomba sin motor)",,
VERDER-152_4006,Verderflex,152.4006,PERISTALTICA,CALIDAD_PRECIO,0.04,0.396,20.4,4498.81,False,VANTAGE 5000 R EU REMOTE,,Trifasico 400V,0.6,N/A (no mojado — solo el tubo está en contacto con el fluido),"N/A (accesorio/repuesto sin tubo, o bomba sin motor)",,
VERDER-146_0_5187,Verderflex,146.0.5187,PERISTALTICA,CALIDAD_PRECIO,0.002,0.023,163.0,4995.7,False,iD05 CW USCLSS VAR0.55K CS X3EW-HOSE BURST K+PR S.,,Trifasico 400V,0.6,Acero al carbono,CSM / Hypalon®,,
VERDER-146_1_0648,Verderflex,146.1.0648,PERISTALTICA,CALIDAD_PRECIO,0.059,0.593,122.3,5001.58,False,DURA 15 XW UCCLPP 70R-0.75K NR XLHV,,Trifasico 400V,0.6,N/A (no mojado — solo el tubo está en contacto con el fluido),Caucho natural (NR),,
VERDER-146_2_0626,Verderflex,146.2.0626,PERISTALTICA,CALIDAD_PRECIO,0.239,2.387,122.3,5010.44,False,iDURA25-D25 SW USCLSS VAR1.5K NR P3 V-,,Trifasico 400V,0.6,N/A (no mojado — solo el tubo está en contacto con el fluido),Caucho natural (NR),,
VERDER-146_2_0629,Verderflex,146.2.0629,PERISTALTICA,CALIDAD_PRECIO,0.239,2.387,122.3,5010.44,False,ID25 SW USCLSS VAR1.5 K EP P3 V,,Trifasico 400V,0.6,N/A (no mojado — solo el tubo está en contacto con el fluido),EPDM,,
VERDER-146_3_0229,Verderflex,146.3.0229,PERISTALTICA,CALIDAD_PRECIO,0.529,5.292,163.0,5527.87,False,"BOMBA DURA 35 SS EPDM 1,1 KW",1.1,Trifasico 400V,0.6,N/A (no mojado — solo el tubo está en contacto con el fluido),EPDM,,
VERDER-146_3_0236,Verderflex,146.3.0236,PERISTALTICA,CALIDAD_PRECIO,0.529,5.292,163.0,5527.87,False,D35 SW USCLSS 35R 1.5K NR TF V,1.5,Trifasico 400V,0.6,N/A (no mojado — solo el tubo está en contacto con el fluido),Caucho natural (NR),,
VERDER-146_3_0237,Verderflex,146.3.0237,PERISTALTICA,CALIDAD_PRECIO,0.529,5.292,163.0,5527.87,False,D35 SW 1.5K EPDM TF V,1.5,Trifasico 400V,0.6,N/A (no mojado — solo el tubo está en contacto con el fluido),EPDM,,
VERDER-146_3_0240,Verderflex,146.3.0240,PERISTALTICA,CALIDAD_PRECIO,0.529,5.292,163.0,5527.87,False,D35 SW USCLSS 47R 1.5K NR TF V BAJA PRESION,1.5,Trifasico 400V,0.6,N/A (no mojado — solo el tubo está en contacto con el fluido),Caucho natural (NR),,
VERDER-146_3_0242,Verderflex,146.3.0242,PERISTALTICA,CALIDAD_PRECIO,0.529,5.292,163.0,5527.87,False,D35 SW USCL SS NBR 47R 1.5K BU T F V,1.5,Trifasico 400V,0.6,N/A (no mojado — solo el tubo está en contacto con el fluido),Nitrilo (NBR/Buna-N),,
VERDER-146_3_0341,Verderflex,146.3.0341,PERISTALTICA,CALIDAD_PRECIO,0.529,5.292,163.0,5527.87,False,BOMBA DURA 35- 47RPM-1.5KW- EPDM-INSERTS PP,1.5,Trifasico 400V,0.6,Polipropileno,EPDM,,
VERDER-146_3_0232,Verderflex,146.3.0232,PERISTALTICA,CALIDAD_PRECIO,0.529,5.292,163.0,5619.22,False,"DURA 35-SW USCLSS -28R-1,5K- NR HOSE",,Trifasico 400V,0.6,N/A (no mojado — solo el tubo está en contacto con el fluido),Caucho natural (NR),,
VERDER-146_3_0245,Verderflex,146.3.0245,PERISTALTICA,CALIDAD_PRECIO,0.529,5.292,163.0,5687.15,False,DURA 35- 70RPM-2.2KW- MANG:EPDM,2.2,Trifasico 400V,0.6,N/A (no mojado — solo el tubo está en contacto con el fluido),EPDM,,68.1
VERDER-146_3_0254,Verderflex,146.3.0254,PERISTALTICA,PREMIUM,0.529,5.292,163.0,5741.8,False,D35 NW USCLSS 47R 1.5K FG TF V,1.5,Trifasico 400V,0.6,N/A (no mojado — solo el tubo está en contacto con el fluido),NBR alimentario (FDA/EC1935),,
VERDER-140_3_0008,Verderflex,140.3.0008,PERISTALTICA,PREMIUM,0.42,4.2,152.8,6114.0,False,VF32NH USASSS 43R 1.5K NR TF,1.5,Trifasico 400V,0.6,N/A (no mojado — solo el tubo está en contacto con el fluido),Caucho natural (NR),,74.3
VERDER-140_3_0016,Verderflex,140.3.0016,PERISTALTICA,PREMIUM,0.42,4.2,152.8,6208.86,False,VF32 67 R USASS (INSERTOS PP) EPDM TF 2.2 KW,2.2,Trifasico 400V,0.795,Polipropileno,EPDM,,50.7
VERDER-140_3_0020,Verderflex,140.3.0020,PERISTALTICA,PREMIUM,0.42,4.2,152.8,6208.86,False,VF32NH USASSS 85R 2.2K NR TF,2.2,Trifasico 400V,0.795,N/A (no mojado — solo el tubo está en contacto con el fluido),Caucho natural (NR),,50.7
VERDER-140_3_0118,Verderflex,140.3.0118,PERISTALTICA,PREMIUM,0.42,4.2,152.8,6208.86,False,VF32NH USASPP 75R 2.2K NR TF,2.2,Trifasico 400V,0.795,N/A (no mojado — solo el tubo está en contacto con el fluido),Caucho natural (NR),,50.7
VERDER-136_4_0486,Verderflex,136.4.0486,PERISTALTICA,PREMIUM,1.224,12.24,163.0,6326.0,False,DURA 45 XP UCASSS 38R 4.0K EP TSH-C/DETECT. ROTURA,4.0,Trifasico 400V,0.6,N/A (no mojado — solo el tubo está en contacto con el fluido),EPDM,,86.6
VERDER-146_2_0674,Verderflex,146.2.0674,PERISTALTICA,PREMIUM,0.239,2.387,122.3,6388.88,False,DURA 25 NW UCCLPP 47R- 1.1K- NR XLHV,1.1,Trifasico 400V,0.723,N/A (no mojado — solo el tubo está en contacto con el fluido),Caucho natural (NR),,46.1
VERDER-146_2_1124,Verderflex,146.2.1124,PERISTALTICA,PREMIUM,0.239,2.387,122.3,6862.98,False,iD25 CW USCLSS VAR-1.5K CS X3EW-HOSE BURST K+PR S,1.5,Trifasico 400V,0.53,Acero al carbono,CSM / Hypalon®,,33.8
VERDER-136_4_0016,Verderflex,136.4.0016,PERISTALTICA,PREMIUM,1.224,12.24,163.0,7196.08,False,DURA 45-D45 SP USASSS 28R 3.0K NR TF,3.0,Trifasico 400V,0.6,N/A (no mojado — solo el tubo está en contacto con el fluido),Caucho natural (NR),,
VERDER-136_4_0017,Verderflex,136.4.0017,PERISTALTICA,PREMIUM,1.224,12.24,163.0,7196.08,False,D45 SP USASSS 28R 3.0K EP TF,3.0,Trifasico 400V,0.6,N/A (no mojado — solo el tubo está en contacto con el fluido),EPDM,,
VERDER-136_4_0018,Verderflex,136.4.0018,PERISTALTICA,PREMIUM,1.224,12.24,163.0,7196.08,False,DURA 45 - D45 NBR,,Trifasico 400V,0.6,N/A (no mojado — solo el tubo está en contacto con el fluido),Nitrilo (NBR/Buna-N),,
VERDER-136_4_0020,Verderflex,136.4.0020,PERISTALTICA,PREMIUM,1.224,12.24,163.0,7196.08,False,D45 SP USASSS 38R 4.0K NR TF,4.0,Trifasico 400V,0.6,N/A (no mojado — solo el tubo está en contacto con el fluido),Caucho natural (NR),,86.6
VERDER-136_4_0021,Verderflex,136.4.0021,PERISTALTICA,PREMIUM,1.224,12.24,163.0,7196.08,False,D45 SP USASSS 38R 4.0 K EP TF,,Trifasico 400V,0.6,N/A (no mojado — solo el tubo está en contacto con el fluido),EPDM,,
VERDER-136_4_0024,Verderflex,136.4.0024,PERISTALTICA,PREMIUM,1.224,12.24,163.0,7196.08,False,DURA 45-D45 SP USASSSS 47RPM-4.0KW- NR TF,4.0,Trifasico 400V,0.6,N/A (no mojado — solo el tubo está en contacto con el fluido),Caucho natural (NR),,86.6
VERDER-136_4_0054,Verderflex,136.4.0054,PERISTALTICA,PREMIUM,1.224,12.24,163.0,7196.08,False,DURA45-47RPM-4.0KW-FG TF,4.0,Trifasico 400V,0.6,N/A (no mojado — solo el tubo está en contacto con el fluido),NBR alimentario (FDA/EC1935),,86.6
VERDER-136_4_0117,Verderflex,136.4.0117,PERISTALTICA,PREMIUM,1.224,12.24,163.0,7196.08,False,BOMBA DURA 45 SP UCASPP 28R 3.0K EP TF,3.0,Trifasico 400V,0.6,N/A (no mojado — solo el tubo está en contacto con el fluido),EPDM,,
VERDER-136_4_0028,Verderflex,136.4.0028,PERISTALTICA,PREMIUM,1.224,12.24,163.0,7532.67,False,D45 SP USASSS 59R 5.5K NR TF,5.5,Trifasico 400V,0.989,N/A (no mojado — solo el tubo está en contacto con el fluido),Caucho natural (NR),,63.0
VERDER-136_4_0219,Verderflex,136.4.0219,PERISTALTICA,PREMIUM,1.224,12.24,163.0,7596.76,False,BOMBA DURA 45 SP UCASPV 28R 3.0K CS TF,3.0,Trifasico 400V,0.6,Acero al carbono,CSM / Hypalon®,,
VERDER-136_4_0227,Verderflex,136.4.0227,PERISTALTICA,PREMIUM,1.224,12.24,163.0,7596.76,False,D45 SP UCASPV 47R 4.0K CS TF-380V-60HZ,4.0,Trifasico 400V,0.6,Acero al carbono,CSM / Hypalon®,,86.6
VERDER-146_3_0529,Verderflex,146.3.0529,PERISTALTICA,PREMIUM,0.529,5.292,163.0,7715.65,False,ID35 SW USCLSS VAR2.2 K NR P3V,,Trifasico 400V,0.6,N/A (no mojado — solo el tubo está en contacto con el fluido),Caucho natural (NR),,
VERDER-136_4_0040,Verderflex,136.4.0040,PERISTALTICA,PREMIUM,1.224,12.24,163.0,7789.1,False,D45 SP USASSS 97R 7.5K NR TF,7.5,Trifasico 400V,0.725,N/A (no mojado — solo el tubo está en contacto con el fluido),Caucho natural (NR),,46.2
VERDER-140_4_0016,Verderflex,140.4.0016,PERISTALTICA,PREMIUM,0.75,7.5,152.8,7827.92,False,VF40SH USASSS 4 1R 1.5K NR TF,1.5,Trifasico 400V,0.6,N/A (no mojado — solo el tubo está en contacto con el fluido),Caucho natural (NR),,
VERDER-140_4_0036,Verderflex,140.4.0036,PERISTALTICA,PREMIUM,0.75,7.5,152.8,7924.73,False,BOMBA VF40-VF40NH USASSS 71R 2.2K NR TF,2.2,Trifasico 400V,0.6,N/A (no mojado — solo el tubo está en contacto con el fluido),Caucho natural (NR),,
VERDER-140_4_0128,Verderflex,140.4.0128,PERISTALTICA,PREMIUM,0.75,7.5,152.8,7924.73,False,VF40 NH USASPP 56R 2.2K NR TF,2.2,Trifasico 400V,0.6,N/A (no mojado — solo el tubo está en contacto con el fluido),Caucho natural (NR),,
VERDER-140_4_0034,Verderflex,140.4.0034,PERISTALTICA,PREMIUM,0.75,7.5,152.8,8103.18,False,VF40NH USASSS 62R 4.0K NR TF,4.0,Trifasico 400V,0.781,N/A (no mojado — solo el tubo está en contacto con el fluido),Caucho natural (NR),,49.8
VERDER-136_4_0561,Verderflex,136.4.0561,PERISTALTICA,PREMIUM,1.224,12.24,163.0,8718.34,False,D45 XP USASSS 47R 4.0K NR TF,4.0,Trifasico 400V,0.6,N/A (no mojado — solo el tubo está en contacto con el fluido),Caucho natural (NR),,86.6
VERDER-136_4_4001,Verderflex,136.4.4001,PERISTALTICA,PREMIUM,1.224,12.24,163.0,8905.0,False,D45 SP USASSS VAR4.0K EP P3V - ID45 CON INVERTER,,Trifasico 400V,0.6,N/A (no mojado — solo el tubo está en contacto con el fluido),EPDM,,
VERDER-136_4_4000,Verderflex,136.4.4000,PERISTALTICA,PREMIUM,1.224,12.24,163.0,8905.95,False,ID45 SP USASSS VAR4.0 K NR P 3 V,,Trifasico 400V,0.6,N/A (no mojado — solo el tubo está en contacto con el fluido),Caucho natural (NR),,
VERDER-146_5_0048,Verderflex,146.5.0048,PERISTALTICA,PREMIUM,1.53,15.3,81.5,9802.88,False,BOMBA D55 SP USASSS 28R 4.0K NR TF,4.0,Trifasico 400V,0.85,N/A (no mojado — solo el tubo está en contacto con el fluido),Caucho natural (NR),,54.2
VERDER-146_5_0068,Verderflex,146.5.0068,PERISTALTICA,PREMIUM,1.53,15.3,163.0,10114.14,False,DURA 55 SP USASSS 47R 7.5K BU TF NBR,7.5,Trifasico 400V,0.907,N/A (no mojado — solo el tubo está en contacto con el fluido),Nitrilo (NBR/Buna-N),,57.8
VERDER-146_5_0167,Verderflex,146.5.0167,PERISTALTICA,PREMIUM,1.53,15.3,81.5,10114.14,False,D55 SP UIASPP 47R 7.5K EP TF,7.5,Trifasico 400V,0.453,N/A (no mojado — solo el tubo está en contacto con el fluido),EPDM,,28.9
VERDER-146_6_0026,Verderflex,146.6.0026,PERISTALTICA,PREMIUM,3.3,33.0,163.0,13348.5,False,"DURA 65 - 5,5KW- MANG. NR",5.5,Trifasico 400V,0.6,N/A (no mojado — solo el tubo está en contacto con el fluido),Caucho natural (NR),,
VERDER-146_6_0040,Verderflex,146.6.0040,PERISTALTICA,PREMIUM,3.3,33.0,163.0,13622.22,False,BOMBA DURA 65-D65 NP USALSS 31R 7.5K EP TF V,7.5,Trifasico 400V,0.6,N/A (no mojado — solo el tubo está en contacto con el fluido),EPDM,,
VERDER-146_6_0160,Verderflex,146.6.0160,PERISTALTICA,PREMIUM,3.3,33.0,163.0,13839.85,False,D65 NP USAHSS 10R 5.5K BU TF V,5.5,Trifasico 400V,0.6,N/A (no mojado — solo el tubo está en contacto con el fluido),NBR (Nitrilo-Buna),,
VERDER-136_4_0563,Verderflex,136.4.0563,PERISTALTICA,PREMIUM,1.224,12.24,163.0,15302.0,False,D45 XP USASSS 47R 4.0K NR TFIA,4.0,Trifasico 400V,0.6,N/A (no mojado — solo el tubo está en contacto con el fluido),Caucho natural (NR),,86.6
VERDER-136_4_4043,Verderflex,136.4.4043,PERISTALTICA,PREMIUM,1.224,12.24,163.0,15302.0,False,D45 XP USASSS 47R 4.0K NR-WEGMOTOR,4.0,Trifasico 400V,0.6,N/A (no mojado — solo el tubo está en contacto con el fluido),Caucho natural (NR),,86.6
VERDER-136_4_0502,Verderflex,136.4.0502,PERISTALTICA,PREMIUM,1.224,12.24,163.0,15781.78,True,D45 XP USASSS 47R 4.0K TFIA NR  ATEX,4.0,Trifasico 400V,0.6,N/A (no mojado — solo el tubo está en contacto con el fluido),Caucho natural (NR),,86.6
VERDER-146_8_0051,Verderflex,146.8.0051,PERISTALTICA,PREMIUM,4.2,42.0,163.0,22341.75,False,DURA 80 - D80SP USALSS32R-9.2KW-BUTFV,9.2,Trifasico 400V,0.6,N/A (no mojado — solo el tubo está en contacto con el fluido),NBR (Nitrilo-Buna),,
VERDER-146_8_0032,Verderflex,146.8.0032,PERISTALTICA,PREMIUM,4.2,42.0,163.0,24435.58,False,DURA 80 SP USAMMSS 24R 11.0K NR TF V,11.0,Trifasico 400V,0.6,N/A (no mojado — solo el tubo está en contacto con el fluido),Caucho natural (NR),,
VERDER-140_8_1062,Verderflex,140.8.1062,PERISTALTICA,PREMIUM,4.0,40.0,163.0,24683.56,False,VF80 NP USASSS-30RPM-15KW-BU TF,15.0,Trifasico 400V,0.6,N/A (no mojado — solo el tubo está en contacto con el fluido),NBR (Nitrilo-Buna),,75.5
VERDER-146_8_0060,Verderflex,146.8.0060,PERISTALTICA,PREMIUM,4.2,42.0,163.0,26810.1,False,D80 NP USALSS 38R 11.0K BU TF V,11.0,Trifasico 400V,0.6,N/A (no mojado — solo el tubo está en contacto con el fluido),NBR (Nitrilo-Buna),,
VERDER-140_9_0010,Verderflex,140.9.0010,PERISTALTICA,PREMIUM,9.0,90.0,163.0,44626.81,False,VF125NP DNASSS 25R 30K0 NR TFH CON GMU Y FITTED,,Trifasico 400V,0.6,N/A (no mojado — solo el tubo está en contacto con el fluido),Caucho natural (NR),,
ARO-PE10A_BAP_FTT_AD0,ARO (Ingersoll Rand),PE10A-BAP-FTT-AD0,NEUMATICA_DOBLE_MEMBRANA,CALIDAD_PRECIO,0.5928,11.856,84.64,2562.24,False,1 DIAPHRAGM PUMP,0.0,Sin motor electrico (neumatica),0.2,Aluminio (centro),PTFE (Teflón),,
ARO-PE10A_BAP_FTT_ADF,ARO (Ingersoll Rand),PE10A-BAP-FTT-ADF,NEUMATICA_DOBLE_MEMBRANA,PREMIUM,0.5928,11.856,84.64,3186.48,False,1 DIAPHRAGM PUMP,0.0,Sin motor electrico (neumatica),0.2,Aluminio (centro),PTFE (Teflón),,
ARO-PF20A_BAP_SAA_B,ARO (Ingersoll Rand),PF20A-BAP-SAA-B,NEUMATICA_DOBLE_MEMBRANA,BARATA,1.953,39.06,84.64,5093.88,False,2 DIAPHRAGM PUMP (FLAP),0.0,Sin motor electrico (neumatica),0.2,,,,
ARO-PF20A_BSS_SVT_B,ARO (Ingersoll Rand),PF20A-BSS-SVT-B,NEUMATICA_DOBLE_MEMBRANA,CALIDAD_PRECIO,1.953,39.06,84.64,13150.86,False,2 DIAPHRAGM PUMP (FLAP),0.0,Sin motor electrico (neumatica),0.2,,,,
ARO-DAB05_APCC_2_A,ARO (Ingersoll Rand),DAB05-APCC-2-A,NEUMATICA_DOBLE_MEMBRANA,CALIDAD_PRECIO,0.1248,2.496,70.36,1407.6,False,DRUM PUMP ASM,0.0,Sin motor electrico (neumatica),0.2,,,,
ARO-DAB05_APCC_2_O,ARO (Ingersoll Rand),DAB05-APCC-2-O,NEUMATICA_DOBLE_MEMBRANA,PREMIUM,0.1248,2.496,70.36,1595.0,False,DRUM PUMP ASSEMBLY,0.0,Sin motor electrico (neumatica),0.2,,,,
ARO-DAB05_APCC_B_L,ARO (Ingersoll Rand),DAB05-APCC-B-L,NEUMATICA_DOBLE_MEMBRANA,PREMIUM,0.1248,2.496,70.36,1704.6,False,DRUM PUMP ASM  DAB05-APCC-B-L,0.0,Sin motor electrico (neumatica),0.2,,,,
ARO-DAB05_APCC_B_P,ARO (Ingersoll Rand),DAB05-APCC-B-P,NEUMATICA_DOBLE_MEMBRANA,PREMIUM,0.1248,2.496,70.36,2816.1,False,DRUM PUMP ASM DAB05-APCC-B-P,0.0,Sin motor electrico (neumatica),0.2,,,,
ARO-DAB05_ASTT_2_A,ARO (Ingersoll Rand),DAB05-ASTT-2-A,NEUMATICA_DOBLE_MEMBRANA,PREMIUM,0.1248,2.496,70.36,2343.6,False,DRUM PUMP ASM,0.0,Sin motor electrico (neumatica),0.2,,,,
ARO-DAB05_PPAA_2_A,ARO (Ingersoll Rand),DAB05-PPAA-2-A,NEUMATICA_DOBLE_MEMBRANA,BARATA,0.1248,2.496,70.36,1107.0,False,DRUM PUMP ASM,0.0,Sin motor electrico (neumatica),0.2,,,,
ARO-DAB05_PPAA_2_B,ARO (Ingersoll Rand),DAB05-PPAA-2-B,NEUMATICA_DOBLE_MEMBRANA,BARATA,0.1248,2.496,70.36,1181.7,False,DRUM PUMP ASM,0.0,Sin motor electrico (neumatica),0.2,,,,
ARO-DAB05_PPAA_B_K,ARO (Ingersoll Rand),DAB05-PPAA-B-K,NEUMATICA_DOBLE_MEMBRANA,CALIDAD_PRECIO,0.1248,2.496,70.36,1367.1,False,DRUM PUMP ASM DAB05-PPAA-B-K,0.0,Sin motor electrico (neumatica),0.2,,,,
ARO-DAB05_PPCC_2_A,ARO (Ingersoll Rand),DAB05-PPCC-2-A,NEUMATICA_DOBLE_MEMBRANA,BARATA,0.1248,2.496,70.36,1132.2,False,DRUM PUMP ASM,0.0,Sin motor electrico (neumatica),0.2,,,,
ARO-DAB05_PPCC_2_A_BL,ARO (Ingersoll Rand),DAB05-PPCC-2-A-BL,NEUMATICA_DOBLE_MEMBRANA,PREMIUM,0.1248,2.496,70.36,3018.6,False,DAB05-PPCC-2-A-BL - DRUM PUMP SET FOR COOLANT FLUID (A40). RATIO 1:1,0.0,Sin motor electrico (neumatica),0.2,,,,
ARO-DAB05_PPCC_2_N,ARO (Ingersoll Rand),DAB05-PPCC-2-N,NEUMATICA_DOBLE_MEMBRANA,BARATA,0.1248,2.496,70.36,1185.3,False,DRUM PUMP ASM DAB05-PPCC-2-N,0.0,Sin motor electrico (neumatica),0.2,,,,
ARO-DAB05_PPCC_B_J,ARO (Ingersoll Rand),DAB05-PPCC-B-J,NEUMATICA_DOBLE_MEMBRANA,CALIDAD_PRECIO,0.1248,2.496,70.36,1239.3,False,DRUM PUMP ASM,0.0,Sin motor electrico (neumatica),0.2,,,,
ARO-DAB05_PPCC_B_M,ARO (Ingersoll Rand),DAB05-PPCC-B-M,NEUMATICA_DOBLE_MEMBRANA,PREMIUM,0.1248,2.496,70.36,2144.7,False,DRUM PUMP ASM DAB05-PPCC-B-M,0.0,Sin motor electrico (neumatica),0.2,,,,
ARO-DAB05_PPTT_2_A,ARO (Ingersoll Rand),DAB05-PPTT-2-A,NEUMATICA_DOBLE_MEMBRANA,CALIDAD_PRECIO,0.1248,2.496,70.36,1533.6,False,DRUM PUMP ASM DAB05-PPTT-2-A,0.0,Sin motor electrico (neumatica),0.2,,,,
ARO-DAB05_PPUU_2_C,ARO (Ingersoll Rand),DAB05-PPUU-2-C,NEUMATICA_DOBLE_MEMBRANA,BARATA,0.1248,2.496,70.36,1216.8,False,DRUM PUMP ASM,0.0,Sin motor electrico (neumatica),0.2,,,,
ARO-DAB05_PPUU_2_F,ARO (Ingersoll Rand),DAB05-PPUU-2-F,NEUMATICA_DOBLE_MEMBRANA,CALIDAD_PRECIO,0.1248,2.496,70.36,1269.9,False,DRUM PUMP ASM,0.0,Sin motor electrico (neumatica),0.2,,,,
ARO-DAB05_SSTT_2_A,ARO (Ingersoll Rand),DAB05-SSTT-2-A,NEUMATICA_DOBLE_MEMBRANA,PREMIUM,0.1248,2.496,70.36,2874.6,False,DRUM PUMP ASM,0.0,Sin motor electrico (neumatica),0.2,,,,
ARO-PD20A_BAS_FTT_B,ARO (Ingersoll Rand),PD20A-BAS-FTT-B,NEUMATICA_DOBLE_MEMBRANA,BARATA,1.953,39.06,84.64,5132.0,False,"2"" PUMP ASM",0.0,Sin motor electrico (neumatica),0.2,,,,
ARO-PD20A_BCP_SAA_B,ARO (Ingersoll Rand),PD20A-BCP-SAA-B,NEUMATICA_DOBLE_MEMBRANA,CALIDAD_PRECIO,1.953,39.06,84.64,8968.0,False,"2"" DIAPHRAGM PUMP ASM",0.0,Sin motor electrico (neumatica),0.2,,,,
ARO-PD20A_BSP_AAA_B,ARO (Ingersoll Rand),PD20A-BSP-AAA-B,NEUMATICA_DOBLE_MEMBRANA,CALIDAD_PRECIO,1.953,39.06,84.64,17272.0,False,"2"" DIAPHRAGM PUMP ASM",0.0,Sin motor electrico (neumatica),0.2,,,,
ARO-PE10R_BSS_STT_AD0,ARO (Ingersoll Rand),PE10R-BSS-STT-AD0,NEUMATICA_DOBLE_MEMBRANA,PREMIUM,0.5928,11.856,84.64,10034.0,False,"1"" METALLIC DIAPHRAGM PUMP",0.0,Sin motor electrico (neumatica),0.2,,,,
ARO-PF20A_BCP_SGG,ARO (Ingersoll Rand),PF20A-BCP-SGG,NEUMATICA_DOBLE_MEMBRANA,BARATA,1.953,39.06,84.64,5994.0,False,"PUMP ASM, 2"" FLAP VALVE PUMP",0.0,Sin motor electrico (neumatica),0.2,,,,
ARO-PF20A_BCP_SUC_B,ARO (Ingersoll Rand),PF20A-BCP-SUC-B,NEUMATICA_DOBLE_MEMBRANA,BARATA,1.953,39.06,84.64,5972.0,False,"2"" FLAP VALVE DIAPHRAGM PUMP",0.0,Sin motor electrico (neumatica),0.2,,,,
ARO-PF20A_BCP_SVT_B,ARO (Ingersoll Rand),PF20A-BCP-SVT-B,NEUMATICA_DOBLE_MEMBRANA,BARATA,1.953,39.06,84.64,7265.0,False,"2"" FLAP VALVE DIAPHRAGM PUMP",0.0,Sin motor electrico (neumatica),0.2,,,,
ARO-PF20C_BCS_SAA,ARO (Ingersoll Rand),PF20C-BCS-SAA,NEUMATICA_DOBLE_MEMBRANA,CALIDAD_PRECIO,1.953,39.06,84.64,10166.0,False,"PUMP ASM, 2"" FLAP VALVE PUMP",0.0,Sin motor electrico (neumatica),0.2,,,,
ARO-PF20S_FSS_SVT_B,ARO (Ingersoll Rand),PF20S-FSS-SVT-B,NEUMATICA_DOBLE_MEMBRANA,PREMIUM,1.953,39.06,84.64,28624.0,False,"2"" DIAPHRAGM PUMP (FLAP)",0.0,Sin motor electrico (neumatica),0.2,,,,
ARO-PM20A_CSS_MMM_B02,ARO (Ingersoll Rand),PM20A-CSS-MMM-B02,NEUMATICA_DOBLE_MEMBRANA,CALIDAD_PRECIO,1.953,39.06,84.64,9791.0,False,"2"" TRI-CLAMP DIAPHRAGM PUMP",0.0,Sin motor electrico (neumatica),0.2,,,,
ARO-PM20A_CSS_STT_B02,ARO (Ingersoll Rand),PM20A-CSS-STT-B02,NEUMATICA_DOBLE_MEMBRANA,CALIDAD_PRECIO,1.953,39.06,84.64,11346.0,False,"2"" TRI-CLAMP DIAPHRAGM PUMP",0.0,Sin motor electrico (neumatica),0.2,,,,
ARO-PM20R_CSS_MMM_B02,ARO (Ingersoll Rand),PM20R-CSS-MMM-B02,NEUMATICA_DOBLE_MEMBRANA,CALIDAD_PRECIO,1.953,39.06,84.64,13050.0,False,"2"" TRI-CLAMP DIAPHRAGM PUMP",0.0,Sin motor electrico (neumatica),0.2,,,,
ARO-PM20S_CSS_MMM_B02,ARO (Ingersoll Rand),PM20S-CSS-MMM-B02,NEUMATICA_DOBLE_MEMBRANA,CALIDAD_PRECIO,1.953,39.06,84.64,15027.0,False,"2"" TRI-CLAMP DIAPHRAGM PUMP",0.0,Sin motor electrico (neumatica),0.2,,,,
ARO-PM20S_CSS_SMM_B02,ARO (Ingersoll Rand),PM20S-CSS-SMM-B02,NEUMATICA_DOBLE_MEMBRANA,PREMIUM,1.953,39.06,84.64,31950.0,False,"2"" TRI-CLAMP DIAPHRAGM PUMP",0.0,Sin motor electrico (neumatica),0.2,,,,
ARO-PM20S_CSS_SMM_B022,ARO (Ingersoll Rand),PM20S-CSS-SMM-B022,NEUMATICA_DOBLE_MEMBRANA,CALIDAD_PRECIO,1.953,39.06,84.64,16565.0,False,"2"" TRI-CLAMP DIAPHRAGM PUMP",0.0,Sin motor electrico (neumatica),0.2,,,,
ARO-PM20S_CSS_STM_B02,ARO (Ingersoll Rand),PM20S-CSS-STM-B02,NEUMATICA_DOBLE_MEMBRANA,CALIDAD_PRECIO,1.953,39.06,84.64,11970.0,False,"2"" TRI-CLAMP DIAPHRAGM PUMP",0.0,Sin motor electrico (neumatica),0.2,,,,
ARO-PM20S_CSS_STT_B02,ARO (Ingersoll Rand),PM20S-CSS-STT-B02,NEUMATICA_DOBLE_MEMBRANA,CALIDAD_PRECIO,1.953,39.06,84.64,12830.0,False,"2"" TRI-CLAMP DIAPHRAGM PUMP",0.0,Sin motor electrico (neumatica),0.2,,,,
ARO-PM30A_CSS_MMM_C02,ARO (Ingersoll Rand),PM30A-CSS-MMM-C02,NEUMATICA_DOBLE_MEMBRANA,CALIDAD_PRECIO,3.123,62.46,84.64,15836.0,False,"3"" TRI-CLAMP DIAPHRAGM PUMP",0.0,Sin motor electrico (neumatica),0.2,,,,
ARO-PM30A_CSS_SMM_C02,ARO (Ingersoll Rand),PM30A-CSS-SMM-C02,NEUMATICA_DOBLE_MEMBRANA,PREMIUM,3.123,62.46,84.64,16246.0,False,"3"" TRI-CLAMP DIAPHRAGM PUMP",0.0,Sin motor electrico (neumatica),0.2,,,,
ARO-PM30A_CSS_STT_C02,ARO (Ingersoll Rand),PM30A-CSS-STT-C02,NEUMATICA_DOBLE_MEMBRANA,PREMIUM,3.123,62.46,84.64,16919.0,False,"3"" TRI-CLAMP DIAPHRAGM PUMP",0.0,Sin motor electrico (neumatica),0.2,,,,
ARO-PM30S_CSS_MMM_C02,ARO (Ingersoll Rand),PM30S-CSS-MMM-C02,NEUMATICA_DOBLE_MEMBRANA,PREMIUM,3.123,62.46,84.64,19424.0,False,"3"" TRI-CLAMP DIAPHRAGM PUMP",0.0,Sin motor electrico (neumatica),0.2,,,,
ARO-PM30S_CSS_SMM_C02,ARO (Ingersoll Rand),PM30S-CSS-SMM-C02,NEUMATICA_DOBLE_MEMBRANA,PREMIUM,3.123,62.46,84.64,19731.0,False,"3"" TRI-CLAMP DIAPHRAGM PUMP",0.0,Sin motor electrico (neumatica),0.2,,,,
ARO-PM30S_CSS_STT_C02,ARO (Ingersoll Rand),PM30S-CSS-STT-C02,NEUMATICA_DOBLE_MEMBRANA,PREMIUM,3.123,62.46,84.64,21281.0,False,"3"" TRI-CLAMP DIAPHRAGM PUMP",0.0,Sin motor electrico (neumatica),0.2,,,,
ARO-PZ30S_FSS_STT_C,ARO (Ingersoll Rand),PZ30S-FSS-STT-C,NEUMATICA_DOBLE_MEMBRANA,PREMIUM,3.123,62.46,84.64,53248.0,False,"3"" DIAPHRAGM PUMP ASM",0.0,Sin motor electrico (neumatica),0.2,,,,
ARO-SD15R_CSS_STK_A00,ARO (Ingersoll Rand),SD15R-CSS-STK-A00,NEUMATICA_DOBLE_MEMBRANA,CALIDAD_PRECIO,1.398,27.96,84.64,7124.0,False,"1-1/2"" SANITARY DIAPH PUMP",0.0,Sin motor electrico (neumatica),0.2,,,,
ARO-SD15R_CSS_STT_A00,ARO (Ingersoll Rand),SD15R-CSS-STT-A00,NEUMATICA_DOBLE_MEMBRANA,BARATA,1.398,27.96,84.64,6919.0,False,"1-1/2"" SANITARY DIAPH PUMP",0.0,Sin motor electrico (neumatica),0.2,,,,
ARO-SD15R_CSS_STT_AS0,ARO (Ingersoll Rand),SD15R-CSS-STT-AS0,NEUMATICA_DOBLE_MEMBRANA,PREMIUM,1.398,27.96,84.64,7124.0,False,"1-1/2"" SANITARY DIAPH PUMP",0.0,Sin motor electrico (neumatica),0.2,,,,
ARO-SD15S_CSS_SMM_A00,ARO (Ingersoll Rand),SD15S-CSS-SMM-A00,NEUMATICA_DOBLE_MEMBRANA,PREMIUM,1.398,27.96,84.64,8456.0,False,"1-1/2"" SANITARY DIAPH PUMP",0.0,Sin motor electrico (neumatica),0.2,,,,
ARO-SD15S_CSS_STK_A00,ARO (Ingersoll Rand),SD15S-CSS-STK-A00,NEUMATICA_DOBLE_MEMBRANA,PREMIUM,1.398,27.96,84.64,9994.0,False,"1-1/2"" SANITARY DIAPH PUMP",0.0,Sin motor electrico (neumatica),0.2,,,,
ARO-SD15S_CSS_STT_A00,ARO (Ingersoll Rand),SD15S-CSS-STT-A00,NEUMATICA_DOBLE_MEMBRANA,PREMIUM,1.398,27.96,84.64,8661.0,False,"1-1/2"" SANITARY DIAPH PUMP",0.0,Sin motor electrico (neumatica),0.2,,,,
ARO-SD15S_CSS_STT_AS0,ARO (Ingersoll Rand),SD15S-CSS-STT-AS0,NEUMATICA_DOBLE_MEMBRANA,PREMIUM,1.398,27.96,84.64,8866.0,False,"1-1/2"" SANITARY DIAPH PUMP",0.0,Sin motor electrico (neumatica),0.2,,,,
ARO-SD30R_CSS_SMM_A00,ARO (Ingersoll Rand),SD30R-CSS-SMM-A00,NEUMATICA_DOBLE_MEMBRANA,BARATA,3.123,62.46,84.64,16041.0,False,"3"" SANITARY DIAPHRAGM PUMP",0.0,Sin motor electrico (neumatica),0.2,,,,
ARO-SD30R_CSS_STK_A00,ARO (Ingersoll Rand),SD30R-CSS-STK-A00,NEUMATICA_DOBLE_MEMBRANA,CALIDAD_PRECIO,3.123,62.46,84.64,17374.0,False,"3"" SANITARY DIAPHRAGM PUMP",0.0,Sin motor electrico (neumatica),0.2,,,,
ARO-SD30R_CSS_STT_A00,ARO (Ingersoll Rand),SD30R-CSS-STT-A00,NEUMATICA_DOBLE_MEMBRANA,BARATA,3.123,62.46,84.64,16144.0,False,"3"" SANITARY DIAPHRAGM PUMP",0.0,Sin motor electrico (neumatica),0.2,,,,
ARO-SD30R_CSS_STT_AS0,ARO (Ingersoll Rand),SD30R-CSS-STT-AS0,NEUMATICA_DOBLE_MEMBRANA,CALIDAD_PRECIO,3.123,62.46,84.64,16349.0,False,"3"" SANITARY DIAPHRAGM PUMP",0.0,Sin motor electrico (neumatica),0.2,,,,
ARO-SD30S_CSS_STK_A00,ARO (Ingersoll Rand),SD30S-CSS-STK-A00,NEUMATICA_DOBLE_MEMBRANA,PREMIUM,3.123,62.46,84.64,20449.0,False,"3"" SANITARY DIAPHRAGM PUMP",0.0,Sin motor electrico (neumatica),0.2,,,,
ARO-SD30S_CSS_STT_A00,ARO (Ingersoll Rand),SD30S-CSS-STT-A00,NEUMATICA_DOBLE_MEMBRANA,CALIDAD_PRECIO,3.123,62.46,84.64,17169.0,False,"3"" SANITARY DIAPHRAGM PUMP",0.0,Sin motor electrico (neumatica),0.2,,,,
ARO-SD30S_CSS_STT_AS0,ARO (Ingersoll Rand),SD30S-CSS-STT-AS0,NEUMATICA_DOBLE_MEMBRANA,CALIDAD_PRECIO,3.123,62.46,84.64,17374.0,False,"3"" SANITARY DIAPHRAGM PUMP",0.0,Sin motor electrico (neumatica),0.2,,,,
ARO-PD20A_BAP_GGG,ARO (Ingersoll Rand),PD20A-BAP-GGG,NEUMATICA_DOBLE_MEMBRANA,BARATA,1.953,39.06,84.64,2794.0,False,PD20A-BAP-GGG,0.0,Sin motor electrico (neumatica),0.2,,,,
ARO-PD20A_BCP_AAA,ARO (Ingersoll Rand),PD20A-BCP-AAA,NEUMATICA_DOBLE_MEMBRANA,BARATA,1.953,39.06,84.64,3116.0,False,PD20A-BCP-AAA,0.0,Sin motor electrico (neumatica),0.2,,,,
ARO-PD20A_BSS_STT,ARO (Ingersoll Rand),PD20A-BSS-STT,NEUMATICA_DOBLE_MEMBRANA,CALIDAD_PRECIO,1.953,39.06,84.64,8749.0,False,PD20A-BSS-STT,0.0,Sin motor electrico (neumatica),0.2,,,,
ARO-PF20A_BAP_SGG,ARO (Ingersoll Rand),PF20A-BAP-SGG,NEUMATICA_DOBLE_MEMBRANA,BARATA,1.953,39.06,84.64,4608.0,False,PF20A-BAP-SGG,0.0,Sin motor electrico (neumatica),0.2,,,,
VERDER-144_0_5100,Verderflex,144.0.5100,PERISTALTICA,BARATA,0.00115,0.023,163.15,1100.2,False,D05 MK4 MK4 B/SFT PUMP D05 SS SP CI VT,,Trifasico 400V,0.6,,,,
VERDER-144_0_5101,Verderflex,144.0.5101,PERISTALTICA,BARATA,0.00115,0.023,163.15,1100.2,False,D05 MK4 MK4 B/SFT PUMP D05 SS HP CI VT,,Trifasico 400V,0.6,,,,
VERDER-144_0_5102,Verderflex,144.0.5102,PERISTALTICA,BARATA,0.00115,0.023,163.15,1047.81,False,D05 MK4 MK4 B/SFT PUMP D05 PP SP CI VT,,Trifasico 400V,0.6,Polipropileno,,,
VERDER-144_0_5103,Verderflex,144.0.5103,PERISTALTICA,BARATA,0.00115,0.023,163.15,1047.81,False,D05 MK4 MK4 B/SFT PUMP D05 PP HP CI VT,,Trifasico 400V,0.6,Polipropileno,,,
VERDER-144_0_5104,Verderflex,144.0.5104,PERISTALTICA,CALIDAD_PRECIO,0.00115,0.023,163.15,1204.97,False,D05 MK4 MK4 B/SFT PUMP D05 PV SP CI VT,,Trifasico 400V,0.6,,,,
VERDER-144_0_5105,Verderflex,144.0.5105,PERISTALTICA,CALIDAD_PRECIO,0.00115,0.023,163.15,1204.97,False,D05 MK4 MK4 B/SFT PUMP D05 PV HP CI VT,,Trifasico 400V,0.6,,,,
VERDER-144_0_7100,Verderflex,144.0.7100,PERISTALTICA,BARATA,0.00195,0.039,81.58,1100.2,False,D07 MK4 MK4 B/SFT PUMP D07 SS SP CI VT,0.37,Trifasico 400V,0.6,,,,
VERDER-144_0_7101,Verderflex,144.0.7101,PERISTALTICA,BARATA,0.00195,0.039,81.58,1100.2,False,D07 MK4 MK4 B/SFT PUMP D07 SS HP CI VT,0.37,Trifasico 400V,0.6,,,,
VERDER-144_0_7102,Verderflex,144.0.7102,PERISTALTICA,BARATA,0.00195,0.039,81.58,1047.81,False,D07 MK4 MK4 B/SFT PUMP D07 PP SP CI VT,0.37,Trifasico 400V,0.6,Polipropileno,,,
VERDER-144_0_7103,Verderflex,144.0.7103,PERISTALTICA,BARATA,0.00195,0.039,81.58,1047.81,False,D07 MK4 MK4 B/SFT PUMP D07 PP HP CI VT,0.37,Trifasico 400V,0.6,Polipropileno,,,
VERDER-144_0_7104,Verderflex,144.0.7104,PERISTALTICA,CALIDAD_PRECIO,0.00195,0.039,81.58,1204.97,False,D07 MK4 MK4 B/SFT PUMP D07 PV SP CI VT,0.37,Trifasico 400V,0.6,,,,
VERDER-144_0_7105,Verderflex,144.0.7105,PERISTALTICA,CALIDAD_PRECIO,0.00195,0.039,81.58,1204.97,False,D07 MK4 MK4 B/SFT PUMP D07 PV HP CI VT,0.37,Trifasico 400V,0.6,,,,
VERDER-144_0_0104,Verderflex,144.0.0104,PERISTALTICA,BARATA,0.0111,0.222,122.36,1100.2,False,D10 MK4 MK4 B/SFT PUMP D10 SS SP CI VT,0.55,Trifasico 400V,0.6,,,,
VERDER-144_0_0108,Verderflex,144.0.0108,PERISTALTICA,BARATA,0.0111,0.222,122.36,1100.2,False,D10 MK4 MK4 B/SFT PUMP D10 SS HP CI VT,0.55,Trifasico 400V,0.6,,,,
VERDER-144_0_0118,Verderflex,144.0.0118,PERISTALTICA,BARATA,0.0111,0.222,122.36,1047.81,False,D10 MK4 MK4 B/SFT PUMP D10 PP SP CI VT,0.55,Trifasico 400V,0.6,Polipropileno,,,
VERDER-144_0_0119,Verderflex,144.0.0119,PERISTALTICA,BARATA,0.0111,0.222,122.36,1204.97,False,D10 MK4 MK4 B/SFT PUMP D10 PP HP CI VT,0.55,Trifasico 400V,0.6,Polipropileno,,,
VERDER-144_0_0120,Verderflex,144.0.0120,PERISTALTICA,BARATA,0.0111,0.222,122.36,1204.97,False,D10 MK4 MK4 B/SFT PUMP D10 PV SP CI VT,0.55,Trifasico 400V,0.6,,,,
VERDER-144_0_0121,Verderflex,144.0.0121,PERISTALTICA,BARATA,0.0111,0.222,122.36,0.0,False,D10 MK4 MK4 B/SFT PUMP D10 PV HP CI VT,0.55,Trifasico 400V,0.6,,,,
VERDER-144_0_0116,Verderflex,144.0.0116,PERISTALTICA,BARATA,0.0111,0.222,122.36,1047.81,False,D10 MK4 MK4 B/SFT PUMP D10 HS SP CI VT,0.55,Trifasico 400V,0.6,,,,
VERDER-144_1_0004,Verderflex,144.1.0004,PERISTALTICA,BARATA,0.02965,0.593,122.36,1695.02,False,D15 MK MK3 B/SFT PUMP D15 SS SP CI VT,0.55,Trifasico 400V,0.6,,,,
VERDER-144_1_0009,Verderflex,144.1.0009,PERISTALTICA,BARATA,0.02965,0.593,122.36,1695.02,False,D15 MK MK3 B/SFT PUMP D15 SS HP CI VT,0.55,Trifasico 400V,0.6,,,,
VERDER-144_1_0018,Verderflex,144.1.0018,PERISTALTICA,BARATA,0.02965,0.593,122.36,1695.02,False,D15 MK MK3 B/SFT PUMP D15 PC SP CI VT,0.55,Trifasico 400V,0.6,,,,
VERDER-144_1_0019,Verderflex,144.1.0019,PERISTALTICA,BARATA,0.02965,0.593,122.36,1695.02,False,D15 MK MK3 B/SFT PUMP D15 PC HP CI VT,0.55,Trifasico 400V,0.6,,,,
VERDER-144_1_0020,Verderflex,144.1.0020,PERISTALTICA,BARATA,0.02965,0.593,122.36,1917.63,False,D15 MK MK3 B/SFT PUMP D15 VC SP CI VT,0.55,Trifasico 400V,0.6,,,,
VERDER-144_1_0021,Verderflex,144.1.0021,PERISTALTICA,BARATA,0.02965,0.593,122.36,1917.63,False,D15 MK MK3 B/SFT PUMP D15 VC HP CI VT,0.55,Trifasico 400V,0.6,,,,
VERDER-144_1_0016,Verderflex,144.1.0016,PERISTALTICA,BARATA,0.02965,0.593,122.36,1695.02,False,D15 MK MK3 B/SFT PUMP D15 HS SP CI VT,0.55,Trifasico 400V,0.6,,,,
VERDER-144_2_0004,Verderflex,144.2.0004,PERISTALTICA,BARATA,0.11935,2.387,122.36,2498.44,False,D25 MK III MK3 B/SFT PUMP D25 SS SP CI VT,1.1,Trifasico 400V,0.6,,,,
VERDER-144_2_0009,Verderflex,144.2.0009,PERISTALTICA,BARATA,0.11935,2.387,122.36,2498.44,False,D25 MK III MK3 B/SFT PUMP D25 SS HP CI VT,1.1,Trifasico 400V,0.6,,,,
VERDER-144_2_0018,Verderflex,144.2.0018,PERISTALTICA,BARATA,0.11935,2.387,122.36,2528.04,False,D25 MK III MK3 B/SFT PUMP D25 PC SP CI VT,1.1,Trifasico 400V,0.6,,,,
VERDER-144_2_0019,Verderflex,144.2.0019,PERISTALTICA,BARATA,0.11935,2.387,122.36,2528.04,False,D25 MK III MK3 B/SFT PUMP D25 PC HP CI VT,1.1,Trifasico 400V,0.6,,,,
VERDER-144_2_0020,Verderflex,144.2.0020,PERISTALTICA,BARATA,0.11935,2.387,122.36,2818.14,False,D25 MK III MK3 B/SFT PUMP D25 VC SP CI VT,1.1,Trifasico 400V,0.6,,,,
VERDER-144_2_0021,Verderflex,144.2.0021,PERISTALTICA,BARATA,0.11935,2.387,122.36,2818.14,False,D25 MK III MK3 B/SFT PUMP D25 VC HP CI VT,1.1,Trifasico 400V,0.6,,,,
VERDER-144_3_0002,Verderflex,144.3.0002,PERISTALTICA,BARATA,0.2646,5.292,163.15,3853.11,False,D35 MK III MK3 B/SFT PUMP D35 SS SP CI VT,1.5,Trifasico 400V,0.6,,,,
VERDER-144_3_0003,Verderflex,144.3.0003,PERISTALTICA,BARATA,0.2646,5.292,163.15,3853.11,False,D35 MK III MK3 B/SFT PUMP D35 SS HP CI VT,1.5,Trifasico 400V,0.6,,,,
VERDER-144_3_0018,Verderflex,144.3.0018,PERISTALTICA,BARATA,0.2646,5.292,163.15,3853.11,False,D35 MK III MK3 B/SFT PUMP D35 PC SP CI VT,1.5,Trifasico 400V,0.6,,,,
VERDER-144_3_0019,Verderflex,144.3.0019,PERISTALTICA,BARATA,0.2646,5.292,163.15,3853.11,False,D35 MK III MK3 B/SFT PUMP D35 PC HP CI VT,1.5,Trifasico 400V,0.6,,,,
VERDER-144_3_0020,Verderflex,144.3.0020,PERISTALTICA,BARATA,0.2646,5.292,163.15,4247.55,False,D35 MK III MK3 B/SFT PUMP D35 VC SP CI VT,1.5,Trifasico 400V,0.6,,,,
VERDER-144_3_0021,Verderflex,144.3.0021,PERISTALTICA,CALIDAD_PRECIO,0.2646,5.292,163.15,4247.55,False,D35 MK III MK3 B/SFT PUMP D35 VC HP CI VT,1.5,Trifasico 400V,0.6,,,,
VERDER-144_4_0000,Verderflex,144.4.0000,PERISTALTICA,BARATA,0.612,12.24,163.15,5901.75,False,SINGLE BARESHAFT PUMP D45 MK3 UIASSS CI VT LUBE,4.0,Trifasico 400V,0.6,,,,
VERDER-144_4_0001,Verderflex,144.4.0001,PERISTALTICA,BARATA,0.612,12.24,163.15,5901.75,False,SINGLE BARESHAFT PUMP D45 MK3 UIASPP CI VT LUBE,4.0,Trifasico 400V,0.6,,,,
VERDER-144_4_0002,Verderflex,144.4.0002,PERISTALTICA,BARATA,0.612,12.24,163.15,6317.91,False,SINGLE BARESHAFT PUMP D45 MK3 UIASPV CI VT LUBE,4.0,Trifasico 400V,0.6,,,,
VERDER-144_4_0004,Verderflex,144.4.0004,PERISTALTICA,BARATA,0.612,12.24,163.15,6045.57,False,SINGLE BARESHAFT PUMP D45 MK3 UIASSS CI VT SIL,4.0,Trifasico 400V,0.6,,,,
VERDER-144_4_0005,Verderflex,144.4.0005,PERISTALTICA,BARATA,0.612,12.24,163.15,6045.57,False,SINGLE BARESHAFT PUMP D45 MK3 UIASPP CI VT SIL,4.0,Trifasico 400V,0.6,,,,
VERDER-144_4_0006,Verderflex,144.4.0006,PERISTALTICA,BARATA,0.612,12.24,163.15,6461.73,False,SINGLE BARESHAFT PUMP D45 MK3 UIASPV CI VT SIL,4.0,Trifasico 400V,0.6,,,,
VERDER-144_5_0001,Verderflex,144.5.0001,PERISTALTICA,BARATA,0.765,15.3,81.58,7890.12,False,B/SHAFT PUMP D55 USASSS CI VT 301,7.5,Trifasico 400V,0.6,,,,
VERDER-144_5_0101,Verderflex,144.5.0101,PERISTALTICA,CALIDAD_PRECIO,0.825,16.5,163.15,8943.22,False,B/SHAFT PUMP D60 USASSS CI VT 301,,Trifasico 400V,0.6,,,,
VERDER-144_5_0102,Verderflex,144.5.0102,PERISTALTICA,BARATA,0.825,16.5,163.15,8734.94,False,B/SHAFT PUMP D60 USASSS CI VT 303,,Trifasico 400V,0.6,,,,
VERDER-144_5_0103,Verderflex,144.5.0103,PERISTALTICA,PREMIUM,0.825,16.5,163.15,9009.23,False,B/SHAFT PUMP D60 USASPP CI VT 301,,Trifasico 400V,0.6,,,,
VERDER-144_5_0104,Verderflex,144.5.0104,PERISTALTICA,PREMIUM,0.825,16.5,163.15,9017.98,False,B/SHAFT PUMP D60 USASPP CI VT 303,,Trifasico 400V,0.6,,,,
VERDER-144_5_0105,Verderflex,144.5.0105,PERISTALTICA,PREMIUM,0.825,16.5,163.15,10912.98,False,B/SHAFT PUMP D60 USASPV CI VT 301,,Trifasico 400V,0.6,,,,
VERDER-144_5_0106,Verderflex,144.5.0106,PERISTALTICA,PREMIUM,0.825,16.5,163.15,10704.66,False,B/SHAFT PUMP D60 USASPV CI VT 303,,Trifasico 400V,0.6,,,,
VERDER-144_6_0001,Verderflex,144.6.0001,PERISTALTICA,BARATA,1.65,33.0,163.15,11115.08,False,B/SFT D65 USA303/4/5 SS CI VT,7.5,Trifasico 400V,0.6,,,,
VERDER-144_6_0002,Verderflex,144.6.0002,PERISTALTICA,BARATA,1.65,33.0,163.15,11115.08,False,B/SFT D65 USA306 SS CI VT,7.5,Trifasico 400V,0.6,,,,
VERDER-144_8_0001,Verderflex,144.8.0001,PERISTALTICA,BARATA,2.1,42.0,163.15,15562.45,False,F/PACK PUMP D80 USASSS CI VT 307,11.0,Trifasico 400V,0.6,,,,
VERDER-144_8_0002,Verderflex,144.8.0002,PERISTALTICA,BARATA,2.1,42.0,163.15,16380.2,False,F/PACK PUMP D80 USASPP CI VT 307,11.0,Trifasico 400V,0.6,,,,
VERDER-144_8_0003,Verderflex,144.8.0003,PERISTALTICA,CALIDAD_PRECIO,2.1,42.0,163.15,16620.84,False,F/PACK PUMP D80 USASSS CI VT 305,11.0,Trifasico 400V,0.6,,,,
VERDER-144_8_0004,Verderflex,144.8.0004,PERISTALTICA,CALIDAD_PRECIO,2.1,42.0,163.15,17438.55,False,F/PACK PUMP D80 USASPP CI VT 305,11.0,Trifasico 400V,0.6,,,,
VERDER-144_8_0005,Verderflex,144.8.0005,PERISTALTICA,CALIDAD_PRECIO,2.1,42.0,163.15,16652.57,False,F/PACK PUMP D80 USASSS CI VT 306,11.0,Trifasico 400V,0.6,,,,
VERDER-144_8_0006,Verderflex,144.8.0006,PERISTALTICA,CALIDAD_PRECIO,2.1,42.0,163.15,17470.33,False,F/PACK PUMP D80 USASPP CI VT 306,11.0,Trifasico 400V,0.6,,,,
VERDER-146_0_5004,Verderflex,146.0.5004,PERISTALTICA,PREMIUM,0.00115,0.023,163.15,1972.32,False,D05 SW USCLSS 23R0.18K NR TF W,,Trifasico 400V,0.6,,NR,,
VERDER-146_0_5006,Verderflex,146.0.5006,PERISTALTICA,PREMIUM,0.00115,0.023,163.15,2127.75,False,D05 SW USCLSS 23R0.18K CS TF W,,Trifasico 400V,0.6,,CSM,,
VERDER-146_0_5008,Verderflex,146.0.5008,PERISTALTICA,PREMIUM,0.00115,0.023,163.15,1993.63,False,D05 SW USCLSS 35R0.25K BU TF W,,Trifasico 400V,0.6,,NBR (Nitrilo),,
VERDER-146_0_5009,Verderflex,146.0.5009,PERISTALTICA,PREMIUM,0.00115,0.023,163.15,2263.54,False,D05 SW USCLSS 35R0.25K CS TF W,,Trifasico 400V,0.6,,CSM,,
VERDER-146_0_5010,Verderflex,146.0.5010,PERISTALTICA,CALIDAD_PRECIO,0.00115,0.023,163.15,1922.72,False,D05 SW USCLSS 47R0.37K NR TF W,,Trifasico 400V,0.6,,NR,,
VERDER-146_0_5011,Verderflex,146.0.5011,PERISTALTICA,CALIDAD_PRECIO,0.00115,0.023,163.15,1922.72,False,D05 SW USCLSS 47R0.37K BU TF W,,Trifasico 400V,0.6,,NBR (Nitrilo),,
VERDER-146_0_5012,Verderflex,146.0.5012,PERISTALTICA,PREMIUM,0.00115,0.023,163.15,2173.02,False,D05 SW USCLSS 47R0.37K CS TF W,,Trifasico 400V,0.6,,CSM,,
VERDER-146_0_5013,Verderflex,146.0.5013,PERISTALTICA,CALIDAD_PRECIO,0.00115,0.023,163.15,1922.72,False,D05 NW USCLSS 56R0.37K NR TF W,,Trifasico 400V,0.6,,NR,,
VERDER-146_0_5014,Verderflex,146.0.5014,PERISTALTICA,CALIDAD_PRECIO,0.00115,0.023,163.15,1922.72,False,D05 NW USCLSS 56R0.37K BU TF W,,Trifasico 400V,0.6,,NBR (Nitrilo),,
VERDER-146_0_5015,Verderflex,146.0.5015,PERISTALTICA,PREMIUM,0.00115,0.023,163.15,2173.02,False,D05 NW USCLSS 56R0.37K CS TF W,,Trifasico 400V,0.6,,CSM,,
VERDER-146_0_5017,Verderflex,146.0.5017,PERISTALTICA,CALIDAD_PRECIO,0.00115,0.023,163.15,1922.72,False,D05 SW USCLSS 70R0.55K BU TF W,,Trifasico 400V,0.6,,NBR (Nitrilo),,
VERDER-146_0_5018,Verderflex,146.0.5018,PERISTALTICA,PREMIUM,0.00115,0.023,163.15,2173.02,False,D05 SW USCLSS 70R0.55K CS TF W,,Trifasico 400V,0.6,,CSM,,
VERDER-146_0_5022,Verderflex,146.0.5022,PERISTALTICA,CALIDAD_PRECIO,0.00115,0.023,163.15,1972.32,False,D05 SW UICLPP 23R0.18K NR TF W,,Trifasico 400V,0.6,,NR,,
VERDER-146_0_5023,Verderflex,146.0.5023,PERISTALTICA,CALIDAD_PRECIO,0.00115,0.023,163.15,1972.32,False,D05 SW UICLPP 23R0.18K BU TF W,,Trifasico 400V,0.6,,NBR (Nitrilo),,
VERDER-146_0_5024,Verderflex,146.0.5024,PERISTALTICA,PREMIUM,0.00115,0.023,163.15,2127.75,False,D05 SW UICLPP 23R0.18K CS TF W,,Trifasico 400V,0.6,,CSM,,
VERDER-146_0_5025,Verderflex,146.0.5025,PERISTALTICA,CALIDAD_PRECIO,0.00115,0.023,163.15,1993.63,False,D05 SW UICLPP 35R0.25K NR TF W,,Trifasico 400V,0.6,,NR,,
VERDER-146_0_5026,Verderflex,146.0.5026,PERISTALTICA,CALIDAD_PRECIO,0.00115,0.023,163.15,1993.63,False,D05 SW UICLPP 35R0.25K BU TF W,,Trifasico 400V,0.6,,NBR (Nitrilo),,
VERDER-146_0_5028,Verderflex,146.0.5028,PERISTALTICA,BARATA,0.00115,0.023,163.15,1922.72,False,D05 SW UICLPP 47R0.37K NR TF W,,Trifasico 400V,0.6,,NR,,
VERDER-146_0_5029,Verderflex,146.0.5029,PERISTALTICA,BARATA,0.00115,0.023,163.15,1922.72,False,D05 SW UICLPP 47R0.37K BU TF W,,Trifasico 400V,0.6,,NBR (Nitrilo),,
VERDER-146_0_5031,Verderflex,146.0.5031,PERISTALTICA,BARATA,0.00115,0.023,163.15,1922.72,False,D05 NW UICLPP 56R0.37K NR TF W,,Trifasico 400V,0.6,,NR,,
VERDER-146_0_5032,Verderflex,146.0.5032,PERISTALTICA,BARATA,0.00115,0.023,163.15,1922.72,False,D05 NW UICLPP 56R0.37K BU TF W,,Trifasico 400V,0.6,,NBR (Nitrilo),,
VERDER-146_0_5033,Verderflex,146.0.5033,PERISTALTICA,PREMIUM,0.00115,0.023,163.15,2173.02,False,D05 NW UICLPP 56R0.37K CS TF W,,Trifasico 400V,0.6,,CSM,,
VERDER-146_0_5034,Verderflex,146.0.5034,PERISTALTICA,BARATA,0.00115,0.023,163.15,1922.72,False,D05 SW UICLPP 70R0.55K NR TF W,,Trifasico 400V,0.6,,NR,,
VERDER-146_0_5035,Verderflex,146.0.5035,PERISTALTICA,BARATA,0.00115,0.023,163.15,1922.72,False,D05 SW UICLPP 70R0.55K BU TF W,,Trifasico 400V,0.6,,NBR (Nitrilo),,
VERDER-146_0_5036,Verderflex,146.0.5036,PERISTALTICA,PREMIUM,0.00115,0.023,163.15,2173.02,False,D05 SW UICLPP 70R0.55K CS TF W,,Trifasico 400V,0.6,,CSM,,
VERDER-146_0_5040,Verderflex,146.0.5040,PERISTALTICA,PREMIUM,0.00115,0.023,163.15,2129.46,False,D05 NW UICLPV 23R0.18K NR TF W,,Trifasico 400V,0.6,,NR,,
VERDER-146_0_5041,Verderflex,146.0.5041,PERISTALTICA,PREMIUM,0.00115,0.023,163.15,2129.46,False,D05 NW UICLPV 23R0.18K BU TF W,,Trifasico 400V,0.6,,NBR (Nitrilo),,
VERDER-146_0_5042,Verderflex,146.0.5042,PERISTALTICA,PREMIUM,0.00115,0.023,163.15,2284.88,False,D05 NW UICLPV 23R0.18K CS TF W,,Trifasico 400V,0.6,,CSM,,
VERDER-146_0_5043,Verderflex,146.0.5043,PERISTALTICA,PREMIUM,0.00115,0.023,163.15,2150.81,False,D05 NW UICLPV 35R0.25K NR TF W,,Trifasico 400V,0.6,,NR,,
VERDER-146_0_5044,Verderflex,146.0.5044,PERISTALTICA,PREMIUM,0.00115,0.023,163.15,2150.81,False,D05 NW UICLPV 35R0.25K BU TF W,,Trifasico 400V,0.6,,NBR (Nitrilo),,
VERDER-146_0_5045,Verderflex,146.0.5045,PERISTALTICA,PREMIUM,0.00115,0.023,163.15,2420.73,False,D05 NW UICLPV 35R0.25K CS TF W,,Trifasico 400V,0.6,,CSM,,
VERDER-146_0_5046,Verderflex,146.0.5046,PERISTALTICA,CALIDAD_PRECIO,0.00115,0.023,163.15,2079.87,False,D05 NW UICLPV 47R0.37K NR TF W,,Trifasico 400V,0.6,,NR,,
VERDER-146_0_5047,Verderflex,146.0.5047,PERISTALTICA,CALIDAD_PRECIO,0.00115,0.023,163.15,2079.87,False,D05 NW UICLPV 47R0.37K BU TF W,,Trifasico 400V,0.6,,NBR (Nitrilo),,
VERDER-146_0_5048,Verderflex,146.0.5048,PERISTALTICA,PREMIUM,0.00115,0.023,163.15,2330.12,False,D05 NW UICLPV 47R0.37K CS TF W,,Trifasico 400V,0.6,,CSM,,
VERDER-146_0_5049,Verderflex,146.0.5049,PERISTALTICA,CALIDAD_PRECIO,0.00115,0.023,163.15,2079.87,False,D05 NW UICLPV 56R0.37K NR TF W,,Trifasico 400V,0.6,,NR,,
VERDER-146_0_5050,Verderflex,146.0.5050,PERISTALTICA,CALIDAD_PRECIO,0.00115,0.023,163.15,2079.87,False,D05 NW UICLPV 56R0.37K BU TF W,,Trifasico 400V,0.6,,NBR (Nitrilo),,
VERDER-146_0_5051,Verderflex,146.0.5051,PERISTALTICA,PREMIUM,0.00115,0.023,163.15,2330.12,False,D05 NW UICLPV 56R0.37K CS TF W,,Trifasico 400V,0.6,,CSM,,
VERDER-146_0_5052,Verderflex,146.0.5052,PERISTALTICA,CALIDAD_PRECIO,0.00115,0.023,163.15,2079.87,False,D05 NW UICLPV 70R0.55K NR TF W,,Trifasico 400V,0.6,,NR,,
VERDER-146_0_5053,Verderflex,146.0.5053,PERISTALTICA,CALIDAD_PRECIO,0.00115,0.023,163.15,2079.87,False,D05 NW UICLPV 70R0.55K BU TF W,,Trifasico 400V,0.6,,NBR (Nitrilo),,
VERDER-146_0_5054,Verderflex,146.0.5054,PERISTALTICA,PREMIUM,0.00115,0.023,163.15,2330.12,False,D05 NW UICLPV 70R0.55K CS TF W,,Trifasico 400V,0.6,,CSM,,
VERDER-146_0_7004,Verderflex,146.0.7004,PERISTALTICA,PREMIUM,0.00195,0.039,81.58,1972.32,False,D07 SW USCLSS 23R0.18K NR TF W,0.37,Trifasico 400V,0.6,,NR,,
VERDER-146_0_7005,Verderflex,146.0.7005,PERISTALTICA,PREMIUM,0.00195,0.039,81.58,1972.32,False,D07 SW USCLSS 23R0.18K BU TF W,0.37,Trifasico 400V,0.6,,NBR (Nitrilo),,
VERDER-146_0_7006,Verderflex,146.0.7006,PERISTALTICA,PREMIUM,0.00195,0.039,81.58,2127.75,False,D07 SW USCLSS 23R0.18K CS TF W,0.37,Trifasico 400V,0.6,,CSM,,
VERDER-146_0_7007,Verderflex,146.0.7007,PERISTALTICA,PREMIUM,0.00195,0.039,81.58,1993.63,False,D07 SW USCLSS 35R0.25K NR TF W,0.37,Trifasico 400V,0.6,,NR,,
VERDER-146_0_7008,Verderflex,146.0.7008,PERISTALTICA,PREMIUM,0.00195,0.039,81.58,1993.63,False,D07 SW USCLSS 35R0.25K BU TF W,0.37,Trifasico 400V,0.6,,NBR (Nitrilo),,
VERDER-146_0_7009,Verderflex,146.0.7009,PERISTALTICA,PREMIUM,0.00195,0.039,81.58,2263.54,False,D07 SW USCLSS 35R0.25K CS TF W,0.37,Trifasico 400V,0.6,,CSM,,
VERDER-146_0_7011,Verderflex,146.0.7011,PERISTALTICA,CALIDAD_PRECIO,0.00195,0.039,81.58,1922.72,False,D07 SW USCLSS 47R0.37K BU TF W,0.37,Trifasico 400V,0.6,,NBR (Nitrilo),,
VERDER-146_0_7012,Verderflex,146.0.7012,PERISTALTICA,PREMIUM,0.00195,0.039,81.58,2173.02,False,D07 SW USCLSS 47R0.37K CS TF W,0.37,Trifasico 400V,0.6,,CSM,,
VERDER-146_0_7013,Verderflex,146.0.7013,PERISTALTICA,CALIDAD_PRECIO,0.00195,0.039,81.58,1922.72,False,D07 NW USCLSS 56R0.37K NR TF W,0.37,Trifasico 400V,0.6,,NR,,
VERDER-146_0_7014,Verderflex,146.0.7014,PERISTALTICA,CALIDAD_PRECIO,0.00195,0.039,81.58,1922.72,False,D07 NW USCLSS 56R0.37K BU TF W,0.37,Trifasico 400V,0.6,,NBR (Nitrilo),,
VERDER-146_0_7015,Verderflex,146.0.7015,PERISTALTICA,PREMIUM,0.00195,0.039,81.58,2173.02,False,D07 NW USCLSS 56R0.37K CS TF W,0.37,Trifasico 400V,0.6,,CSM,,
VERDER-146_0_7016,Verderflex,146.0.7016,PERISTALTICA,CALIDAD_PRECIO,0.00195,0.039,81.58,1922.72,False,D07 SW USCLSS 70R0.55K NR TF W,0.37,Trifasico 400V,0.6,,NR,,
VERDER-146_0_7017,Verderflex,146.0.7017,PERISTALTICA,CALIDAD_PRECIO,0.00195,0.039,81.58,1922.72,False,D07 SW USCLSS 70R0.55K BU TF W,0.37,Trifasico 400V,0.6,,NBR (Nitrilo),,
VERDER-146_0_7018,Verderflex,146.0.7018,PERISTALTICA,PREMIUM,0.00195,0.039,81.58,2173.02,False,D07 SW USCLSS 70R0.55K CS TF W,0.37,Trifasico 400V,0.6,,CSM,,
VERDER-146_0_7022,Verderflex,146.0.7022,PERISTALTICA,CALIDAD_PRECIO,0.00195,0.039,81.58,1972.32,False,D07 SW UICLPP 23R0.18K NR TF W,0.37,Trifasico 400V,0.6,,NR,,
VERDER-146_0_7023,Verderflex,146.0.7023,PERISTALTICA,CALIDAD_PRECIO,0.00195,0.039,81.58,1972.32,False,D07 SW UICLPP 23R0.18K BU TF W,0.37,Trifasico 400V,0.6,,NBR (Nitrilo),,
VERDER-146_0_7024,Verderflex,146.0.7024,PERISTALTICA,PREMIUM,0.00195,0.039,81.58,2127.75,False,D07 SW UICLPP 23R0.18K CS TF W,0.37,Trifasico 400V,0.6,,CSM,,
VERDER-146_0_7025,Verderflex,146.0.7025,PERISTALTICA,CALIDAD_PRECIO,0.00195,0.039,81.58,1993.63,False,D07 SW UICLPP 35R0.25K NR TF W,0.37,Trifasico 400V,0.6,,NR,,
VERDER-146_0_7026,Verderflex,146.0.7026,PERISTALTICA,CALIDAD_PRECIO,0.00195,0.039,81.58,1993.63,False,D07 SW UICLPP 35R0.25K BU TF W,0.37,Trifasico 400V,0.6,,NBR (Nitrilo),,
VERDER-146_0_7027,Verderflex,146.0.7027,PERISTALTICA,PREMIUM,0.00195,0.039,81.58,2263.54,False,D07 SW UICLPP 35R0.25K CS TF W,0.37,Trifasico 400V,0.6,,CSM,,
VERDER-146_0_7028,Verderflex,146.0.7028,PERISTALTICA,BARATA,0.00195,0.039,81.58,1922.72,False,D07 SW UICLPP 47R0.37K NR TF W,0.37,Trifasico 400V,0.6,,NR,,
VERDER-146_0_7029,Verderflex,146.0.7029,PERISTALTICA,BARATA,0.00195,0.039,81.58,1922.72,False,D07 SW UICLPP 47R0.37K BU TF W,0.37,Trifasico 400V,0.6,,NBR (Nitrilo),,
VERDER-146_0_7030,Verderflex,146.0.7030,PERISTALTICA,PREMIUM,0.00195,0.039,81.58,2173.02,False,D07 SW UICLPP 47R0.37K CS TF W,0.37,Trifasico 400V,0.6,,CSM,,
VERDER-146_0_7031,Verderflex,146.0.7031,PERISTALTICA,BARATA,0.00195,0.039,81.58,1922.72,False,D07 NW UICLPP 56R0.37K NR TF W,0.37,Trifasico 400V,0.6,,NR,,
VERDER-146_0_7032,Verderflex,146.0.7032,PERISTALTICA,BARATA,0.00195,0.039,81.58,1922.72,False,D07 NW UICLPP 56R0.37K BU TF W,0.37,Trifasico 400V,0.6,,NBR (Nitrilo),,
VERDER-146_0_7033,Verderflex,146.0.7033,PERISTALTICA,PREMIUM,0.00195,0.039,81.58,2173.02,False,D07 NW UICLPP 56R0.37K CS TF W,0.37,Trifasico 400V,0.6,,CSM,,
VERDER-146_0_7034,Verderflex,146.0.7034,PERISTALTICA,BARATA,0.00195,0.039,81.58,1922.72,False,D07 SW UICLPP 70R0.55K NR TF W,0.37,Trifasico 400V,0.6,,NR,,
VERDER-146_0_7035,Verderflex,146.0.7035,PERISTALTICA,BARATA,0.00195,0.039,81.58,1922.72,False,D07 SW UICLPP 70R0.55K BU TF W,0.37,Trifasico 400V,0.6,,NBR (Nitrilo),,
VERDER-146_0_7036,Verderflex,146.0.7036,PERISTALTICA,PREMIUM,0.00195,0.039,81.58,2173.02,False,D07 SW UICLPP 70R0.55K CS TF W,0.37,Trifasico 400V,0.6,,CSM,,
VERDER-146_0_7040,Verderflex,146.0.7040,PERISTALTICA,PREMIUM,0.00195,0.039,81.58,2129.46,False,D07 NW UICLPV 23R0.18K NR TF W,0.37,Trifasico 400V,0.6,,NR,,
VERDER-146_0_7041,Verderflex,146.0.7041,PERISTALTICA,PREMIUM,0.00195,0.039,81.58,2129.46,False,D07 NW UICLPV 23R0.18K BU TF W,0.37,Trifasico 400V,0.6,,NBR (Nitrilo),,
VERDER-146_0_7042,Verderflex,146.0.7042,PERISTALTICA,PREMIUM,0.00195,0.039,81.58,2284.88,False,D07 NW UICLPV 23R0.18K CS TF W,0.37,Trifasico 400V,0.6,,CSM,,
VERDER-146_0_7043,Verderflex,146.0.7043,PERISTALTICA,PREMIUM,0.00195,0.039,81.58,2150.81,False,D07 NW UICLPV 35R0.25K NR TF W,0.37,Trifasico 400V,0.6,,NR,,
VERDER-146_0_7044,Verderflex,146.0.7044,PERISTALTICA,PREMIUM,0.00195,0.039,81.58,2150.81,False,D07 NW UICLPV 35R0.25K BU TF W,0.37,Trifasico 400V,0.6,,NBR (Nitrilo),,
VERDER-146_0_7045,Verderflex,146.0.7045,PERISTALTICA,PREMIUM,0.00195,0.039,81.58,2420.73,False,D07 NW UICLPV 35R0.25K CS TF W,0.37,Trifasico 400V,0.6,,CSM,,
VERDER-146_0_7046,Verderflex,146.0.7046,PERISTALTICA,CALIDAD_PRECIO,0.00195,0.039,81.58,2079.87,False,D07 NW UICLPV 47R0.37K NR TF W,0.37,Trifasico 400V,0.6,,NR,,
VERDER-146_0_7047,Verderflex,146.0.7047,PERISTALTICA,CALIDAD_PRECIO,0.00195,0.039,81.58,2079.87,False,D07 NW UICLPV 47R0.37K BU TF W,0.37,Trifasico 400V,0.6,,NBR (Nitrilo),,
VERDER-146_0_7048,Verderflex,146.0.7048,PERISTALTICA,PREMIUM,0.00195,0.039,81.58,2330.12,False,D07 NW UICLPV 47R0.37K CS TF W,0.37,Trifasico 400V,0.6,,CSM,,
VERDER-146_0_7049,Verderflex,146.0.7049,PERISTALTICA,CALIDAD_PRECIO,0.00195,0.039,81.58,2079.87,False,D07 NW UICLPV 56R0.37K NR TF W,0.37,Trifasico 400V,0.6,,NR,,
VERDER-146_0_7050,Verderflex,146.0.7050,PERISTALTICA,CALIDAD_PRECIO,0.00195,0.039,81.58,2079.87,False,D07 NW UICLPV 56R0.37K BU TF W,0.37,Trifasico 400V,0.6,,NBR (Nitrilo),,
VERDER-146_0_7051,Verderflex,146.0.7051,PERISTALTICA,PREMIUM,0.00195,0.039,81.58,2330.12,False,D07 NW UICLPV 56R0.37K CS TF W,0.37,Trifasico 400V,0.6,,CSM,,
VERDER-146_0_7052,Verderflex,146.0.7052,PERISTALTICA,CALIDAD_PRECIO,0.00195,0.039,81.58,2079.87,False,D07 NW UICLPV 70R0.55K NR TF W,0.37,Trifasico 400V,0.6,,NR,,
VERDER-146_0_7053,Verderflex,146.0.7053,PERISTALTICA,CALIDAD_PRECIO,0.00195,0.039,81.58,2079.87,False,D07 NW UICLPV 70R0.55K BU TF W,0.37,Trifasico 400V,0.6,,NBR (Nitrilo),,
VERDER-146_0_7054,Verderflex,146.0.7054,PERISTALTICA,PREMIUM,0.00195,0.039,81.58,2330.12,False,D07 NW UICLPV 70R0.55K CS TF W,0.37,Trifasico 400V,0.6,,CSM,,
VERDER-146_0_9001,Verderflex,146.0.9001,PERISTALTICA,CALIDAD_PRECIO,0.0111,0.222,122.36,1972.32,False,D10 SW USCLSS 23R0.18K EP TF W,0.55,Trifasico 400V,0.6,,EPDM,,
VERDER-146_0_9002,Verderflex,146.0.9002,PERISTALTICA,CALIDAD_PRECIO,0.0111,0.222,122.36,1972.32,False,D10 SW USCLSS 23R0.18K BU TF W,0.55,Trifasico 400V,0.6,,NBR (Nitrilo),,
VERDER-146_0_9003,Verderflex,146.0.9003,PERISTALTICA,CALIDAD_PRECIO,0.0111,0.222,122.36,2127.75,False,D10 SW USCLSS 23R0.18K CS TF W,0.55,Trifasico 400V,0.6,,CSM,,
VERDER-146_0_9004,Verderflex,146.0.9004,PERISTALTICA,CALIDAD_PRECIO,0.0111,0.222,122.36,2079.98,False,D10 SW USCLSS 23R0.18K FG TF W,0.55,Trifasico 400V,0.6,,NBRF,,
VERDER-146_0_9006,Verderflex,146.0.9006,PERISTALTICA,CALIDAD_PRECIO,0.0111,0.222,122.36,1993.63,False,D10 NW USCLSS 28R0.25K EP TF W,0.55,Trifasico 400V,0.6,,EPDM,,
VERDER-146_0_9007,Verderflex,146.0.9007,PERISTALTICA,CALIDAD_PRECIO,0.0111,0.222,122.36,1993.63,False,D10 NW USCLSS 28R0.25K BU TF W,0.55,Trifasico 400V,0.6,,NBR (Nitrilo),,
VERDER-146_0_9008,Verderflex,146.0.9008,PERISTALTICA,PREMIUM,0.0111,0.222,122.36,2263.54,False,D10 NW USCLSS 28R0.25K CS TF W,0.55,Trifasico 400V,0.6,,CSM,,
VERDER-146_0_9009,Verderflex,146.0.9009,PERISTALTICA,CALIDAD_PRECIO,0.0111,0.222,122.36,2101.24,False,D10 NW USCLSS 28R0.25K FG TF W,0.55,Trifasico 400V,0.6,,NBRF,,
VERDER-146_0_9010,Verderflex,146.0.9010,PERISTALTICA,CALIDAD_PRECIO,0.0111,0.222,122.36,1993.63,False,D10 SW USCLSS 35R0.25K NR TF W,0.55,Trifasico 400V,0.6,,NR,,
VERDER-146_0_9011,Verderflex,146.0.9011,PERISTALTICA,CALIDAD_PRECIO,0.0111,0.222,122.36,1993.63,False,D10 SW USCLSS 35R0.25K EP TF W,0.55,Trifasico 400V,0.6,,EPDM,,
VERDER-146_0_9012,Verderflex,146.0.9012,PERISTALTICA,CALIDAD_PRECIO,0.0111,0.222,122.36,1993.63,False,D10 SW USCLSS 35R0.25K BU TF W,0.55,Trifasico 400V,0.6,,NBR (Nitrilo),,
VERDER-146_0_9014,Verderflex,146.0.9014,PERISTALTICA,CALIDAD_PRECIO,0.0111,0.222,122.36,2016.36,False,D10 SW USCLSS 35R0.25K FG TF W,0.55,Trifasico 400V,0.6,,NBRF,,
VERDER-146_0_9015,Verderflex,146.0.9015,PERISTALTICA,CALIDAD_PRECIO,0.0111,0.222,122.36,1922.72,False,D10 SW USCLSS 47R0.37K NR TF W,0.55,Trifasico 400V,0.6,,NR,,
VERDER-146_0_9017,Verderflex,146.0.9017,PERISTALTICA,CALIDAD_PRECIO,0.0111,0.222,122.36,1922.72,False,D10 SW USCLSS 47R0.37K BU TF W,0.55,Trifasico 400V,0.6,,NBR (Nitrilo),,
VERDER-146_0_9018,Verderflex,146.0.9018,PERISTALTICA,PREMIUM,0.0111,0.222,122.36,2173.02,False,D10 SW USCLSS 47R0.37K CS TF W,0.55,Trifasico 400V,0.6,,CSM,,
VERDER-146_0_9019,Verderflex,146.0.9019,PERISTALTICA,CALIDAD_PRECIO,0.0111,0.222,122.36,2030.37,False,D10 SW USCLSS 47R0.37K FG TF W,0.55,Trifasico 400V,0.6,,NBRF,,
VERDER-146_0_9020,Verderflex,146.0.9020,PERISTALTICA,CALIDAD_PRECIO,0.0111,0.222,122.36,1922.72,False,D10 NW USCLSS 56R0.37K NR TF W,0.55,Trifasico 400V,0.6,,NR,,
VERDER-146_0_9021,Verderflex,146.0.9021,PERISTALTICA,CALIDAD_PRECIO,0.0111,0.222,122.36,1922.72,False,D10 NW USCLSS 56R0.37K EP TF W,0.55,Trifasico 400V,0.6,,EPDM,,
VERDER-146_0_9022,Verderflex,146.0.9022,PERISTALTICA,CALIDAD_PRECIO,0.0111,0.222,122.36,1922.72,False,D10 NW USCLSS 56R0.37K BU TF W,0.55,Trifasico 400V,0.6,,NBR (Nitrilo),,
VERDER-146_0_9023,Verderflex,146.0.9023,PERISTALTICA,PREMIUM,0.0111,0.222,122.36,2173.02,False,D10 NW USCLSS 56R0.37K CS TF W,0.55,Trifasico 400V,0.6,,CSM,,
VERDER-146_0_9024,Verderflex,146.0.9024,PERISTALTICA,CALIDAD_PRECIO,0.0111,0.222,122.36,2030.37,False,D10 NW USCLSS 56R0.37K FG TF W,0.55,Trifasico 400V,0.6,,NBRF,,
VERDER-146_0_9026,Verderflex,146.0.9026,PERISTALTICA,CALIDAD_PRECIO,0.0111,0.222,122.36,1922.72,False,D10 SW USCLSS 70R0.55K EP TF W,0.55,Trifasico 400V,0.6,,EPDM,,
VERDER-146_0_9027,Verderflex,146.0.9027,PERISTALTICA,CALIDAD_PRECIO,0.0111,0.222,122.36,1922.72,False,D10 SW USCLSS 70R0.55K BU TF W,0.55,Trifasico 400V,0.6,,NBR (Nitrilo),,
VERDER-146_0_9028,Verderflex,146.0.9028,PERISTALTICA,PREMIUM,0.0111,0.222,122.36,2173.02,False,D10 SW USCLSS 70R0.55K CS TF W,0.55,Trifasico 400V,0.6,,CSM,,
VERDER-146_0_9029,Verderflex,146.0.9029,PERISTALTICA,BARATA,0.0111,0.222,122.36,1922.72,False,D10 NW USCLSS 93R0.55K NR TF W,0.55,Trifasico 400V,0.6,,NR,,
VERDER-146_0_9030,Verderflex,146.0.9030,PERISTALTICA,BARATA,0.0111,0.222,122.36,1922.72,False,D10 NW USCLSS 93R0.55K EP TF W,0.55,Trifasico 400V,0.6,,EPDM,,
VERDER-146_0_9031,Verderflex,146.0.9031,PERISTALTICA,BARATA,0.0111,0.222,122.36,1922.72,False,D10 NW USCLSS 93R0.55K BU TF W,0.55,Trifasico 400V,0.6,,NBR (Nitrilo),,
VERDER-146_0_9032,Verderflex,146.0.9032,PERISTALTICA,PREMIUM,0.0111,0.222,122.36,2173.02,False,D10 NW USCLSS 93R0.55K CS TF W,0.55,Trifasico 400V,0.6,,CSM,,
VERDER-146_0_9033,Verderflex,146.0.9033,PERISTALTICA,CALIDAD_PRECIO,0.0111,0.222,122.36,1972.32,False,D10 SW UCCLPP 23R0.18K NR TF W,0.55,Trifasico 400V,0.6,,NR,,
VERDER-146_0_9034,Verderflex,146.0.9034,PERISTALTICA,CALIDAD_PRECIO,0.0111,0.222,122.36,1972.32,False,D10 SW UCCLPP 23R0.18K EP TF W,0.55,Trifasico 400V,0.6,,EPDM,,
VERDER-146_0_9035,Verderflex,146.0.9035,PERISTALTICA,CALIDAD_PRECIO,0.0111,0.222,122.36,1972.32,False,D10 SW UCCLPP 23R0.18K BU TF W,0.55,Trifasico 400V,0.6,,NBR (Nitrilo),,
VERDER-146_0_9036,Verderflex,146.0.9036,PERISTALTICA,PREMIUM,0.0111,0.222,122.36,2127.75,False,D10 SW UCCLPP 23R0.18K CS TF W,0.55,Trifasico 400V,0.6,,CSM,,
VERDER-146_0_9037,Verderflex,146.0.9037,PERISTALTICA,CALIDAD_PRECIO,0.0111,0.222,122.36,1993.63,False,D10 NW UCCLPP 28R0.25K NR TF W,0.55,Trifasico 400V,0.6,,NR,,
VERDER-146_0_9038,Verderflex,146.0.9038,PERISTALTICA,CALIDAD_PRECIO,0.0111,0.222,122.36,1993.63,False,D10 NW UCCLPP 28R0.25K EP TF W,0.55,Trifasico 400V,0.6,,EPDM,,
VERDER-146_0_9039,Verderflex,146.0.9039,PERISTALTICA,CALIDAD_PRECIO,0.0111,0.222,122.36,1993.63,False,D10 NW UCCLPP 28R0.25K BU TF W,0.55,Trifasico 400V,0.6,,NBR (Nitrilo),,
VERDER-146_0_9040,Verderflex,146.0.9040,PERISTALTICA,PREMIUM,0.0111,0.222,122.36,2263.54,False,D10 NW UCCLPP 28R0.25K CS TF W,0.55,Trifasico 400V,0.6,,CSM,,
VERDER-146_0_9041,Verderflex,146.0.9041,PERISTALTICA,CALIDAD_PRECIO,0.0111,0.222,122.36,1993.63,False,D10 SW UCCLPP 35R0.25K NR TF W,0.55,Trifasico 400V,0.6,,NR,,
VERDER-146_0_9042,Verderflex,146.0.9042,PERISTALTICA,CALIDAD_PRECIO,0.0111,0.222,122.36,1993.63,False,D10 SW UCCLPP 35R0.25K EP TF W,0.55,Trifasico 400V,0.6,,EPDM,,
VERDER-146_0_9043,Verderflex,146.0.9043,PERISTALTICA,CALIDAD_PRECIO,0.0111,0.222,122.36,1993.63,False,D10 SW UCCLPP 35R0.25K BU TF W,0.55,Trifasico 400V,0.6,,NBR (Nitrilo),,
VERDER-146_0_9044,Verderflex,146.0.9044,PERISTALTICA,PREMIUM,0.0111,0.222,122.36,2263.54,False,D10 SW UCCLPP 35R0.25K CS TF W,0.55,Trifasico 400V,0.6,,CSM,,
VERDER-146_0_9045,Verderflex,146.0.9045,PERISTALTICA,BARATA,0.0111,0.222,122.36,1922.72,False,D10 SW UCCLPP 47R0.37K NR TF W,0.55,Trifasico 400V,0.6,,NR,,
VERDER-146_0_9046,Verderflex,146.0.9046,PERISTALTICA,BARATA,0.0111,0.222,122.36,1922.72,False,D10 SW UCCLPP 47R0.37K EP TF W,0.55,Trifasico 400V,0.6,,EPDM,,
VERDER-146_0_9047,Verderflex,146.0.9047,PERISTALTICA,BARATA,0.0111,0.222,122.36,1922.72,False,D10 SW UCCLPP 47R0.37K BU TF W,0.55,Trifasico 400V,0.6,,NBR (Nitrilo),,
VERDER-146_0_9048,Verderflex,146.0.9048,PERISTALTICA,PREMIUM,0.0111,0.222,122.36,2173.02,False,D10 SW UCCLPP 47R0.37K CS TF W,0.55,Trifasico 400V,0.6,,CSM,,
VERDER-146_0_9049,Verderflex,146.0.9049,PERISTALTICA,BARATA,0.0111,0.222,122.36,1922.72,False,D10 NW UCCLPP 56R0.37K NR TF W,0.55,Trifasico 400V,0.6,,NR,,
VERDER-146_0_9050,Verderflex,146.0.9050,PERISTALTICA,BARATA,0.0111,0.222,122.36,1922.72,False,D10 NW UCCLPP 56R0.37K EP TF W,0.55,Trifasico 400V,0.6,,EPDM,,
VERDER-146_0_9051,Verderflex,146.0.9051,PERISTALTICA,BARATA,0.0111,0.222,122.36,1922.72,False,D10 NW UCCLPP 56R0.37K BU TF W,0.55,Trifasico 400V,0.6,,NBR (Nitrilo),,
VERDER-146_0_9052,Verderflex,146.0.9052,PERISTALTICA,PREMIUM,0.0111,0.222,122.36,2173.02,False,D10 NW UCCLPP 56R0.37K CS TF W,0.55,Trifasico 400V,0.6,,CSM,,
VERDER-146_0_9053,Verderflex,146.0.9053,PERISTALTICA,BARATA,0.0111,0.222,122.36,1922.72,False,D10 SW UCCLPP 70R0.55K NR TF W,0.55,Trifasico 400V,0.6,,NR,,
VERDER-146_0_9054,Verderflex,146.0.9054,PERISTALTICA,BARATA,0.0111,0.222,122.36,1922.72,False,D10 SW UCCLPP 70R0.55K EP TF W,0.55,Trifasico 400V,0.6,,EPDM,,
VERDER-146_0_9055,Verderflex,146.0.9055,PERISTALTICA,BARATA,0.0111,0.222,122.36,1922.72,False,D10 SW UCCLPP 70R0.55K BU TF W,0.55,Trifasico 400V,0.6,,NBR (Nitrilo),,
VERDER-146_0_9056,Verderflex,146.0.9056,PERISTALTICA,PREMIUM,0.0111,0.222,122.36,2173.02,False,D10 SW UCCLPP 70R0.55K CS TF W,0.55,Trifasico 400V,0.6,,CSM,,
VERDER-146_0_9057,Verderflex,146.0.9057,PERISTALTICA,BARATA,0.0111,0.222,122.36,1922.72,False,D10 NW UCCLPP 93R0.55K NR TF W,0.55,Trifasico 400V,0.6,,NR,,
VERDER-146_0_9058,Verderflex,146.0.9058,PERISTALTICA,BARATA,0.0111,0.222,122.36,1922.72,False,D10 NW UCCLPP 93R0.55K EP TF W,0.55,Trifasico 400V,0.6,,EPDM,,
VERDER-146_0_9059,Verderflex,146.0.9059,PERISTALTICA,BARATA,0.0111,0.222,122.36,1922.72,False,D10 NW UCCLPP 93R0.55K BU TF W,0.55,Trifasico 400V,0.6,,NBR (Nitrilo),,
VERDER-146_0_9060,Verderflex,146.0.9060,PERISTALTICA,PREMIUM,0.0111,0.222,122.36,2173.02,False,D10 NW UCCLPP 93R0.55K CS TF W,0.55,Trifasico 400V,0.6,,CSM,,
VERDER-146_0_9061,Verderflex,146.0.9061,PERISTALTICA,PREMIUM,0.0111,0.222,122.36,2129.46,False,D10 NW UCCLPV 23R0.18K EP TF W,0.55,Trifasico 400V,0.6,,EPDM,,
VERDER-146_0_9062,Verderflex,146.0.9062,PERISTALTICA,PREMIUM,0.0111,0.222,122.36,2129.46,False,D10 NW UCCLPV 23R0.18K BU TF W,0.55,Trifasico 400V,0.6,,NBR (Nitrilo),,
VERDER-146_0_9063,Verderflex,146.0.9063,PERISTALTICA,PREMIUM,0.0111,0.222,122.36,2284.88,False,D10 NW UCCLPV 23R0.18K CS TF W,0.55,Trifasico 400V,0.6,,CSM,,
VERDER-146_0_9064,Verderflex,146.0.9064,PERISTALTICA,PREMIUM,0.0111,0.222,122.36,2150.81,False,D10 NW UCCLPV 28R0.25K EP TF W,0.55,Trifasico 400V,0.6,,EPDM,,
VERDER-146_0_9065,Verderflex,146.0.9065,PERISTALTICA,PREMIUM,0.0111,0.222,122.36,2150.81,False,D10 NW UCCLPV 28R0.25K BU TF W,0.55,Trifasico 400V,0.6,,NBR (Nitrilo),,
VERDER-146_0_9066,Verderflex,146.0.9066,PERISTALTICA,PREMIUM,0.0111,0.222,122.36,2420.73,False,D10 NW UCCLPV 28R0.25K CS TF W,0.55,Trifasico 400V,0.6,,CSM,,
VERDER-146_0_9067,Verderflex,146.0.9067,PERISTALTICA,PREMIUM,0.0111,0.222,122.36,2150.81,False,D10 NW UCCLPV 35R0.25K EP TF W,0.55,Trifasico 400V,0.6,,EPDM,,
VERDER-146_0_9068,Verderflex,146.0.9068,PERISTALTICA,PREMIUM,0.0111,0.222,122.36,2150.81,False,D10 NW UCCLPV 35R0.25K BU TF W,0.55,Trifasico 400V,0.6,,NBR (Nitrilo),,
VERDER-146_0_9069,Verderflex,146.0.9069,PERISTALTICA,PREMIUM,0.0111,0.222,122.36,2420.73,False,D10 NW UCCLPV 35R0.25K CS TF W,0.55,Trifasico 400V,0.6,,CSM,,
VERDER-146_0_9070,Verderflex,146.0.9070,PERISTALTICA,CALIDAD_PRECIO,0.0111,0.222,122.36,2079.87,False,D10 NW UCCLPV 47R0.37K EP TF W,0.55,Trifasico 400V,0.6,,EPDM,,
VERDER-146_0_9071,Verderflex,146.0.9071,PERISTALTICA,CALIDAD_PRECIO,0.0111,0.222,122.36,2079.87,False,D10 NW UCCLPV 47R0.37K BU TF W,0.55,Trifasico 400V,0.6,,NBR (Nitrilo),,
VERDER-146_0_9072,Verderflex,146.0.9072,PERISTALTICA,PREMIUM,0.0111,0.222,122.36,2330.12,False,D10 NW UCCLPV 47R0.37K CS TF W,0.55,Trifasico 400V,0.6,,CSM,,
VERDER-146_0_9073,Verderflex,146.0.9073,PERISTALTICA,CALIDAD_PRECIO,0.0111,0.222,122.36,2079.87,False,D10 NW UCCLPV 56R0.37K EP TF W,0.55,Trifasico 400V,0.6,,EPDM,,
VERDER-146_0_9074,Verderflex,146.0.9074,PERISTALTICA,CALIDAD_PRECIO,0.0111,0.222,122.36,2079.87,False,D10 NW UCCLPV 56R0.37K BU TF W,0.55,Trifasico 400V,0.6,,NBR (Nitrilo),,
VERDER-146_0_9075,Verderflex,146.0.9075,PERISTALTICA,PREMIUM,0.0111,0.222,122.36,2330.12,False,D10 NW UCCLPV 56R0.37K CS TF W,0.55,Trifasico 400V,0.6,,CSM,,
VERDER-146_0_9076,Verderflex,146.0.9076,PERISTALTICA,CALIDAD_PRECIO,0.0111,0.222,122.36,2079.87,False,D10 NW UCCLPV 70R0.55K EP TF W,0.55,Trifasico 400V,0.6,,EPDM,,
VERDER-146_0_9077,Verderflex,146.0.9077,PERISTALTICA,CALIDAD_PRECIO,0.0111,0.222,122.36,2079.87,False,D10 NW UCCLPV 70R0.55K BU TF W,0.55,Trifasico 400V,0.6,,NBR (Nitrilo),,
VERDER-146_0_9078,Verderflex,146.0.9078,PERISTALTICA,PREMIUM,0.0111,0.222,122.36,2330.12,False,D10 NW UCCLPV 70R0.55K CS TF W,0.55,Trifasico 400V,0.6,,CSM,,
VERDER-146_0_9079,Verderflex,146.0.9079,PERISTALTICA,CALIDAD_PRECIO,0.0111,0.222,122.36,2079.87,False,D10 NW UCCLPV 93R0.55K EP TF W,0.55,Trifasico 400V,0.6,,EPDM,,
VERDER-146_0_9080,Verderflex,146.0.9080,PERISTALTICA,CALIDAD_PRECIO,0.0111,0.222,122.36,2079.87,False,D10 NW UCCLPV 93R0.55K BU TF W,0.55,Trifasico 400V,0.6,,NBR (Nitrilo),,
VERDER-146_0_9081,Verderflex,146.0.9081,PERISTALTICA,PREMIUM,0.0111,0.222,122.36,2330.12,False,D10 NW UCCLPV 93R0.55K CS TF W,0.55,Trifasico 400V,0.6,,CSM,,
VERDER-146_1_0201,Verderflex,146.1.0201,PERISTALTICA,CALIDAD_PRECIO,0.02965,0.593,122.36,2657.64,False,D15 SP Rotor with 316 Stainless Inserts D15 NW USCLSS 11R0.25K EP TF V,0.55,Trifasico 400V,0.6,,EPDM,,
VERDER-146_1_0202,Verderflex,146.1.0202,PERISTALTICA,CALIDAD_PRECIO,0.02965,0.593,122.36,2657.84,False,D15 SP Rotor with 316 Stainless Inserts D15 NW USCLSS 11R0.25K BU TF V,0.55,Trifasico 400V,0.6,,NBR (Nitrilo),,
VERDER-146_1_0203,Verderflex,146.1.0203,PERISTALTICA,CALIDAD_PRECIO,0.02965,0.593,122.36,2897.35,False,D15 SP Rotor with 316 Stainless Inserts D15 NW USCLSS 11R0.25K CS TF V,0.55,Trifasico 400V,0.6,,CSM,,
VERDER-146_1_0231,Verderflex,146.1.0231,PERISTALTICA,CALIDAD_PRECIO,0.02965,0.593,122.36,2712.79,False,D15 SP Rotor with 316 Stainless Inserts D15 NW USCLSS 11R0.25K FG TF V,0.55,Trifasico 400V,0.6,,NBRF,,
VERDER-146_1_0205,Verderflex,146.1.0205,PERISTALTICA,CALIDAD_PRECIO,0.02965,0.593,122.36,2657.64,False,D15 SP Rotor with 316 Stainless Inserts D15 NW USCLSS 18R0.25K EP TF V,0.55,Trifasico 400V,0.6,,EPDM,,
VERDER-146_1_0206,Verderflex,146.1.0206,PERISTALTICA,CALIDAD_PRECIO,0.02965,0.593,122.36,2657.64,False,D15 SP Rotor with 316 Stainless Inserts D15 NW USCLSS 18R0.25K BU TF V,0.55,Trifasico 400V,0.6,,NBR (Nitrilo),,
VERDER-146_1_0207,Verderflex,146.1.0207,PERISTALTICA,CALIDAD_PRECIO,0.02965,0.593,122.36,2897.35,False,D15 SP Rotor with 316 Stainless Inserts D15 NW USCLSS 18R0.25K CS TF V,0.55,Trifasico 400V,0.6,,CSM,,
VERDER-146_1_0232,Verderflex,146.1.0232,PERISTALTICA,CALIDAD_PRECIO,0.02965,0.593,122.36,2712.79,False,D15 SP Rotor with 316 Stainless Inserts D15 NW USCLSS 18R0.25K FG TF V,0.55,Trifasico 400V,0.6,,NBRF,,
VERDER-146_1_0209,Verderflex,146.1.0209,PERISTALTICA,CALIDAD_PRECIO,0.02965,0.593,122.36,2734.37,False,D15 SP Rotor with 316 Stainless Inserts D15 SW USCLSS 28R0.37K EP TF V,0.55,Trifasico 400V,0.6,,EPDM,,
VERDER-146_1_0210,Verderflex,146.1.0210,PERISTALTICA,CALIDAD_PRECIO,0.02965,0.593,122.36,2734.37,False,D15 SP Rotor with 316 Stainless Inserts D15 SW USCLSS 28R0.37K BU TF V,0.55,Trifasico 400V,0.6,,NBR (Nitrilo),,
VERDER-146_1_0211,Verderflex,146.1.0211,PERISTALTICA,PREMIUM,0.02965,0.593,122.36,3036.98,False,D15 SP Rotor with 316 Stainless Inserts D15 SW USCLSS 28R0.37K CS TF V,0.55,Trifasico 400V,0.6,,CSM,,
VERDER-146_1_0233,Verderflex,146.1.0233,PERISTALTICA,CALIDAD_PRECIO,0.02965,0.593,122.36,2789.5,False,D15 SP Rotor with 316 Stainless Inserts D15 SW USCLSS 28R0.37K FG TF V,0.55,Trifasico 400V,0.6,,NBRF,,
VERDER-146_1_0213,Verderflex,146.1.0213,PERISTALTICA,CALIDAD_PRECIO,0.02965,0.593,122.36,2667.68,False,D15 SP Rotor with 316 Stainless Inserts D15 SW USCLSS 35R0.55K EP TF V,0.55,Trifasico 400V,0.6,,EPDM,,
VERDER-146_1_0215,Verderflex,146.1.0215,PERISTALTICA,PREMIUM,0.02965,0.593,122.36,2987.89,False,D15 SP Rotor with 316 Stainless Inserts D15 SW USCLSS 35R0.55K CS TF V,0.55,Trifasico 400V,0.6,,CSM,,
VERDER-146_1_0217,Verderflex,146.1.0217,PERISTALTICA,CALIDAD_PRECIO,0.02965,0.593,122.36,2667.68,False,D15 SP Rotor with 316 Stainless Inserts D15 SW USCLSS 47R0.55K EP TF V,0.55,Trifasico 400V,0.6,,EPDM,,
VERDER-146_1_0218,Verderflex,146.1.0218,PERISTALTICA,CALIDAD_PRECIO,0.02965,0.593,122.36,2667.68,False,D15 SP Rotor with 316 Stainless Inserts D15 SW USCLSS 47R0.55K BU TF V,0.55,Trifasico 400V,0.6,,NBR (Nitrilo),,
VERDER-146_1_0219,Verderflex,146.1.0219,PERISTALTICA,PREMIUM,0.02965,0.593,122.36,2987.89,False,D15 SP Rotor with 316 Stainless Inserts D15 SW USCLSS 47R0.55K CS TF V,0.55,Trifasico 400V,0.6,,CSM,,
VERDER-146_1_0153,Verderflex,146.1.0153,PERISTALTICA,CALIDAD_PRECIO,0.02965,0.593,122.36,2722.81,False,D15 SP Rotor with 316 Stainless Inserts D15 SW USCLSS 47R0.55K FG TF V,0.55,Trifasico 400V,0.6,,NBRF,,
VERDER-146_1_0221,Verderflex,146.1.0221,PERISTALTICA,CALIDAD_PRECIO,0.02965,0.593,122.36,2667.68,False,D15 SP Rotor with 316 Stainless Inserts D15 SW USCLSS 56R0.55K EP TF V,0.55,Trifasico 400V,0.6,,EPDM,,
VERDER-146_1_0223,Verderflex,146.1.0223,PERISTALTICA,PREMIUM,0.02965,0.593,122.36,2987.89,False,D15 SP Rotor with 316 Stainless Inserts D15 SW USCLSS 56R0.55K CS TF V,0.55,Trifasico 400V,0.6,,CSM,,
VERDER-146_1_0234,Verderflex,146.1.0234,PERISTALTICA,CALIDAD_PRECIO,0.02965,0.593,122.36,2722.81,False,D15 SP Rotor with 316 Stainless Inserts D15 SW USCLSS 56R0.55K FG TF V,0.55,Trifasico 400V,0.6,,NBRF,,
VERDER-146_1_0225,Verderflex,146.1.0225,PERISTALTICA,CALIDAD_PRECIO,0.02965,0.593,122.36,2750.14,False,D15 SP Rotor with 316 Stainless Inserts D15 SW USCLSS 70R0.75K EP TF V,0.55,Trifasico 400V,0.6,,EPDM,,
VERDER-146_1_0226,Verderflex,146.1.0226,PERISTALTICA,CALIDAD_PRECIO,0.02965,0.593,122.36,2750.14,False,D15 SP Rotor with 316 Stainless Inserts D15 SW USCLSS 70R0.75K BU TF V,0.55,Trifasico 400V,0.6,,NBR (Nitrilo),,
VERDER-146_1_0227,Verderflex,146.1.0227,PERISTALTICA,PREMIUM,0.02965,0.593,122.36,3033.15,False,D15 SP Rotor with 316 Stainless Inserts D15 SW USCLSS 70R0.75K CS TF V,0.55,Trifasico 400V,0.6,,CSM,,
VERDER-146_1_0236,Verderflex,146.1.0236,PERISTALTICA,CALIDAD_PRECIO,0.02965,0.593,122.36,2750.14,False,D15 SP Rotor with 316 Stainless Inserts D15 NW USCLSS 93R0.75K EP TF V,0.55,Trifasico 400V,0.6,,EPDM,,
VERDER-146_1_0238,Verderflex,146.1.0238,PERISTALTICA,PREMIUM,0.02965,0.593,122.36,3033.15,False,D15 SP Rotor with 316 Stainless Inserts D15 NW USCLSS 93R0.75K CS TF V,0.55,Trifasico 400V,0.6,,CSM,,
VERDER-146_1_0300,Verderflex,146.1.0300,PERISTALTICA,CALIDAD_PRECIO,0.02965,0.593,122.36,2657.64,False,D15 SP Rotor with PP Inserts D15 NW UCCLPP 11R0.25K NR TF V,0.55,Trifasico 400V,0.6,Polipropileno,NR,,
VERDER-146_1_0301,Verderflex,146.1.0301,PERISTALTICA,CALIDAD_PRECIO,0.02965,0.593,122.36,2657.64,False,D15 SP Rotor with PP Inserts D15 NW UCCLPP 11R0.25K EP TF V,0.55,Trifasico 400V,0.6,Polipropileno,EPDM,,
VERDER-146_1_0302,Verderflex,146.1.0302,PERISTALTICA,CALIDAD_PRECIO,0.02965,0.593,122.36,2657.84,False,D15 SP Rotor with PP Inserts D15 NW UCCLPP 11R0.25K BU TF V,0.55,Trifasico 400V,0.6,Polipropileno,NBR (Nitrilo),,
VERDER-146_1_0303,Verderflex,146.1.0303,PERISTALTICA,PREMIUM,0.02965,0.593,122.36,2897.35,False,D15 SP Rotor with PP Inserts D15 NW UCCLPP 11R0.25K CS TF V,0.55,Trifasico 400V,0.6,Polipropileno,CSM,,
VERDER-146_1_0304,Verderflex,146.1.0304,PERISTALTICA,CALIDAD_PRECIO,0.02965,0.593,122.36,2657.64,False,D15 SP Rotor with PP Inserts D15 NW UCCLPP 18R0.25K NR TF V,0.55,Trifasico 400V,0.6,Polipropileno,NR,,
VERDER-146_1_0305,Verderflex,146.1.0305,PERISTALTICA,BARATA,0.02965,0.593,122.36,2657.64,False,D15 SP Rotor with PP Inserts D15 NW UCCLPP 18R0.25K EP TF V,0.55,Trifasico 400V,0.6,Polipropileno,EPDM,,
VERDER-146_1_0306,Verderflex,146.1.0306,PERISTALTICA,BARATA,0.02965,0.593,122.36,2657.64,False,D15 SP Rotor with PP Inserts D15 NW UCCLPP 18R0.25K BU TF V,0.55,Trifasico 400V,0.6,Polipropileno,NBR (Nitrilo),,
VERDER-146_1_0307,Verderflex,146.1.0307,PERISTALTICA,PREMIUM,0.02965,0.593,122.36,2897.35,False,D15 SP Rotor with PP Inserts D15 NW UCCLPP 18R0.25K CS TF V,0.55,Trifasico 400V,0.6,Polipropileno,CSM,,
VERDER-146_1_0308,Verderflex,146.1.0308,PERISTALTICA,CALIDAD_PRECIO,0.02965,0.593,122.36,2734.37,False,D15 SP Rotor with PP Inserts D15 SW UCCLPP 28R0.37K NR TF V,0.55,Trifasico 400V,0.6,Polipropileno,NR,,
VERDER-146_1_0309,Verderflex,146.1.0309,PERISTALTICA,CALIDAD_PRECIO,0.02965,0.593,122.36,2734.37,False,D15 SP Rotor with PP Inserts D15 SW UCCLPP 28R0.37K EP TF V,0.55,Trifasico 400V,0.6,Polipropileno,EPDM,,
VERDER-146_1_0310,Verderflex,146.1.0310,PERISTALTICA,CALIDAD_PRECIO,0.02965,0.593,122.36,2734.37,False,D15 SP Rotor with PP Inserts D15 SW UCCLPP 28R0.37K BU TF V,0.55,Trifasico 400V,0.6,Polipropileno,NBR (Nitrilo),,
VERDER-146_1_0311,Verderflex,146.1.0311,PERISTALTICA,PREMIUM,0.02965,0.593,122.36,3036.98,False,D15 SP Rotor with PP Inserts D15 SW UCCLPP 28R0.37K CS TF V,0.55,Trifasico 400V,0.6,Polipropileno,CSM,,
VERDER-146_1_0312,Verderflex,146.1.0312,PERISTALTICA,CALIDAD_PRECIO,0.02965,0.593,122.36,2667.68,False,D15 SP Rotor with PP Inserts D15 SW UCCLPP 35R0.55K NR TF V,0.55,Trifasico 400V,0.6,Polipropileno,NR,,
VERDER-146_1_0313,Verderflex,146.1.0313,PERISTALTICA,CALIDAD_PRECIO,0.02965,0.593,122.36,2667.68,False,D15 SP Rotor with PP Inserts D15 SW UCCLPP 35R0.55K EP TF V,0.55,Trifasico 400V,0.6,Polipropileno,EPDM,,
VERDER-146_1_0314,Verderflex,146.1.0314,PERISTALTICA,CALIDAD_PRECIO,0.02965,0.593,122.36,2667.68,False,D15 SP Rotor with PP Inserts D15 SW UCCLPP 35R0.55K BU TF V,0.55,Trifasico 400V,0.6,Polipropileno,NBR (Nitrilo),,
VERDER-146_1_0315,Verderflex,146.1.0315,PERISTALTICA,PREMIUM,0.02965,0.593,122.36,2987.89,False,D15 SP Rotor with PP Inserts D15 SW UCCLPP 35R0.55K CS TF V,0.55,Trifasico 400V,0.6,Polipropileno,CSM,,
VERDER-146_1_0316,Verderflex,146.1.0316,PERISTALTICA,CALIDAD_PRECIO,0.02965,0.593,122.36,2667.68,False,D15 SP Rotor with PP Inserts D15 SW UCCLPP 47R0.55K NR TF V,0.55,Trifasico 400V,0.6,Polipropileno,NR,,
VERDER-146_1_0318,Verderflex,146.1.0318,PERISTALTICA,CALIDAD_PRECIO,0.02965,0.593,122.36,2667.68,False,D15 SP Rotor with PP Inserts D15 SW UCCLPP 47R0.55K BU TF V,0.55,Trifasico 400V,0.6,Polipropileno,NBR (Nitrilo),,
VERDER-146_1_0319,Verderflex,146.1.0319,PERISTALTICA,PREMIUM,0.02965,0.593,122.36,2987.89,False,D15 SP Rotor with PP Inserts D15 SW UCCLPP 47R0.55K CS TF V,0.55,Trifasico 400V,0.6,Polipropileno,CSM,,
VERDER-146_1_0320,Verderflex,146.1.0320,PERISTALTICA,CALIDAD_PRECIO,0.02965,0.593,122.36,2667.68,False,D15 SP Rotor with PP Inserts D15 SW UCCLPP 56R0.55K NR TF V,0.55,Trifasico 400V,0.6,Polipropileno,NR,,
VERDER-146_1_0322,Verderflex,146.1.0322,PERISTALTICA,CALIDAD_PRECIO,0.02965,0.593,122.36,2667.68,False,D15 SP Rotor with PP Inserts D15 SW UCCLPP 56R0.55K BU TF V,0.55,Trifasico 400V,0.6,Polipropileno,NBR (Nitrilo),,
VERDER-146_1_0323,Verderflex,146.1.0323,PERISTALTICA,PREMIUM,0.02965,0.593,122.36,2987.89,False,D15 SP Rotor with PP Inserts D15 SW UCCLPP 56R0.55K CS TF V,0.55,Trifasico 400V,0.6,Polipropileno,CSM,,
VERDER-146_1_0324,Verderflex,146.1.0324,PERISTALTICA,CALIDAD_PRECIO,0.02965,0.593,122.36,2750.14,False,D15 SP Rotor with PP Inserts D15 SW UCCLPP 70R0.75K NR TF V,0.55,Trifasico 400V,0.6,Polipropileno,NR,,
VERDER-146_1_0325,Verderflex,146.1.0325,PERISTALTICA,CALIDAD_PRECIO,0.02965,0.593,122.36,2750.14,False,D15 SP Rotor with PP Inserts D15 SW UCCLPP 70R0.75K EP TF V,0.55,Trifasico 400V,0.6,Polipropileno,EPDM,,
VERDER-146_1_0326,Verderflex,146.1.0326,PERISTALTICA,CALIDAD_PRECIO,0.02965,0.593,122.36,2750.14,False,D15 SP Rotor with PP Inserts D15 SW UCCLPP 70R0.75K BU TF V,0.55,Trifasico 400V,0.6,Polipropileno,NBR (Nitrilo),,
VERDER-146_1_0327,Verderflex,146.1.0327,PERISTALTICA,PREMIUM,0.02965,0.593,122.36,3033.15,False,D15 SP Rotor with PP Inserts D15 SW UCCLPP 70R0.75K CS TF V,0.55,Trifasico 400V,0.6,Polipropileno,CSM,,
VERDER-146_1_0239,Verderflex,146.1.0239,PERISTALTICA,CALIDAD_PRECIO,0.02965,0.593,122.36,2750.14,False,D15 SP Rotor with PP Inserts D15 NW UCCLPP 93R0.75K NR TF V,0.55,Trifasico 400V,0.6,Polipropileno,NR,,
VERDER-146_1_0240,Verderflex,146.1.0240,PERISTALTICA,CALIDAD_PRECIO,0.02965,0.593,122.36,2750.14,False,D15 SP Rotor with PP Inserts D15 NW UCCLPP 93R0.75K EP TF V,0.55,Trifasico 400V,0.6,Polipropileno,EPDM,,
VERDER-146_1_0241,Verderflex,146.1.0241,PERISTALTICA,CALIDAD_PRECIO,0.02965,0.593,122.36,2750.14,False,D15 SP Rotor with PP Inserts D15 NW UCCLPP 93R0.75K BU TF V,0.55,Trifasico 400V,0.6,Polipropileno,NBR (Nitrilo),,
VERDER-146_1_0242,Verderflex,146.1.0242,PERISTALTICA,PREMIUM,0.02965,0.593,122.36,3033.15,False,D15 SP Rotor with PP Inserts D15 NW UCCLPP 93R0.75K CS TF V,0.55,Trifasico 400V,0.6,Polipropileno,CSM,,
VERDER-146_1_0401,Verderflex,146.1.0401,PERISTALTICA,PREMIUM,0.02965,0.593,122.36,2880.25,False,D15 SP Rotor with PVDF Inserts D15 NW UCCLPV 11R0.25K EP TF V,0.55,Trifasico 400V,0.6,PVDF,EPDM,,
VERDER-146_1_0402,Verderflex,146.1.0402,PERISTALTICA,PREMIUM,0.02965,0.593,122.36,2880.45,False,D15 SP Rotor with PVDF Inserts D15 NW UCCLPV 11R0.25K BU TF V,0.55,Trifasico 400V,0.6,PVDF,NBR (Nitrilo),,
VERDER-146_1_0403,Verderflex,146.1.0403,PERISTALTICA,PREMIUM,0.02965,0.593,122.36,3119.97,False,D15 SP Rotor with PVDF Inserts D15 NW UCCLPV 11R0.25K CS TF V,0.55,Trifasico 400V,0.6,PVDF,CSM,,
VERDER-146_1_0405,Verderflex,146.1.0405,PERISTALTICA,CALIDAD_PRECIO,0.02965,0.593,122.36,2880.25,False,D15 SP Rotor with PVDF Inserts D15 NW UCCLPV 18R0.25K EP TF V,0.55,Trifasico 400V,0.6,PVDF,EPDM,,
VERDER-146_1_0406,Verderflex,146.1.0406,PERISTALTICA,CALIDAD_PRECIO,0.02965,0.593,122.36,2880.25,False,D15 SP Rotor with PVDF Inserts D15 NW UCCLPV 18R0.25K BU TF V,0.55,Trifasico 400V,0.6,PVDF,NBR (Nitrilo),,
VERDER-146_1_0407,Verderflex,146.1.0407,PERISTALTICA,PREMIUM,0.02965,0.593,122.36,3119.97,False,D15 SP Rotor with PVDF Inserts D15 NW UCCLPV 18R0.25K CS TF V,0.55,Trifasico 400V,0.6,PVDF,CSM,,
VERDER-146_1_0409,Verderflex,146.1.0409,PERISTALTICA,PREMIUM,0.02965,0.593,122.36,2956.99,False,D15 SP Rotor with PVDF Inserts D15 NW UCCLPV 28R0.37K EP TF V,0.55,Trifasico 400V,0.6,PVDF,EPDM,,
VERDER-146_1_0410,Verderflex,146.1.0410,PERISTALTICA,PREMIUM,0.02965,0.593,122.36,2956.99,False,D15 SP Rotor with PVDF Inserts D15 NW UCCLPV 28R0.37K BU TF V,0.55,Trifasico 400V,0.6,PVDF,NBR (Nitrilo),,
VERDER-146_1_0411,Verderflex,146.1.0411,PERISTALTICA,PREMIUM,0.02965,0.593,122.36,3259.59,False,D15 SP Rotor with PVDF Inserts D15 NW UCCLPV 28R0.37K CS TF V,0.55,Trifasico 400V,0.6,PVDF,CSM,,
VERDER-146_1_0413,Verderflex,146.1.0413,PERISTALTICA,CALIDAD_PRECIO,0.02965,0.593,122.36,2890.28,False,D15 SP Rotor with PVDF Inserts D15 NW UCCLPV 35R0.55K EP TF V,0.55,Trifasico 400V,0.6,PVDF,EPDM,,
VERDER-146_1_0414,Verderflex,146.1.0414,PERISTALTICA,CALIDAD_PRECIO,0.02965,0.593,122.36,2890.28,False,D15 SP Rotor with PVDF Inserts D15 NW UCCLPV 35R0.55K BU TF V,0.55,Trifasico 400V,0.6,PVDF,NBR (Nitrilo),,
VERDER-146_1_0415,Verderflex,146.1.0415,PERISTALTICA,PREMIUM,0.02965,0.593,122.36,3210.49,False,D15 SP Rotor with PVDF Inserts D15 NW UCCLPV 35R0.55K CS TF V,0.55,Trifasico 400V,0.6,PVDF,CSM,,
VERDER-146_1_0417,Verderflex,146.1.0417,PERISTALTICA,CALIDAD_PRECIO,0.02965,0.593,122.36,2890.28,False,D15 SP Rotor with PVDF Inserts D15 NW UCCLPV 47R0.55K EP TF V,0.55,Trifasico 400V,0.6,PVDF,EPDM,,
VERDER-146_1_0418,Verderflex,146.1.0418,PERISTALTICA,CALIDAD_PRECIO,0.02965,0.593,122.36,2890.28,False,D15 SP Rotor with PVDF Inserts D15 NW UCCLPV 47R0.55K BU TF V,0.55,Trifasico 400V,0.6,PVDF,NBR (Nitrilo),,
VERDER-146_1_0419,Verderflex,146.1.0419,PERISTALTICA,PREMIUM,0.02965,0.593,122.36,3210.49,False,D15 SP Rotor with PVDF Inserts D15 NW UCCLPV 47R0.55K CS TF V,0.55,Trifasico 400V,0.6,PVDF,CSM,,
VERDER-146_1_0421,Verderflex,146.1.0421,PERISTALTICA,CALIDAD_PRECIO,0.02965,0.593,122.36,2890.28,False,D15 SP Rotor with PVDF Inserts D15 NW UCCLPV 56R0.55K EP TF V,0.55,Trifasico 400V,0.6,PVDF,EPDM,,
VERDER-146_1_0422,Verderflex,146.1.0422,PERISTALTICA,CALIDAD_PRECIO,0.02965,0.593,122.36,2890.28,False,D15 SP Rotor with PVDF Inserts D15 NW UCCLPV 56R0.55K BU TF V,0.55,Trifasico 400V,0.6,PVDF,NBR (Nitrilo),,
VERDER-146_1_0423,Verderflex,146.1.0423,PERISTALTICA,PREMIUM,0.02965,0.593,122.36,3210.49,False,D15 SP Rotor with PVDF Inserts D15 NW UCCLPV 56R0.55K CS TF V,0.55,Trifasico 400V,0.6,PVDF,CSM,,
VERDER-146_1_0425,Verderflex,146.1.0425,PERISTALTICA,PREMIUM,0.02965,0.593,122.36,2972.75,False,D15 SP Rotor with PVDF Inserts D15 NW UCCLPV 70R0.75K EP TF V,0.55,Trifasico 400V,0.6,PVDF,EPDM,,
VERDER-146_1_0426,Verderflex,146.1.0426,PERISTALTICA,PREMIUM,0.02965,0.593,122.36,2972.75,False,D15 SP Rotor with PVDF Inserts D15 NW UCCLPV 70R0.75K BU TF V,0.55,Trifasico 400V,0.6,PVDF,NBR (Nitrilo),,
VERDER-146_1_0427,Verderflex,146.1.0427,PERISTALTICA,PREMIUM,0.02965,0.593,122.36,3255.76,False,D15 SP Rotor with PVDF Inserts D15 NW UCCLPV 70R0.75K CS TF V,0.55,Trifasico 400V,0.6,PVDF,CSM,,
VERDER-146_1_0243,Verderflex,146.1.0243,PERISTALTICA,PREMIUM,0.02965,0.593,122.36,2972.75,False,D15 SP Rotor with PVDF Inserts D15 NW UCCLPV 93R0.75K EP TF V,0.55,Trifasico 400V,0.6,PVDF,EPDM,,
VERDER-146_1_0244,Verderflex,146.1.0244,PERISTALTICA,PREMIUM,0.02965,0.593,122.36,3019.68,False,D15 SP Rotor with PVDF Inserts D15 NW UCCLPV 93R0.75K BU TF V,0.55,Trifasico 400V,0.6,PVDF,NBR (Nitrilo),,
VERDER-146_1_0245,Verderflex,146.1.0245,PERISTALTICA,PREMIUM,0.02965,0.593,122.36,3255.76,False,D15 SP Rotor with PVDF Inserts D15 NW UCCLPV 93R0.75K CS TF V,0.55,Trifasico 400V,0.6,PVDF,CSM,,
VERDER-146_2_0200,Verderflex,146.2.0200,PERISTALTICA,CALIDAD_PRECIO,0.11935,2.387,122.36,3429.76,False,D25 SP Rotor with 1 Piece 316 SS Flange D25 NW USCLSS 15R0.55K NR TF V,1.1,Trifasico 400V,0.6,Acero inoxidable,NR,,
VERDER-146_2_0201,Verderflex,146.2.0201,PERISTALTICA,CALIDAD_PRECIO,0.11935,2.387,122.36,3429.76,False,D25 SP Rotor with 1 Piece 316 SS Flange D25 NW USCLSS 15R0.55K EP TF V,1.1,Trifasico 400V,0.6,Acero inoxidable,EPDM,,
VERDER-146_2_0202,Verderflex,146.2.0202,PERISTALTICA,CALIDAD_PRECIO,0.11935,2.387,122.36,3429.76,False,D25 SP Rotor with 1 Piece 316 SS Flange D25 NW USCLSS 15R0.55K BU TF V,1.1,Trifasico 400V,0.6,Acero inoxidable,NBR (Nitrilo),,
VERDER-146_2_0203,Verderflex,146.2.0203,PERISTALTICA,PREMIUM,0.11935,2.387,122.36,3621.67,False,D25 SP Rotor with 1 Piece 316 SS Flange D25 NW USCLSS 15R0.55K CS TF V,1.1,Trifasico 400V,0.6,Acero inoxidable,CSM,,
VERDER-146_2_0230,Verderflex,146.2.0230,PERISTALTICA,CALIDAD_PRECIO,0.11935,2.387,122.36,3537.33,False,D25 SP Rotor with 1 Piece 316 SS Flange D25 NW USCLSS 15R0.55K FG TF V,1.1,Trifasico 400V,0.6,Acero inoxidable,NBRF,,
VERDER-146_2_0207,Verderflex,146.2.0207,PERISTALTICA,PREMIUM,0.11935,2.387,122.36,3621.67,False,D25 SP Rotor with 1 Piece 316 SS Flange D25 SW USCLSS 23R0.55K CS TF V,1.1,Trifasico 400V,0.6,Acero inoxidable,CSM,,
VERDER-146_2_0231,Verderflex,146.2.0231,PERISTALTICA,CALIDAD_PRECIO,0.11935,2.387,122.36,3537.33,False,D25 SP Rotor with 1 Piece 316 SS Flange D25 SW USCLSS 23R0.55K FG TF V,1.1,Trifasico 400V,0.6,Acero inoxidable,NBRF,,
VERDER-146_2_0211,Verderflex,146.2.0211,PERISTALTICA,PREMIUM,0.11935,2.387,122.36,3712.22,False,D25 SP Rotor with 1 Piece 316 SS Flange D25 SW USCLSS 35R0.75K CS TF V,1.1,Trifasico 400V,0.6,Acero inoxidable,CSM,,
VERDER-146_2_0215,Verderflex,146.2.0215,PERISTALTICA,PREMIUM,0.11935,2.387,122.36,3983.84,False,D25 SP Rotor with 1 Piece 316 SS Flange D25 SW USCLSS 47R 1.1K CS TF V,1.1,Trifasico 400V,0.6,Acero inoxidable,CSM,,
VERDER-146_2_0233,Verderflex,146.2.0233,PERISTALTICA,PREMIUM,0.11935,2.387,122.36,3905.07,False,D25 SP Rotor with 1 Piece 316 SS Flange D25 SW USCLSS 47R 1.1K FG TF V,1.1,Trifasico 400V,0.6,Acero inoxidable,NBRF,,
VERDER-146_2_0217,Verderflex,146.2.0217,PERISTALTICA,PREMIUM,0.11935,2.387,122.36,3797.45,False,D25 SP Rotor with 1 Piece 316 SS Flange D25 SW USCLSS 56R 1.1K EP TF V,1.1,Trifasico 400V,0.6,Acero inoxidable,EPDM,,
VERDER-146_2_0219,Verderflex,146.2.0219,PERISTALTICA,PREMIUM,0.11935,2.387,122.36,3983.84,False,D25 SP Rotor with 1 Piece 316 SS Flange D25 SW USCLSS 56R 1.1K CS TF V,1.1,Trifasico 400V,0.6,Acero inoxidable,CSM,,
VERDER-146_2_0234,Verderflex,146.2.0234,PERISTALTICA,PREMIUM,0.11935,2.387,122.36,3905.07,False,D25 SP Rotor with 1 Piece 316 SS Flange D25 SW USCLSS 56R 1.1K FG TF V,1.1,Trifasico 400V,0.6,Acero inoxidable,NBRF,,
VERDER-146_2_0222,Verderflex,146.2.0222,PERISTALTICA,PREMIUM,0.11935,2.387,122.36,3882.28,False,D25 SP Rotor with 1 Piece 316 SS Flange D25 SW USCLSS 70R 1.5K BU TF V,1.1,Trifasico 400V,0.6,Acero inoxidable,NBR (Nitrilo),,
VERDER-146_2_0223,Verderflex,146.2.0223,PERISTALTICA,PREMIUM,0.11935,2.387,122.36,4074.41,False,D25 SP Rotor with 1 Piece 316 SS Flange D25 SW USCLSS 70R 1.5K CS TF V,1.1,Trifasico 400V,0.6,Acero inoxidable,CSM,,
VERDER-146_2_0300,Verderflex,146.2.0300,PERISTALTICA,CALIDAD_PRECIO,0.11935,2.387,122.36,3429.76,False,D25 SP ROTOR WITH 2 Piece Flange and PP INSERTS D25 NW UCCLPP 15R0.55K NR TF V,1.1,Trifasico 400V,0.6,Polipropileno,NR,,
VERDER-146_2_0301,Verderflex,146.2.0301,PERISTALTICA,CALIDAD_PRECIO,0.11935,2.387,122.36,3429.76,False,D25 SP ROTOR WITH 2 Piece Flange and PP INSERTS D25 NW UCCLPP 15R0.55K EP TF V,1.1,Trifasico 400V,0.6,Polipropileno,EPDM,,
VERDER-146_2_0302,Verderflex,146.2.0302,PERISTALTICA,CALIDAD_PRECIO,0.11935,2.387,122.36,3429.76,False,D25 SP ROTOR WITH 2 Piece Flange and PP INSERTS D25 NW UCCLPP 15R0.55K BU TF V,1.1,Trifasico 400V,0.6,Polipropileno,NBR (Nitrilo),,
VERDER-146_2_0303,Verderflex,146.2.0303,PERISTALTICA,CALIDAD_PRECIO,0.11935,2.387,122.36,3621.67,False,D25 SP ROTOR WITH 2 Piece Flange and PP INSERTS D25 NW UCCLPP 15R0.55K CS TF V,1.1,Trifasico 400V,0.6,Polipropileno,CSM,,
VERDER-146_2_0305,Verderflex,146.2.0305,PERISTALTICA,CALIDAD_PRECIO,0.11935,2.387,122.36,3429.76,False,D25 SP ROTOR WITH 2 Piece Flange and PP INSERTS D25 SW UCCLPP 23R0.55K EP TF V,1.1,Trifasico 400V,0.6,Polipropileno,EPDM,,
VERDER-146_2_0306,Verderflex,146.2.0306,PERISTALTICA,BARATA,0.11935,2.387,122.36,3429.76,False,D25 SP ROTOR WITH 2 Piece Flange and PP INSERTS D25 SW UCCLPP 23R0.55K BU TF V,1.1,Trifasico 400V,0.6,Polipropileno,NBR (Nitrilo),,
VERDER-146_2_0307,Verderflex,146.2.0307,PERISTALTICA,CALIDAD_PRECIO,0.11935,2.387,122.36,3621.67,False,D25 SP ROTOR WITH 2 Piece Flange and PP INSERTS D25 SW UCCLPP 23R0.55K CS TF V,1.1,Trifasico 400V,0.6,Polipropileno,CSM,,
VERDER-146_2_0308,Verderflex,146.2.0308,PERISTALTICA,CALIDAD_PRECIO,0.11935,2.387,122.36,3496.37,False,D25 SP ROTOR WITH 2 Piece Flange and PP INSERTS D25 SW UCCLPP 35R0.75K NR TF V,1.1,Trifasico 400V,0.6,Polipropileno,NR,,
VERDER-146_2_0309,Verderflex,146.2.0309,PERISTALTICA,CALIDAD_PRECIO,0.11935,2.387,122.36,3496.37,False,D25 SP ROTOR WITH 2 Piece Flange and PP INSERTS D25 SW UCCLPP 35R0.75K EP TF V,1.1,Trifasico 400V,0.6,Polipropileno,EPDM,,
VERDER-146_2_0311,Verderflex,146.2.0311,PERISTALTICA,PREMIUM,0.11935,2.387,122.36,3712.22,False,D25 SP ROTOR WITH 2 Piece Flange and PP INSERTS D25 SW UCCLPP 35R0.75K CS TF V,1.1,Trifasico 400V,0.6,Polipropileno,CSM,,
VERDER-146_2_0312,Verderflex,146.2.0312,PERISTALTICA,PREMIUM,0.11935,2.387,122.36,3797.45,False,D25 SP ROTOR WITH 2 Piece Flange and PP INSERTS D25 SW UCCLPP 47R 1.1K NR TF V,1.1,Trifasico 400V,0.6,Polipropileno,NR,,
VERDER-146_2_0313,Verderflex,146.2.0313,PERISTALTICA,PREMIUM,0.11935,2.387,122.36,3797.45,False,D25 SP ROTOR WITH 2 Piece Flange and PP INSERTS D25 SW UCCLPP 47R 1.1K EP TF V,1.1,Trifasico 400V,0.6,Polipropileno,EPDM,,
VERDER-146_2_0314,Verderflex,146.2.0314,PERISTALTICA,PREMIUM,0.11935,2.387,122.36,3797.45,False,D25 SP ROTOR WITH 2 Piece Flange and PP INSERTS D25 SW UCCLPP 47R 1.1K BU TF V,1.1,Trifasico 400V,0.6,Polipropileno,NBR (Nitrilo),,
VERDER-146_2_0315,Verderflex,146.2.0315,PERISTALTICA,PREMIUM,0.11935,2.387,122.36,3983.84,False,D25 SP ROTOR WITH 2 Piece Flange and PP INSERTS D25 SW UCCLPP 47R 1.1K CS TF V,1.1,Trifasico 400V,0.6,Polipropileno,CSM,,
VERDER-146_2_0316,Verderflex,146.2.0316,PERISTALTICA,PREMIUM,0.11935,2.387,122.36,3797.45,False,D25 SP ROTOR WITH 2 Piece Flange and PP INSERTS D25 SW UCCLPP 56R 1.1K NR TF V,1.1,Trifasico 400V,0.6,Polipropileno,NR,,
VERDER-146_2_0318,Verderflex,146.2.0318,PERISTALTICA,PREMIUM,0.11935,2.387,122.36,3797.45,False,D25 SP ROTOR WITH 2 Piece Flange and PP INSERTS D25 SW UCCLPP 56R 1.1K BU TF V,1.1,Trifasico 400V,0.6,Polipropileno,NBR (Nitrilo),,
VERDER-146_2_0319,Verderflex,146.2.0319,PERISTALTICA,PREMIUM,0.11935,2.387,122.36,3983.84,False,D25 SP ROTOR WITH 2 Piece Flange and PP INSERTS D25 SW UCCLPP 56R 1.1K CS TF V,1.1,Trifasico 400V,0.6,Polipropileno,CSM,,
VERDER-146_2_0320,Verderflex,146.2.0320,PERISTALTICA,PREMIUM,0.11935,2.387,122.36,3882.28,False,D25 SP ROTOR WITH 2 Piece Flange and PP INSERTS D25 SW UCCLPP 70R 1.5K NR TF V,1.1,Trifasico 400V,0.6,Polipropileno,NR,,
VERDER-146_2_0321,Verderflex,146.2.0321,PERISTALTICA,PREMIUM,0.11935,2.387,122.36,3882.28,False,D25 SP ROTOR WITH 2 Piece Flange and PP INSERTS D25 SW UCCLPP 70R 1.5K EP TF V,1.1,Trifasico 400V,0.6,Polipropileno,EPDM,,
VERDER-146_2_0322,Verderflex,146.2.0322,PERISTALTICA,PREMIUM,0.11935,2.387,122.36,3882.28,False,D25 SP ROTOR WITH 2 Piece Flange and PP INSERTS D25 SW UCCLPP 70R 1.5K BU TF V,1.1,Trifasico 400V,0.6,Polipropileno,NBR (Nitrilo),,
VERDER-146_2_0323,Verderflex,146.2.0323,PERISTALTICA,PREMIUM,0.11935,2.387,122.36,4074.41,False,D25 SP ROTOR WITH 2 Piece Flange and PP INSERTS D25 SW UCCLPP 70R 1.5K CS TF V,1.1,Trifasico 400V,0.6,Polipropileno,CSM,,
VERDER-146_2_0401,Verderflex,146.2.0401,PERISTALTICA,CALIDAD_PRECIO,0.11935,2.387,122.36,3779.07,False,D25 PUMP WITH SP ROTOR & PVDF INSERTS D25 NW UCCLPV 15R0.55K EP TF V,1.1,Trifasico 400V,0.6,PVDF,EPDM,,
VERDER-146_2_0402,Verderflex,146.2.0402,PERISTALTICA,CALIDAD_PRECIO,0.11935,2.387,122.36,3779.07,False,D25 PUMP WITH SP ROTOR & PVDF INSERTS D25 NW UCCLPV 15R0.55K BU TF V,1.1,Trifasico 400V,0.6,PVDF,NBR (Nitrilo),,
VERDER-146_2_0403,Verderflex,146.2.0403,PERISTALTICA,PREMIUM,0.11935,2.387,122.36,3970.99,False,D25 PUMP WITH SP ROTOR & PVDF INSERTS D25 NW UCCLPV 15R0.55K CS TF V,1.1,Trifasico 400V,0.6,PVDF,CSM,,
VERDER-146_2_0405,Verderflex,146.2.0405,PERISTALTICA,CALIDAD_PRECIO,0.11935,2.387,122.36,3779.07,False,D25 PUMP WITH SP ROTOR & PVDF INSERTS D25 NW UCCLPV 23R0.55K EP TF V,1.1,Trifasico 400V,0.6,PVDF,EPDM,,
VERDER-146_2_0406,Verderflex,146.2.0406,PERISTALTICA,CALIDAD_PRECIO,0.11935,2.387,122.36,3779.07,False,D25 PUMP WITH SP ROTOR & PVDF INSERTS D25 NW UCCLPV 23R0.55K BU TF V,1.1,Trifasico 400V,0.6,PVDF,NBR (Nitrilo),,
VERDER-146_2_0407,Verderflex,146.2.0407,PERISTALTICA,PREMIUM,0.11935,2.387,122.36,3970.99,False,D25 PUMP WITH SP ROTOR & PVDF INSERTS D25 NW UCCLPV 23R0.55K CS TF V,1.1,Trifasico 400V,0.6,PVDF,CSM,,
VERDER-146_2_0409,Verderflex,146.2.0409,PERISTALTICA,PREMIUM,0.11935,2.387,122.36,3845.69,False,D25 PUMP WITH SP ROTOR & PVDF INSERTS D25 NW UCCLPV 35R0.75K EP TF V,1.1,Trifasico 400V,0.6,PVDF,EPDM,,
VERDER-146_2_0410,Verderflex,146.2.0410,PERISTALTICA,PREMIUM,0.11935,2.387,122.36,3845.69,False,D25 PUMP WITH SP ROTOR & PVDF INSERTS D25 NW UCCLPV 35R0.75K BU TF V,1.1,Trifasico 400V,0.6,PVDF,NBR (Nitrilo),,
VERDER-146_2_0411,Verderflex,146.2.0411,PERISTALTICA,PREMIUM,0.11935,2.387,122.36,4061.56,False,D25 PUMP WITH SP ROTOR & PVDF INSERTS D25 NW UCCLPV 35R0.75K CS TF V,1.1,Trifasico 400V,0.6,PVDF,CSM,,
VERDER-146_2_0413,Verderflex,146.2.0413,PERISTALTICA,PREMIUM,0.11935,2.387,122.36,4146.77,False,D25 PUMP WITH SP ROTOR & PVDF INSERTS D25 NW UCCLPV 47R 1.1K EP TF V,1.1,Trifasico 400V,0.6,PVDF,EPDM,,
VERDER-146_2_0414,Verderflex,146.2.0414,PERISTALTICA,PREMIUM,0.11935,2.387,122.36,4146.77,False,D25 PUMP WITH SP ROTOR & PVDF INSERTS D25 NW UCCLPV 47R 1.1K BU TF V,1.1,Trifasico 400V,0.6,PVDF,NBR (Nitrilo),,
VERDER-146_2_0415,Verderflex,146.2.0415,PERISTALTICA,PREMIUM,0.11935,2.387,122.36,4333.16,False,D25 PUMP WITH SP ROTOR & PVDF INSERTS D25 NW UCCLPV 47R 1.1K CS TF V,1.1,Trifasico 400V,0.6,PVDF,CSM,,
VERDER-146_2_0417,Verderflex,146.2.0417,PERISTALTICA,PREMIUM,0.11935,2.387,122.36,4146.77,False,D25 PUMP WITH SP ROTOR & PVDF INSERTS D25 NW UCCLPV 56R 1.1K EP TF V,1.1,Trifasico 400V,0.6,PVDF,EPDM,,
VERDER-146_2_0418,Verderflex,146.2.0418,PERISTALTICA,PREMIUM,0.11935,2.387,122.36,4146.77,False,D25 PUMP WITH SP ROTOR & PVDF INSERTS D25 NW UCCLPV 56R 1.1K BU TF V,1.1,Trifasico 400V,0.6,PVDF,NBR (Nitrilo),,
VERDER-146_2_0419,Verderflex,146.2.0419,PERISTALTICA,PREMIUM,0.11935,2.387,122.36,4333.16,False,D25 PUMP WITH SP ROTOR & PVDF INSERTS D25 NW UCCLPV 56R 1.1K CS TF V,1.1,Trifasico 400V,0.6,PVDF,CSM,,
VERDER-146_2_0421,Verderflex,146.2.0421,PERISTALTICA,PREMIUM,0.11935,2.387,122.36,4231.59,False,D25 PUMP WITH SP ROTOR & PVDF INSERTS D25 NW UCCLPV 70R 1.5K EP TF V,1.1,Trifasico 400V,0.6,PVDF,EPDM,,
VERDER-146_2_0422,Verderflex,146.2.0422,PERISTALTICA,PREMIUM,0.11935,2.387,122.36,4231.59,False,D25 PUMP WITH SP ROTOR & PVDF INSERTS D25 NW UCCLPV 70R 1.5K BU TF V,1.1,Trifasico 400V,0.6,PVDF,NBR (Nitrilo),,
VERDER-146_2_0423,Verderflex,146.2.0423,PERISTALTICA,PREMIUM,0.11935,2.387,122.36,4423.72,False,D25 PUMP WITH SP ROTOR & PVDF INSERTS D25 NW UCCLPV 70R 1.5K CS TF V,1.1,Trifasico 400V,0.6,PVDF,CSM,,
VERDER-146_3_0224,Verderflex,146.3.0224,PERISTALTICA,PREMIUM,0.2646,5.292,163.15,5766.84,False,D35 Series 2  - SP Rotor D35 NW USCLSS 11R0.55K NR TF V,1.5,Trifasico 400V,0.6,,NR,,
VERDER-146_3_0225,Verderflex,146.3.0225,PERISTALTICA,PREMIUM,0.2646,5.292,163.15,5766.84,False,D35 Series 2  - SP Rotor D35 NW USCLSS 11R0.55K EP TF V,1.5,Trifasico 400V,0.6,,EPDM,,
VERDER-146_3_0226,Verderflex,146.3.0226,PERISTALTICA,PREMIUM,0.2646,5.292,163.15,5766.84,False,D35 Series 2  - SP Rotor D35 NW USCLSS 11R0.55K BU TF V,1.5,Trifasico 400V,0.6,,NBR (Nitrilo),,
VERDER-146_3_0227,Verderflex,146.3.0227,PERISTALTICA,PREMIUM,0.2646,5.292,163.15,5975.76,False,D35 Series 2  - SP Rotor D35 NW USCLSS 11R0.55K CS TF V,1.5,Trifasico 400V,0.6,,CSM,,
VERDER-146_3_0250,Verderflex,146.3.0250,PERISTALTICA,PREMIUM,0.2646,5.292,163.15,5992.66,False,D35 Series 2  - SP Rotor D35 NW USCLSS 11R0.55K FG TF V,1.5,Trifasico 400V,0.6,,NBRF,,
VERDER-146_3_0228,Verderflex,146.3.0228,PERISTALTICA,PREMIUM,0.2646,5.292,163.15,5835.78,False,D35 Series 2  - SP Rotor D35 NW USCLSS 18R 1.1K NR TF V,1.5,Trifasico 400V,0.6,,NR,,
VERDER-146_3_0230,Verderflex,146.3.0230,PERISTALTICA,PREMIUM,0.2646,5.292,163.15,5835.78,False,D35 Series 2  - SP Rotor D35 NW USCLSS 18R 1.1K BU TF V,1.5,Trifasico 400V,0.6,,NBR (Nitrilo),,
VERDER-146_3_0231,Verderflex,146.3.0231,PERISTALTICA,PREMIUM,0.2646,5.292,163.15,6065.45,False,D35 Series 2  - SP Rotor D35 NW USCLSS 18R 1.1K CS TF V,1.5,Trifasico 400V,0.6,,CSM,,
VERDER-146_3_0251,Verderflex,146.3.0251,PERISTALTICA,PREMIUM,0.2646,5.292,163.15,6061.62,False,D35 Series 2  - SP Rotor D35 NW USCLSS 18R 1.1K FG TF V,1.5,Trifasico 400V,0.6,,NBRF,,
VERDER-146_3_0233,Verderflex,146.3.0233,PERISTALTICA,PREMIUM,0.2646,5.292,163.15,5932.21,False,D35 Series 2  - SP Rotor D35 NW USCLSS 28R 1.5K EP TF V,1.5,Trifasico 400V,0.6,,EPDM,,
VERDER-146_3_0234,Verderflex,146.3.0234,PERISTALTICA,PREMIUM,0.2646,5.292,163.15,5932.21,False,D35 Series 2  - SP Rotor D35 NW USCLSS 28R 1.5K BU TF V,1.5,Trifasico 400V,0.6,,NBR (Nitrilo),,
VERDER-146_3_0235,Verderflex,146.3.0235,PERISTALTICA,PREMIUM,0.2646,5.292,163.15,6202.12,False,D35 Series 2  - SP Rotor D35 NW USCLSS 28R 1.5K CS TF V,1.5,Trifasico 400V,0.6,,CSM,,
VERDER-146_3_0252,Verderflex,146.3.0252,PERISTALTICA,PREMIUM,0.2646,5.292,163.15,6158.09,False,D35 Series 2  - SP Rotor D35 NW USCLSS 28R 1.5K FG TF V,1.5,Trifasico 400V,0.6,,NBRF,,
VERDER-146_3_0238,Verderflex,146.3.0238,PERISTALTICA,CALIDAD_PRECIO,0.2646,5.292,163.15,5835.78,False,D35 Series 2  - SP Rotor D35 SW USCLSS 35R 1.5K BU TF V,1.5,Trifasico 400V,0.6,,NBR (Nitrilo),,
VERDER-146_3_0239,Verderflex,146.3.0239,PERISTALTICA,PREMIUM,0.2646,5.292,163.15,6066.33,False,D35 Series 2  - SP Rotor D35 SW USCLSS 35R 1.5K CS TF V,1.5,Trifasico 400V,0.6,,CSM,,
VERDER-146_3_0253,Verderflex,146.3.0253,PERISTALTICA,PREMIUM,0.2646,5.292,163.15,6061.62,False,D35 Series 2  - SP Rotor D35 SW USCLSS 35R 1.5K FG TF V,1.5,Trifasico 400V,0.6,,NBRF,,
VERDER-146_3_0241,Verderflex,146.3.0241,PERISTALTICA,CALIDAD_PRECIO,0.2646,5.292,163.15,5835.78,False,D35 Series 2  - SP Rotor D35 SW USCLSS 47R 1.5K EP TF V,1.5,Trifasico 400V,0.6,,EPDM,,
VERDER-146_3_0243,Verderflex,146.3.0243,PERISTALTICA,PREMIUM,0.2646,5.292,163.15,6066.33,False,D35 Series 2  - SP Rotor D35 SW USCLSS 47R 1.5K CS TF V,1.5,Trifasico 400V,0.6,,CSM,,
VERDER-146_3_0244,Verderflex,146.3.0244,PERISTALTICA,PREMIUM,0.2646,5.292,163.15,6003.92,False,D35 Series 2  - SP Rotor D35 SW USCLSS 70R 2.2K NR TF V,1.5,Trifasico 400V,0.6,,NR,,
VERDER-146_3_0246,Verderflex,146.3.0246,PERISTALTICA,PREMIUM,0.2646,5.292,163.15,6003.92,False,D35 Series 2  - SP Rotor D35 SW USCLSS 70R 2.2K BU TF V,1.5,Trifasico 400V,0.6,,NBR (Nitrilo),,
VERDER-146_3_0247,Verderflex,146.3.0247,PERISTALTICA,PREMIUM,0.2646,5.292,163.15,6247.39,False,D35 Series 2  - SP Rotor D35 SW USCLSS 70R 2.2K CS TF V,1.5,Trifasico 400V,0.6,,CSM,,
VERDER-146_3_0324,Verderflex,146.3.0324,PERISTALTICA,CALIDAD_PRECIO,0.2646,5.292,163.15,5766.84,False,D35 SP Rotor with 2 Piece Flanges & PP Inserts D35 NW UCCLPP 11R0.55K NR TF V,1.5,Trifasico 400V,0.6,Polipropileno,NR,,
VERDER-146_3_0325,Verderflex,146.3.0325,PERISTALTICA,CALIDAD_PRECIO,0.2646,5.292,163.15,5766.84,False,D35 SP Rotor with 2 Piece Flanges & PP Inserts D35 NW UCCLPP 11R0.55K EP TF V,1.5,Trifasico 400V,0.6,Polipropileno,EPDM,,
VERDER-146_3_0326,Verderflex,146.3.0326,PERISTALTICA,CALIDAD_PRECIO,0.2646,5.292,163.15,5766.84,False,D35 SP Rotor with 2 Piece Flanges & PP Inserts D35 NW UCCLPP 11R0.55K BU TF V,1.5,Trifasico 400V,0.6,Polipropileno,NBR (Nitrilo),,
VERDER-146_3_0327,Verderflex,146.3.0327,PERISTALTICA,PREMIUM,0.2646,5.292,163.15,5975.76,False,D35 SP Rotor with 2 Piece Flanges & PP Inserts D35 NW UCCLPP 11R0.55K CS TF V,1.5,Trifasico 400V,0.6,Polipropileno,CSM,,
VERDER-146_3_0328,Verderflex,146.3.0328,PERISTALTICA,CALIDAD_PRECIO,0.2646,5.292,163.15,5835.78,False,D35 SP Rotor with 2 Piece Flanges & PP Inserts D35 NW UCCLPP 18R 1.1K NR TF V,1.5,Trifasico 400V,0.6,Polipropileno,NR,,
VERDER-146_3_0329,Verderflex,146.3.0329,PERISTALTICA,CALIDAD_PRECIO,0.2646,5.292,163.15,5835.78,False,D35 SP Rotor with 2 Piece Flanges & PP Inserts D35 NW UCCLPP 18R 1.1K EP TF V,1.5,Trifasico 400V,0.6,Polipropileno,EPDM,,
VERDER-146_3_0330,Verderflex,146.3.0330,PERISTALTICA,CALIDAD_PRECIO,0.2646,5.292,163.15,5835.78,False,D35 SP Rotor with 2 Piece Flanges & PP Inserts D35 NW UCCLPP 18R 1.1K BU TF V,1.5,Trifasico 400V,0.6,Polipropileno,NBR (Nitrilo),,
VERDER-146_3_0331,Verderflex,146.3.0331,PERISTALTICA,PREMIUM,0.2646,5.292,163.15,6065.45,False,D35 SP Rotor with 2 Piece Flanges & PP Inserts D35 NW UCCLPP 18R 1.1K CS TF V,1.5,Trifasico 400V,0.6,Polipropileno,CSM,,
VERDER-146_3_0332,Verderflex,146.3.0332,PERISTALTICA,CALIDAD_PRECIO,0.2646,5.292,163.15,5932.21,False,D35 SP Rotor with 2 Piece Flanges & PP Inserts D35 NW UCCLPP 28R 1.5K NR TF V,1.5,Trifasico 400V,0.6,Polipropileno,NR,,
VERDER-146_3_0333,Verderflex,146.3.0333,PERISTALTICA,CALIDAD_PRECIO,0.2646,5.292,163.15,5932.21,False,D35 SP Rotor with 2 Piece Flanges & PP Inserts D35 NW UCCLPP 28R 1.5K EP TF V,1.5,Trifasico 400V,0.6,Polipropileno,EPDM,,
VERDER-146_3_0334,Verderflex,146.3.0334,PERISTALTICA,CALIDAD_PRECIO,0.2646,5.292,163.15,5932.21,False,D35 SP Rotor with 2 Piece Flanges & PP Inserts D35 NW UCCLPP 28R 1.5K BU TF V,1.5,Trifasico 400V,0.6,Polipropileno,NBR (Nitrilo),,
VERDER-146_3_0335,Verderflex,146.3.0335,PERISTALTICA,PREMIUM,0.2646,5.292,163.15,6202.12,False,D35 SP Rotor with 2 Piece Flanges & PP Inserts D35 NW UCCLPP 28R 1.5K CS TF V,1.5,Trifasico 400V,0.6,Polipropileno,CSM,,
VERDER-146_3_0336,Verderflex,146.3.0336,PERISTALTICA,CALIDAD_PRECIO,0.2646,5.292,163.15,5835.78,False,D35 SP Rotor with 2 Piece Flanges & PP Inserts D35 SW UCCLPP 35R 1.5K NR TF V,1.5,Trifasico 400V,0.6,Polipropileno,NR,,
VERDER-146_3_0337,Verderflex,146.3.0337,PERISTALTICA,CALIDAD_PRECIO,0.2646,5.292,163.15,5835.78,False,D35 SP Rotor with 2 Piece Flanges & PP Inserts D35 SW UCCLPP 35R 1.5K EP TF V,1.5,Trifasico 400V,0.6,Polipropileno,EPDM,,
VERDER-146_3_0338,Verderflex,146.3.0338,PERISTALTICA,CALIDAD_PRECIO,0.2646,5.292,163.15,5835.78,False,D35 SP Rotor with 2 Piece Flanges & PP Inserts D35 SW UCCLPP 35R 1.5K BU TF V,1.5,Trifasico 400V,0.6,Polipropileno,NBR (Nitrilo),,
VERDER-146_3_0339,Verderflex,146.3.0339,PERISTALTICA,PREMIUM,0.2646,5.292,163.15,6066.33,False,D35 SP Rotor with 2 Piece Flanges & PP Inserts D35 SW UCCLPP 35R 1.5K CS TF V,1.5,Trifasico 400V,0.6,Polipropileno,CSM,,
VERDER-146_3_0340,Verderflex,146.3.0340,PERISTALTICA,CALIDAD_PRECIO,0.2646,5.292,163.15,5835.78,False,D35 SP Rotor with 2 Piece Flanges & PP Inserts D35 SW UCCLPP 47R 1.5K NR TF V,1.5,Trifasico 400V,0.6,Polipropileno,NR,,
VERDER-146_3_0342,Verderflex,146.3.0342,PERISTALTICA,CALIDAD_PRECIO,0.2646,5.292,163.15,5835.78,False,D35 SP Rotor with 2 Piece Flanges & PP Inserts D35 SW UCCLPP 47R 1.5K BU TF V,1.5,Trifasico 400V,0.6,Polipropileno,NBR (Nitrilo),,
VERDER-146_3_0343,Verderflex,146.3.0343,PERISTALTICA,PREMIUM,0.2646,5.292,163.15,6066.33,False,D35 SP Rotor with 2 Piece Flanges & PP Inserts D35 SW UCCLPP 47R 1.5K CS TF V,1.5,Trifasico 400V,0.6,Polipropileno,CSM,,
VERDER-146_3_0344,Verderflex,146.3.0344,PERISTALTICA,PREMIUM,0.2646,5.292,163.15,6003.92,False,D35 SP Rotor with 2 Piece Flanges & PP Inserts D35 SW UCCLPP 70R 2.2K NR TF V,1.5,Trifasico 400V,0.6,Polipropileno,NR,,
VERDER-146_3_0345,Verderflex,146.3.0345,PERISTALTICA,PREMIUM,0.2646,5.292,163.15,6003.92,False,D35 SP Rotor with 2 Piece Flanges & PP Inserts D35 SW UCCLPP 70R 2.2K EP TF V,1.5,Trifasico 400V,0.6,Polipropileno,EPDM,,
VERDER-146_3_0346,Verderflex,146.3.0346,PERISTALTICA,PREMIUM,0.2646,5.292,163.15,6003.92,False,D35 SP Rotor with 2 Piece Flanges & PP Inserts D35 SW UCCLPP 70R 2.2K BU TF V,1.5,Trifasico 400V,0.6,Polipropileno,NBR (Nitrilo),,
VERDER-146_3_0347,Verderflex,146.3.0347,PERISTALTICA,PREMIUM,0.2646,5.292,163.15,6247.39,False,D35 SP Rotor with 2 Piece Flanges & PP Inserts D35 SW UCCLPP 70R 2.2K CS TF V,1.5,Trifasico 400V,0.6,Polipropileno,CSM,,
VERDER-146_3_0425,Verderflex,146.3.0425,PERISTALTICA,PREMIUM,0.2646,5.292,163.15,6161.29,False,D35 SP Rotor with 2 Piece Flanges & PVDF Inserts D35 NW UCCLPV 11R0.55K EP TF V,1.5,Trifasico 400V,0.6,PVDF,EPDM,,
VERDER-146_3_0426,Verderflex,146.3.0426,PERISTALTICA,PREMIUM,0.2646,5.292,163.15,6161.29,False,D35 SP Rotor with 2 Piece Flanges & PVDF Inserts D35 NW UCCLPV 11R0.55K BU TF V,1.5,Trifasico 400V,0.6,PVDF,NBR (Nitrilo),,
VERDER-146_3_0427,Verderflex,146.3.0427,PERISTALTICA,PREMIUM,0.2646,5.292,163.15,6370.23,False,D35 SP Rotor with 2 Piece Flanges & PVDF Inserts D35 NW UCCLPV 11R0.55K CS TF V,1.5,Trifasico 400V,0.6,PVDF,CSM,,
VERDER-146_3_0429,Verderflex,146.3.0429,PERISTALTICA,PREMIUM,0.2646,5.292,163.15,6230.2,False,D35 SP Rotor with 2 Piece Flanges & PVDF Inserts D35 NW UCCLPV 18R 1.1K EP TF V,1.5,Trifasico 400V,0.6,PVDF,EPDM,,
VERDER-146_3_0430,Verderflex,146.3.0430,PERISTALTICA,PREMIUM,0.2646,5.292,163.15,6230.2,False,D35 SP Rotor with 2 Piece Flanges & PVDF Inserts D35 NW UCCLPV 18R 1.1K BU TF V,1.5,Trifasico 400V,0.6,PVDF,NBR (Nitrilo),,
VERDER-146_3_0431,Verderflex,146.3.0431,PERISTALTICA,PREMIUM,0.2646,5.292,163.15,6459.89,False,D35 SP Rotor with 2 Piece Flanges & PVDF Inserts D35 NW UCCLPV 18R 1.1K CS TF V,1.5,Trifasico 400V,0.6,PVDF,CSM,,
VERDER-146_3_0433,Verderflex,146.3.0433,PERISTALTICA,PREMIUM,0.2646,5.292,163.15,6326.72,False,D35 SP Rotor with 2 Piece Flanges & PVDF Inserts D35 NW UCCLPV 28R 1.5K EP TF V,1.5,Trifasico 400V,0.6,PVDF,EPDM,,
VERDER-146_3_0434,Verderflex,146.3.0434,PERISTALTICA,PREMIUM,0.2646,5.292,163.15,6326.72,False,D35 SP Rotor with 2 Piece Flanges & PVDF Inserts D35 NW UCCLPV 28R 1.5K BU TF V,1.5,Trifasico 400V,0.6,PVDF,NBR (Nitrilo),,
VERDER-146_3_0435,Verderflex,146.3.0435,PERISTALTICA,PREMIUM,0.2646,5.292,163.15,6596.58,False,D35 SP Rotor with 2 Piece Flanges & PVDF Inserts D35 NW UCCLPV 28R 1.5K CS TF V,1.5,Trifasico 400V,0.6,PVDF,CSM,,
VERDER-146_3_0437,Verderflex,146.3.0437,PERISTALTICA,PREMIUM,0.2646,5.292,163.15,6230.2,False,D35 SP Rotor with 2 Piece Flanges & PVDF Inserts D35 NW UCCLPV 35R 1.5K EP TF V,1.5,Trifasico 400V,0.6,PVDF,EPDM,,
VERDER-146_3_0438,Verderflex,146.3.0438,PERISTALTICA,PREMIUM,0.2646,5.292,163.15,6230.2,False,D35 SP Rotor with 2 Piece Flanges & PVDF Inserts D35 NW UCCLPV 35R 1.5K BU TF V,1.5,Trifasico 400V,0.6,PVDF,NBR (Nitrilo),,
VERDER-146_3_0439,Verderflex,146.3.0439,PERISTALTICA,PREMIUM,0.2646,5.292,163.15,6460.75,False,D35 SP Rotor with 2 Piece Flanges & PVDF Inserts D35 NW UCCLPV 35R 1.5K CS TF V,1.5,Trifasico 400V,0.6,PVDF,CSM,,
VERDER-146_3_0441,Verderflex,146.3.0441,PERISTALTICA,PREMIUM,0.2646,5.292,163.15,6230.2,False,D35 SP Rotor with 2 Piece Flanges & PVDF Inserts D35 NW UCCLPV 47R 1.5K EP TF V,1.5,Trifasico 400V,0.6,PVDF,EPDM,,
VERDER-146_3_0442,Verderflex,146.3.0442,PERISTALTICA,PREMIUM,0.2646,5.292,163.15,6230.2,False,D35 SP Rotor with 2 Piece Flanges & PVDF Inserts D35 NW UCCLPV 47R 1.5K BU TF V,1.5,Trifasico 400V,0.6,PVDF,NBR (Nitrilo),,
VERDER-146_3_0443,Verderflex,146.3.0443,PERISTALTICA,PREMIUM,0.2646,5.292,163.15,6460.75,False,D35 SP Rotor with 2 Piece Flanges & PVDF Inserts D35 NW UCCLPV 47R 1.5K CS TF V,1.5,Trifasico 400V,0.6,PVDF,CSM,,
VERDER-146_3_0445,Verderflex,146.3.0445,PERISTALTICA,PREMIUM,0.2646,5.292,163.15,6398.41,False,D35 SP Rotor with 2 Piece Flanges & PVDF Inserts D35 NW UCCLPV 70R 2.2K EP TF V,1.5,Trifasico 400V,0.6,PVDF,EPDM,,
VERDER-146_3_0446,Verderflex,146.3.0446,PERISTALTICA,PREMIUM,0.2646,5.292,163.15,6398.41,False,D35 SP Rotor with 2 Piece Flanges & PVDF Inserts D35 NW UCCLPV 70R 2.2K BU TF V,1.5,Trifasico 400V,0.6,PVDF,NBR (Nitrilo),,
VERDER-146_3_0447,Verderflex,146.3.0447,PERISTALTICA,PREMIUM,0.2646,5.292,163.15,6641.85,False,D35 SP Rotor with 2 Piece Flanges & PVDF Inserts D35 NW UCCLPV 70R 2.2K CS TF V,1.5,Trifasico 400V,0.6,PVDF,CSM,,
VERDER-146_4_0000,Verderflex,146.4.0000,PERISTALTICA,CALIDAD_PRECIO,0.612,12.24,163.15,7340.0,False,Standard DURA 45 pump selections with IEC IE2 50 Hz Motors D45 SP UIASSS 28R 3.0K NR TF,4.0,Trifasico 400V,0.6,,NR,,
VERDER-146_4_0001,Verderflex,146.4.0001,PERISTALTICA,CALIDAD_PRECIO,0.612,12.24,163.15,7340.0,False,Standard DURA 45 pump selections with IEC IE2 50 Hz Motors D45 SP UIASSS 28R 3.0K EP TF,4.0,Trifasico 400V,0.6,,EPDM,,
VERDER-146_4_0002,Verderflex,146.4.0002,PERISTALTICA,CALIDAD_PRECIO,0.612,12.24,163.15,7340.0,False,Standard DURA 45 pump selections with IEC IE2 50 Hz Motors D45 SP UIASSS 28R 3.0K BU TF,4.0,Trifasico 400V,0.6,,NBR (Nitrilo),,
VERDER-146_4_0003,Verderflex,146.4.0003,PERISTALTICA,CALIDAD_PRECIO,0.612,12.24,163.15,7340.0,False,Standard DURA 45 pump selections with IEC IE2 50 Hz Motors D45 SP UIASSS 28R 3.0K CS TF,4.0,Trifasico 400V,0.6,,CSM,,
VERDER-146_4_0004,Verderflex,146.4.0004,PERISTALTICA,CALIDAD_PRECIO,0.612,12.24,163.15,7340.0,False,Standard DURA 45 pump selections with IEC IE2 50 Hz Motors D45 SP UIASSS 28R 3.0K FG TF,4.0,Trifasico 400V,0.6,,NBRF,,
VERDER-146_4_0005,Verderflex,146.4.0005,PERISTALTICA,CALIDAD_PRECIO,0.612,12.24,163.15,7340.0,False,Standard DURA 45 pump selections with IEC IE2 50 Hz Motors D45 SP UIASSS 38R 4.0K NR TF,4.0,Trifasico 400V,0.6,,NR,,
VERDER-146_4_0006,Verderflex,146.4.0006,PERISTALTICA,CALIDAD_PRECIO,0.612,12.24,163.15,7340.0,False,Standard DURA 45 pump selections with IEC IE2 50 Hz Motors D45 SP UIASSS 38R 4.0K EP TF,4.0,Trifasico 400V,0.6,,EPDM,,
VERDER-146_4_0007,Verderflex,146.4.0007,PERISTALTICA,CALIDAD_PRECIO,0.612,12.24,163.15,7340.0,False,Standard DURA 45 pump selections with IEC IE2 50 Hz Motors D45 SP UIASSS 38R 4.0K BU TF,4.0,Trifasico 400V,0.6,,NBR (Nitrilo),,
VERDER-146_4_0008,Verderflex,146.4.0008,PERISTALTICA,CALIDAD_PRECIO,0.612,12.24,163.15,7340.0,False,Standard DURA 45 pump selections with IEC IE2 50 Hz Motors D45 SP UIASSS 38R 4.0K CS TF,4.0,Trifasico 400V,0.6,,CSM,,
VERDER-146_4_0009,Verderflex,146.4.0009,PERISTALTICA,CALIDAD_PRECIO,0.612,12.24,163.15,7340.0,False,Standard DURA 45 pump selections with IEC IE2 50 Hz Motors D45 SP UIASSS 38R 4.0K FG TF,4.0,Trifasico 400V,0.6,,NBRF,,
VERDER-146_4_0010,Verderflex,146.4.0010,PERISTALTICA,CALIDAD_PRECIO,0.612,12.24,163.15,7340.0,False,Standard DURA 45 pump selections with IEC IE2 50 Hz Motors D45 SP UIASSS 47R 4.0K NR TF,4.0,Trifasico 400V,0.6,,NR,,
VERDER-146_4_0011,Verderflex,146.4.0011,PERISTALTICA,CALIDAD_PRECIO,0.612,12.24,163.15,7340.0,False,Standard DURA 45 pump selections with IEC IE2 50 Hz Motors D45 SP UIASSS 47R 4.0K EP TF,4.0,Trifasico 400V,0.6,,EPDM,,
VERDER-146_4_0012,Verderflex,146.4.0012,PERISTALTICA,CALIDAD_PRECIO,0.612,12.24,163.15,7340.0,False,Standard DURA 45 pump selections with IEC IE2 50 Hz Motors D45 SP UIASSS 47R 4.0K BU TF,4.0,Trifasico 400V,0.6,,NBR (Nitrilo),,
VERDER-146_4_0013,Verderflex,146.4.0013,PERISTALTICA,CALIDAD_PRECIO,0.612,12.24,163.15,7340.0,False,Standard DURA 45 pump selections with IEC IE2 50 Hz Motors D45 SP UIASSS 47R 4.0K CS TF,4.0,Trifasico 400V,0.6,,CSM,,
VERDER-146_4_0014,Verderflex,146.4.0014,PERISTALTICA,CALIDAD_PRECIO,0.612,12.24,163.15,7340.0,False,Standard DURA 45 pump selections with IEC IE2 50 Hz Motors D45 SP UIASSS 47R 4.0K FG TF,4.0,Trifasico 400V,0.6,,NBRF,,
VERDER-146_4_0015,Verderflex,146.4.0015,PERISTALTICA,PREMIUM,0.612,12.24,163.15,7683.32,False,Standard DURA 45 pump selections with IEC IE2 50 Hz Motors D45 SP UIASSS 59R 5.5K NR TF,4.0,Trifasico 400V,0.6,,NR,,
VERDER-146_4_0016,Verderflex,146.4.0016,PERISTALTICA,PREMIUM,0.612,12.24,163.15,7683.32,False,Standard DURA 45 pump selections with IEC IE2 50 Hz Motors D45 SP UIASSS 59R 5.5K EP TF,4.0,Trifasico 400V,0.6,,EPDM,,
VERDER-146_4_0017,Verderflex,146.4.0017,PERISTALTICA,PREMIUM,0.612,12.24,163.15,7683.32,False,Standard DURA 45 pump selections with IEC IE2 50 Hz Motors D45 SP UIASSS 59R 5.5K BU TF,4.0,Trifasico 400V,0.6,,NBR (Nitrilo),,
VERDER-146_4_0018,Verderflex,146.4.0018,PERISTALTICA,PREMIUM,0.612,12.24,163.15,7683.32,False,Standard DURA 45 pump selections with IEC IE2 50 Hz Motors D45 SP UIASSS 59R 5.5K CS TF,4.0,Trifasico 400V,0.6,,CSM,,
VERDER-146_4_0019,Verderflex,146.4.0019,PERISTALTICA,PREMIUM,0.612,12.24,163.15,7944.88,False,Standard DURA 45 pump selections with IEC IE2 50 Hz Motors D45 SP UIASSS 79R 7.5K NR TF,4.0,Trifasico 400V,0.6,,NR,,
VERDER-146_4_0020,Verderflex,146.4.0020,PERISTALTICA,PREMIUM,0.612,12.24,163.15,7944.88,False,Standard DURA 45 pump selections with IEC IE2 50 Hz Motors D45 SP UIASSS 79R 7.5K EP TF,4.0,Trifasico 400V,0.6,,EPDM,,
VERDER-146_4_0021,Verderflex,146.4.0021,PERISTALTICA,PREMIUM,0.612,12.24,163.15,7944.88,False,Standard DURA 45 pump selections with IEC IE2 50 Hz Motors D45 SP UIASSS 79R 7.5K BU TF,4.0,Trifasico 400V,0.6,,NBR (Nitrilo),,
VERDER-146_4_0022,Verderflex,146.4.0022,PERISTALTICA,PREMIUM,0.612,12.24,163.15,7944.88,False,Standard DURA 45 pump selections with IEC IE2 50 Hz Motors D45 SP UIASSS 79R 7.5K CS TF,4.0,Trifasico 400V,0.6,,CSM,,
VERDER-146_4_0100,Verderflex,146.4.0100,PERISTALTICA,BARATA,0.612,12.24,163.15,7340.0,False,Dura 45 IEC PP INSERTS D45 SP UIASPP 28R 3.0K NR TF,4.0,Trifasico 400V,0.6,Polipropileno,NR,,
VERDER-146_4_0101,Verderflex,146.4.0101,PERISTALTICA,BARATA,0.612,12.24,163.15,7340.0,False,Dura 45 IEC PP INSERTS D45 SP UIASPP 28R 3.0K EP TF,4.0,Trifasico 400V,0.6,Polipropileno,EPDM,,
VERDER-146_4_0102,Verderflex,146.4.0102,PERISTALTICA,BARATA,0.612,12.24,163.15,7340.0,False,Dura 45 IEC PP INSERTS D45 SP UIASPP 28R 3.0K BU TF,4.0,Trifasico 400V,0.6,Polipropileno,NBR (Nitrilo),,
VERDER-146_4_0103,Verderflex,146.4.0103,PERISTALTICA,BARATA,0.612,12.24,163.15,7340.0,False,Dura 45 IEC PP INSERTS D45 SP UIASPP 28R 3.0K CS TF,4.0,Trifasico 400V,0.6,Polipropileno,CSM,,
VERDER-146_4_0105,Verderflex,146.4.0105,PERISTALTICA,BARATA,0.612,12.24,163.15,7340.0,False,Dura 45 IEC PP INSERTS D45 SP UIASPP 38R 4.0K NR TF,4.0,Trifasico 400V,0.6,Polipropileno,NR,,
VERDER-146_4_0106,Verderflex,146.4.0106,PERISTALTICA,BARATA,0.612,12.24,163.15,7340.0,False,Dura 45 IEC PP INSERTS D45 SP UIASPP 38R 4.0K EP TF,4.0,Trifasico 400V,0.6,Polipropileno,EPDM,,
VERDER-146_4_0107,Verderflex,146.4.0107,PERISTALTICA,BARATA,0.612,12.24,163.15,7340.0,False,Dura 45 IEC PP INSERTS D45 SP UIASPP 38R 4.0K BU TF,4.0,Trifasico 400V,0.6,Polipropileno,NBR (Nitrilo),,
VERDER-146_4_0108,Verderflex,146.4.0108,PERISTALTICA,BARATA,0.612,12.24,163.15,7340.0,False,Dura 45 IEC PP INSERTS D45 SP UIASPP 38R 4.0K CS TF,4.0,Trifasico 400V,0.6,Polipropileno,CSM,,
VERDER-146_4_0110,Verderflex,146.4.0110,PERISTALTICA,BARATA,0.612,12.24,163.15,7340.0,False,Dura 45 IEC PP INSERTS D45 SP UIASPP 47R 4.0K NR TF,4.0,Trifasico 400V,0.6,Polipropileno,NR,,
VERDER-146_4_0111,Verderflex,146.4.0111,PERISTALTICA,BARATA,0.612,12.24,163.15,7340.0,False,Dura 45 IEC PP INSERTS D45 SP UIASPP 47R 4.0K EP TF,4.0,Trifasico 400V,0.6,Polipropileno,EPDM,,
VERDER-146_4_0112,Verderflex,146.4.0112,PERISTALTICA,BARATA,0.612,12.24,163.15,7340.0,False,Dura 45 IEC PP INSERTS D45 SP UIASPP 47R 4.0K BU TF,4.0,Trifasico 400V,0.6,Polipropileno,NBR (Nitrilo),,
VERDER-146_4_0113,Verderflex,146.4.0113,PERISTALTICA,BARATA,0.612,12.24,163.15,7340.0,False,Dura 45 IEC PP INSERTS D45 SP UIASPP 47R 4.0K CS TF,4.0,Trifasico 400V,0.6,Polipropileno,CSM,,
VERDER-146_4_0115,Verderflex,146.4.0115,PERISTALTICA,PREMIUM,0.612,12.24,163.15,7683.32,False,Dura 45 IEC PP INSERTS D45 SP UIASPP 59R 5.5K NR TF,4.0,Trifasico 400V,0.6,Polipropileno,NR,,
VERDER-146_4_0116,Verderflex,146.4.0116,PERISTALTICA,PREMIUM,0.612,12.24,163.15,7683.32,False,Dura 45 IEC PP INSERTS D45 SP UIASPP 59R 5.5K EP TF,4.0,Trifasico 400V,0.6,Polipropileno,EPDM,,
VERDER-146_4_0117,Verderflex,146.4.0117,PERISTALTICA,PREMIUM,0.612,12.24,163.15,7683.32,False,Dura 45 IEC PP INSERTS D45 SP UIASPP 59R 5.5K BU TF,4.0,Trifasico 400V,0.6,Polipropileno,NBR (Nitrilo),,
VERDER-146_4_0118,Verderflex,146.4.0118,PERISTALTICA,PREMIUM,0.612,12.24,163.15,7683.32,False,Dura 45 IEC PP INSERTS D45 SP UIASPP 59R 5.5K CS TF,4.0,Trifasico 400V,0.6,Polipropileno,CSM,,
VERDER-146_4_0119,Verderflex,146.4.0119,PERISTALTICA,PREMIUM,0.612,12.24,163.15,7944.88,False,Dura 45 IEC PP INSERTS D45 SP UIASPP 79R 7.5K NR TF,4.0,Trifasico 400V,0.6,Polipropileno,NR,,
VERDER-146_4_0120,Verderflex,146.4.0120,PERISTALTICA,PREMIUM,0.612,12.24,163.15,7944.88,False,Dura 45 IEC PP INSERTS D45 SP UIASPP 79R 7.5K EP TF,4.0,Trifasico 400V,0.6,Polipropileno,EPDM,,
VERDER-146_4_0121,Verderflex,146.4.0121,PERISTALTICA,PREMIUM,0.612,12.24,163.15,7944.88,False,Dura 45 IEC PP INSERTS D45 SP UIASPP 79R 7.5K BU TF,4.0,Trifasico 400V,0.6,Polipropileno,NBR (Nitrilo),,
VERDER-146_4_0122,Verderflex,146.4.0122,PERISTALTICA,PREMIUM,0.612,12.24,163.15,7944.88,False,Dura 45 IEC PP INSERTS D45 SP UIASPP 79R 7.5K CS TF,4.0,Trifasico 400V,0.6,Polipropileno,CSM,,
VERDER-146_4_0201,Verderflex,146.4.0201,PERISTALTICA,PREMIUM,0.612,12.24,163.15,7748.7,False,Dura 45 IEC PV INSERTS D45 NP UIASPV 28R 3.0K EP TF,4.0,Trifasico 400V,0.6,,EPDM,,
VERDER-146_4_0202,Verderflex,146.4.0202,PERISTALTICA,PREMIUM,0.612,12.24,163.15,7748.7,False,Dura 45 IEC PV INSERTS D45 NP UIASPV 28R 3.0K BU TF,4.0,Trifasico 400V,0.6,,NBR (Nitrilo),,
VERDER-146_4_0203,Verderflex,146.4.0203,PERISTALTICA,PREMIUM,0.612,12.24,163.15,7748.7,False,Dura 45 IEC PV INSERTS D45 NP UIASPV 28R 3.0K CS TF,4.0,Trifasico 400V,0.6,,CSM,,
VERDER-146_4_0206,Verderflex,146.4.0206,PERISTALTICA,PREMIUM,0.612,12.24,163.15,7748.7,False,Dura 45 IEC PV INSERTS D45 NP UIASPV 38R 4.0K EP TF,4.0,Trifasico 400V,0.6,,EPDM,,
VERDER-146_4_0207,Verderflex,146.4.0207,PERISTALTICA,PREMIUM,0.612,12.24,163.15,7748.7,False,Dura 45 IEC PV INSERTS D45 NP UIASPV 38R 4.0K BU TF,4.0,Trifasico 400V,0.6,,NBR (Nitrilo),,
VERDER-146_4_0208,Verderflex,146.4.0208,PERISTALTICA,PREMIUM,0.612,12.24,163.15,7748.7,False,Dura 45 IEC PV INSERTS D45 NP UIASPV 38R 4.0K CS TF,4.0,Trifasico 400V,0.6,,CSM,,
VERDER-146_4_0211,Verderflex,146.4.0211,PERISTALTICA,PREMIUM,0.612,12.24,163.15,7748.7,False,Dura 45 IEC PV INSERTS D45 NP UIASPV 47R 4.0K EP TF,4.0,Trifasico 400V,0.6,,EPDM,,
VERDER-146_4_0212,Verderflex,146.4.0212,PERISTALTICA,PREMIUM,0.612,12.24,163.15,7748.7,False,Dura 45 IEC PV INSERTS D45 NP UIASPV 47R 4.0K BU TF,4.0,Trifasico 400V,0.6,,NBR (Nitrilo),,
VERDER-146_4_0213,Verderflex,146.4.0213,PERISTALTICA,PREMIUM,0.612,12.24,163.15,7748.7,False,Dura 45 IEC PV INSERTS D45 NP UIASPV 47R 4.0K CS TF,4.0,Trifasico 400V,0.6,,CSM,,
VERDER-146_4_0216,Verderflex,146.4.0216,PERISTALTICA,PREMIUM,0.612,12.24,163.15,8092.01,False,Dura 45 IEC PV INSERTS D45 NP UIASPV 59R 5.5K EP TF,4.0,Trifasico 400V,0.6,,EPDM,,
VERDER-146_4_0217,Verderflex,146.4.0217,PERISTALTICA,PREMIUM,0.612,12.24,163.15,8092.01,False,Dura 45 IEC PV INSERTS D45 NP UIASPV 59R 5.5K BU TF,4.0,Trifasico 400V,0.6,,NBR (Nitrilo),,
VERDER-146_4_0218,Verderflex,146.4.0218,PERISTALTICA,PREMIUM,0.612,12.24,163.15,8092.01,False,Dura 45 IEC PV INSERTS D45 NP UIASPV 59R 5.5K CS TF,4.0,Trifasico 400V,0.6,,CSM,,
VERDER-146_4_0220,Verderflex,146.4.0220,PERISTALTICA,PREMIUM,0.612,12.24,163.15,8353.56,False,Dura 45 IEC PV INSERTS D45 NP UIASPV 79R 7.5K EP TF,4.0,Trifasico 400V,0.6,,EPDM,,
VERDER-146_4_0221,Verderflex,146.4.0221,PERISTALTICA,PREMIUM,0.612,12.24,163.15,8353.56,False,Dura 45 IEC PV INSERTS D45 NP UIASPV 79R 7.5K BU TF,4.0,Trifasico 400V,0.6,,NBR (Nitrilo),,
VERDER-146_4_0222,Verderflex,146.4.0222,PERISTALTICA,PREMIUM,0.612,12.24,163.15,8353.56,False,Dura 45 IEC PV INSERTS D45 NP UIASPV 79R 7.5K CS TF,4.0,Trifasico 400V,0.6,,CSM,,
VERDER-146_5_0022,Verderflex,146.5.0022,PERISTALTICA,CALIDAD_PRECIO,0.765,15.3,81.58,9849.36,False,D55 with 1 Piece 316 Stainless Steel Flange D55 NP USASSS 19R 2.2K NR TF,7.5,Trifasico 400V,0.6,Acero inoxidable,True,,
VERDER-146_5_0023,Verderflex,146.5.0023,PERISTALTICA,CALIDAD_PRECIO,0.765,15.3,81.58,9849.36,False,D55 with 1 Piece 316 Stainless Steel Flange D55 NP USASSS 19R 2.2K EP TF,7.5,Trifasico 400V,0.6,Acero inoxidable,EPDM,,
VERDER-146_5_0024,Verderflex,146.5.0024,PERISTALTICA,CALIDAD_PRECIO,0.765,15.3,81.58,9849.36,False,D55 with 1 Piece 316 Stainless Steel Flange D55 NP USASSS 19R 2.2K BU TF,7.5,Trifasico 400V,0.6,Acero inoxidable,NBR (Nitrilo),,
VERDER-146_5_0025,Verderflex,146.5.0025,PERISTALTICA,PREMIUM,0.765,15.3,81.58,10812.06,False,D55 with 1 Piece 316 Stainless Steel Flange D55 NP USASSS 19R 2.2K CS TF,7.5,Trifasico 400V,0.6,Acero inoxidable,CSM,,
VERDER-146_5_0026,Verderflex,146.5.0026,PERISTALTICA,PREMIUM,0.765,15.3,81.58,10145.58,False,D55 with 1 Piece 316 Stainless Steel Flange D55 NP USASSS 19R 2.2K FG TF,7.5,Trifasico 400V,0.6,Acero inoxidable,NBRF,,
VERDER-146_5_0027,Verderflex,146.5.0027,PERISTALTICA,BARATA,0.765,15.3,81.58,9849.36,False,D55 with 1 Piece 316 Stainless Steel Flange D55 NP USASSS 19R 3.0K NR TF,7.5,Trifasico 400V,0.6,Acero inoxidable,NR,,
VERDER-146_5_0028,Verderflex,146.5.0028,PERISTALTICA,BARATA,0.765,15.3,81.58,9849.36,False,D55 with 1 Piece 316 Stainless Steel Flange D55 NP USASSS 19R 3.0K EP TF,7.5,Trifasico 400V,0.6,Acero inoxidable,EPDM,,
VERDER-146_5_0029,Verderflex,146.5.0029,PERISTALTICA,BARATA,0.765,15.3,81.58,9849.36,False,D55 with 1 Piece 316 Stainless Steel Flange D55 NP USASSS 19R 3.0K BU TF,7.5,Trifasico 400V,0.6,Acero inoxidable,NBR (Nitrilo),,
VERDER-146_5_0030,Verderflex,146.5.0030,PERISTALTICA,PREMIUM,0.765,15.3,81.58,10812.06,False,D55 with 1 Piece 316 Stainless Steel Flange D55 NP USASSS 19R 3.0K CS TF,7.5,Trifasico 400V,0.6,Acero inoxidable,CSM,,
VERDER-146_5_0049,Verderflex,146.5.0049,PERISTALTICA,PREMIUM,0.765,15.3,81.58,10198.92,False,D55 with 1 Piece 316 Stainless Steel Flange D55 SP USASSS 28R 4.0K EP TF,7.5,Trifasico 400V,0.6,Acero inoxidable,EPDM,,
VERDER-146_5_0050,Verderflex,146.5.0050,PERISTALTICA,PREMIUM,0.765,15.3,81.58,10198.92,False,D55 with 1 Piece 316 Stainless Steel Flange D55 SP USASSS 28R 4.0K BU TF,7.5,Trifasico 400V,0.6,Acero inoxidable,NBR (Nitrilo),,
VERDER-146_5_0051,Verderflex,146.5.0051,PERISTALTICA,PREMIUM,0.765,15.3,81.58,11332.12,False,D55 with 1 Piece 316 Stainless Steel Flange D55 SP USASSS 28R 4.0K CS TF,7.5,Trifasico 400V,0.6,Acero inoxidable,CSM,,
VERDER-146_5_0052,Verderflex,146.5.0052,PERISTALTICA,PREMIUM,0.765,15.3,81.58,10603.63,False,D55 with 1 Piece 316 Stainless Steel Flange D55 SP USASSS 28R 4.0K FG TF,7.5,Trifasico 400V,0.6,Acero inoxidable,NBRF,,
VERDER-146_5_0066,Verderflex,146.5.0066,PERISTALTICA,PREMIUM,0.765,15.3,81.58,10522.75,False,D55 with 1 Piece 316 Stainless Steel Flange D55 SP USASSS 47R 7.5K NR TF,7.5,Trifasico 400V,0.6,Acero inoxidable,NR,,
VERDER-146_5_0067,Verderflex,146.5.0067,PERISTALTICA,PREMIUM,0.765,15.3,81.58,10522.75,False,D55 with 1 Piece 316 Stainless Steel Flange D55 SP USASSS 47R 7.5K EP TF,7.5,Trifasico 400V,0.6,Acero inoxidable,EPDM,,
VERDER-146_5_0069,Verderflex,146.5.0069,PERISTALTICA,PREMIUM,0.765,15.3,81.58,11655.9,False,D55 with 1 Piece 316 Stainless Steel Flange D55 SP USASSS 47R 7.5K CS TF,7.5,Trifasico 400V,0.6,Acero inoxidable,CSM,,
VERDER-146_5_0122,Verderflex,146.5.0122,PERISTALTICA,BARATA,0.765,15.3,81.58,9849.36,False,D55 with  Stainless Steel Flange and PP Insert D55 NP UIASPP 19R 2.2K NR TF,7.5,Trifasico 400V,0.6,Acero inoxidable / Polipropileno,NR,,
VERDER-146_5_0123,Verderflex,146.5.0123,PERISTALTICA,BARATA,0.765,15.3,81.58,9849.36,False,D55 with  Stainless Steel Flange and PP Insert D55 NP UIASPP 19R 2.2K EP TF,7.5,Trifasico 400V,0.6,Acero inoxidable / Polipropileno,EPDM,,
VERDER-146_5_0124,Verderflex,146.5.0124,PERISTALTICA,BARATA,0.765,15.3,81.58,9849.36,False,D55 with  Stainless Steel Flange and PP Insert D55 NP UIASPP 19R 2.2K BU TF,7.5,Trifasico 400V,0.6,Acero inoxidable / Polipropileno,NBR (Nitrilo),,
VERDER-146_5_0125,Verderflex,146.5.0125,PERISTALTICA,PREMIUM,0.765,15.3,81.58,10812.06,False,D55 with  Stainless Steel Flange and PP Insert D55 NP UIASPP 19R 2.2K CS TF,7.5,Trifasico 400V,0.6,Acero inoxidable / Polipropileno,CSM,,
VERDER-146_5_0127,Verderflex,146.5.0127,PERISTALTICA,BARATA,0.765,15.3,81.58,9849.36,False,D55 with  Stainless Steel Flange and PP Insert D55 NP UIASPP 19R 3.0K NR TF,7.5,Trifasico 400V,0.6,Acero inoxidable / Polipropileno,NR,,
VERDER-146_5_0128,Verderflex,146.5.0128,PERISTALTICA,BARATA,0.765,15.3,81.58,9849.36,False,D55 with  Stainless Steel Flange and PP Insert D55 NP UIASPP 19R 3.0K EP TF,7.5,Trifasico 400V,0.6,Acero inoxidable / Polipropileno,EPDM,,
VERDER-146_5_0129,Verderflex,146.5.0129,PERISTALTICA,BARATA,0.765,15.3,81.58,9849.36,False,D55 with  Stainless Steel Flange and PP Insert D55 NP UIASPP 19R 3.0K BU TF,7.5,Trifasico 400V,0.6,Acero inoxidable / Polipropileno,NBR (Nitrilo),,
VERDER-146_5_0130,Verderflex,146.5.0130,PERISTALTICA,PREMIUM,0.765,15.3,81.58,10812.06,False,D55 with  Stainless Steel Flange and PP Insert D55 NP UIASPP 19R 3.0K CS TF,7.5,Trifasico 400V,0.6,Acero inoxidable / Polipropileno,CSM,,
VERDER-146_5_0148,Verderflex,146.5.0148,PERISTALTICA,CALIDAD_PRECIO,0.765,15.3,81.58,10198.92,False,D55 with  Stainless Steel Flange and PP Insert D55 SP UIASPP 28R 4.0K NR TF,7.5,Trifasico 400V,0.6,Acero inoxidable / Polipropileno,NR,,
VERDER-146_5_0149,Verderflex,146.5.0149,PERISTALTICA,CALIDAD_PRECIO,0.765,15.3,81.58,10198.92,False,D55 with  Stainless Steel Flange and PP Insert D55 SP UIASPP 28R 4.0K EP TF,7.5,Trifasico 400V,0.6,Acero inoxidable / Polipropileno,EPDM,,
VERDER-146_5_0150,Verderflex,146.5.0150,PERISTALTICA,CALIDAD_PRECIO,0.765,15.3,81.58,10198.92,False,D55 with  Stainless Steel Flange and PP Insert D55 SP UIASPP 28R 4.0K BU TF,7.5,Trifasico 400V,0.6,Acero inoxidable / Polipropileno,NBR (Nitrilo),,
VERDER-146_5_0151,Verderflex,146.5.0151,PERISTALTICA,PREMIUM,0.765,15.3,81.58,11332.12,False,D55 with  Stainless Steel Flange and PP Insert D55 SP UIASPP 28R 4.0K CS TF,7.5,Trifasico 400V,0.6,Acero inoxidable / Polipropileno,CSM,,
VERDER-146_5_0166,Verderflex,146.5.0166,PERISTALTICA,PREMIUM,0.765,15.3,81.58,10522.75,False,D55 with  Stainless Steel Flange and PP Insert D55 SP UIASPP 47R 7.5K NR TF,7.5,Trifasico 400V,0.6,Acero inoxidable / Polipropileno,NR,,
VERDER-146_5_0168,Verderflex,146.5.0168,PERISTALTICA,CALIDAD_PRECIO,0.765,15.3,81.58,10522.75,False,D55 with  Stainless Steel Flange and PP Insert D55 SP UIASPP 47R 7.5K BU TF,7.5,Trifasico 400V,0.6,Acero inoxidable / Polipropileno,NBR (Nitrilo),,
VERDER-146_5_0169,Verderflex,146.5.0169,PERISTALTICA,PREMIUM,0.765,15.3,81.58,11655.9,False,D55 with  Stainless Steel Flange and PP Insert D55 SP UIASPP 47R 7.5K CS TF,7.5,Trifasico 400V,0.6,Acero inoxidable / Polipropileno,CSM,,
VERDER-146_5_0222,Verderflex,146.5.0222,PERISTALTICA,PREMIUM,0.765,15.3,81.58,11244.42,False,D55 with  Stainless Steel Flange and PVDF Insert D55 NP UIASPV 19R 2.2K NR TF,7.5,Trifasico 400V,0.6,Acero inoxidable / PVDF,NR,,
VERDER-146_5_0223,Verderflex,146.5.0223,PERISTALTICA,PREMIUM,0.765,15.3,81.58,11244.42,False,D55 with  Stainless Steel Flange and PVDF Insert D55 NP UIASPV 19R 2.2K EP TF,7.5,Trifasico 400V,0.6,Acero inoxidable / PVDF,EPDM,,
VERDER-146_5_0224,Verderflex,146.5.0224,PERISTALTICA,PREMIUM,0.765,15.3,81.58,11244.42,False,D55 with  Stainless Steel Flange and PVDF Insert D55 NP UIASPV 19R 2.2K BU TF,7.5,Trifasico 400V,0.6,Acero inoxidable / PVDF,NBR (Nitrilo),,
VERDER-146_5_0225,Verderflex,146.5.0225,PERISTALTICA,PREMIUM,0.765,15.3,81.58,12360.88,False,D55 with  Stainless Steel Flange and PVDF Insert D55 NP UIASPV 19R 2.2K CS TF,7.5,Trifasico 400V,0.6,Acero inoxidable / PVDF,CSM,,
VERDER-146_5_0227,Verderflex,146.5.0227,PERISTALTICA,PREMIUM,0.765,15.3,81.58,11244.42,False,D55 with  Stainless Steel Flange and PVDF Insert D55 NP UIASPV 19R 3.0K NR TF,7.5,Trifasico 400V,0.6,Acero inoxidable / PVDF,NR,,
VERDER-146_5_0228,Verderflex,146.5.0228,PERISTALTICA,PREMIUM,0.765,15.3,81.58,11244.42,False,D55 with  Stainless Steel Flange and PVDF Insert D55 NP UIASPV 19R 3.0K EP TF,7.5,Trifasico 400V,0.6,Acero inoxidable / PVDF,EPDM,,
VERDER-146_5_0229,Verderflex,146.5.0229,PERISTALTICA,PREMIUM,0.765,15.3,81.58,11244.42,False,D55 with  Stainless Steel Flange and PVDF Insert D55 NP UIASPV 19R 3.0K BU TF,7.5,Trifasico 400V,0.6,Acero inoxidable / PVDF,NBR (Nitrilo),,
VERDER-146_5_0230,Verderflex,146.5.0230,PERISTALTICA,PREMIUM,0.765,15.3,81.58,12360.88,False,D55 with  Stainless Steel Flange and PVDF Insert D55 NP UIASPV 19R 3.0K CS TF,7.5,Trifasico 400V,0.6,Acero inoxidable / PVDF,CSM,,
VERDER-146_5_0248,Verderflex,146.5.0248,PERISTALTICA,PREMIUM,0.765,15.3,81.58,11324.16,False,D55 with  Stainless Steel Flange and PVDF Insert D55 NP UIASPV 28R 4.0K NR TF,7.5,Trifasico 400V,0.6,Acero inoxidable / PVDF,NR,,
VERDER-146_5_0249,Verderflex,146.5.0249,PERISTALTICA,PREMIUM,0.765,15.3,81.58,11324.16,False,D55 with  Stainless Steel Flange and PVDF Insert D55 NP UIASPV 28R 4.0K EP TF,7.5,Trifasico 400V,0.6,Acero inoxidable / PVDF,EPDM,,
VERDER-146_5_0250,Verderflex,146.5.0250,PERISTALTICA,PREMIUM,0.765,15.3,81.58,11324.16,False,D55 with  Stainless Steel Flange and PVDF Insert D55 NP UIASPV 28R 4.0K BU TF,7.5,Trifasico 400V,0.6,Acero inoxidable / PVDF,NBR (Nitrilo),,
VERDER-146_5_0251,Verderflex,146.5.0251,PERISTALTICA,PREMIUM,0.765,15.3,81.58,12440.63,False,D55 with  Stainless Steel Flange and PVDF Insert D55 NP UIASPV 28R 4.0K CS TF,7.5,Trifasico 400V,0.6,Acero inoxidable / PVDF,CSM,,
VERDER-146_5_0266,Verderflex,146.5.0266,PERISTALTICA,PREMIUM,0.765,15.3,81.58,11643.15,False,D55 with  Stainless Steel Flange and PVDF Insert D55 NP UIASPV 47R 7.5K NR TF,7.5,Trifasico 400V,0.6,Acero inoxidable / PVDF,NR,,
VERDER-146_5_0267,Verderflex,146.5.0267,PERISTALTICA,PREMIUM,0.765,15.3,81.58,11643.15,False,D55 with  Stainless Steel Flange and PVDF Insert D55 NP UIASPV 47R 7.5K EP TF,7.5,Trifasico 400V,0.6,Acero inoxidable / PVDF,EPDM,,
VERDER-146_5_0268,Verderflex,146.5.0268,PERISTALTICA,PREMIUM,0.765,15.3,81.58,11643.15,False,D55 with  Stainless Steel Flange and PVDF Insert D55 NP UIASPV 47R 7.5K BU TF,7.5,Trifasico 400V,0.6,Acero inoxidable / PVDF,NBR (Nitrilo),,
VERDER-146_5_0269,Verderflex,146.5.0269,PERISTALTICA,PREMIUM,0.765,15.3,81.58,12759.62,False,D55 with  Stainless Steel Flange and PVDF Insert D55 NP UIASPV 47R 7.5K CS TF,7.5,Trifasico 400V,0.6,Acero inoxidable / PVDF,CSM,,
VERDER-139_1019,Verderflex,139.1019,PERISTALTICA,BARATA,0.765,15.3,81.58,235.15,False,DURA 55 Spares D55 INSPECTION WINDOW,7.5,Trifasico 400V,0.6,,INSPECTION WINDOW,,
VERDER-146_5_2000,Verderflex,146.5.2000,PERISTALTICA,PREMIUM,0.825,16.5,163.15,10900.34,False,D60 with 1 Piece 316 Stainless Steel Flange D60 NP USASSS 10R 1.1K NR TF,,Trifasico 400V,0.6,Acero inoxidable,NR,,
VERDER-146_5_2001,Verderflex,146.5.2001,PERISTALTICA,PREMIUM,0.825,16.5,163.15,10917.57,False,D60 with 1 Piece 316 Stainless Steel Flange D60 NP USASSS 10R 1.1K EP TF,,Trifasico 400V,0.6,Acero inoxidable,EPDM,,
VERDER-146_5_2002,Verderflex,146.5.2002,PERISTALTICA,PREMIUM,0.825,16.5,163.15,12348.94,False,D60 with 1 Piece 316 Stainless Steel Flange D60 NP USASSS 10R 1.5K NR TF,,Trifasico 400V,0.6,Acero inoxidable,NR,,
VERDER-146_5_2003,Verderflex,146.5.2003,PERISTALTICA,PREMIUM,0.825,16.5,163.15,12366.16,False,D60 with 1 Piece 316 Stainless Steel Flange D60 NP USASSS 10R 1.5K EP TF,,Trifasico 400V,0.6,Acero inoxidable,EPDM,,
VERDER-146_5_2004,Verderflex,146.5.2004,PERISTALTICA,CALIDAD_PRECIO,0.825,16.5,163.15,10494.58,False,D60 with 1 Piece 316 Stainless Steel Flange D60 NP USASSS 10R 2.2K NR TF,,Trifasico 400V,0.6,Acero inoxidable,NR,,
VERDER-146_5_2005,Verderflex,146.5.2005,PERISTALTICA,CALIDAD_PRECIO,0.825,16.5,163.15,10494.58,False,D60 with 1 Piece 316 Stainless Steel Flange D60 NP USASSS 10R 2.2K EP TF,,Trifasico 400V,0.6,Acero inoxidable,EPDM,,
VERDER-146_5_2006,Verderflex,146.5.2006,PERISTALTICA,PREMIUM,0.825,16.5,163.15,11512.36,False,D60 with 1 Piece 316 Stainless Steel Flange D60 NP USASSS 14R 1.5K NR TF,,Trifasico 400V,0.6,Acero inoxidable,NR,,
VERDER-146_5_2007,Verderflex,146.5.2007,PERISTALTICA,PREMIUM,0.825,16.5,163.15,11529.61,False,D60 with 1 Piece 316 Stainless Steel Flange D60 NP USASSS 14R 1.5K EP TF,,Trifasico 400V,0.6,Acero inoxidable,EPDM,,
VERDER-146_5_2008,Verderflex,146.5.2008,PERISTALTICA,PREMIUM,0.825,16.5,163.15,11079.57,False,D60 with 1 Piece 316 Stainless Steel Flange D60 NP USAMSS 14R 2.2K NR TF,,Trifasico 400V,0.6,Acero inoxidable,NR,,
VERDER-146_5_2009,Verderflex,146.5.2009,PERISTALTICA,PREMIUM,0.825,16.5,163.15,11096.8,False,D60 with 1 Piece 316 Stainless Steel Flange D60 NP USASSS 14R 2.2K EP TF,,Trifasico 400V,0.6,Acero inoxidable,EPDM,,
VERDER-146_5_2010,Verderflex,146.5.2010,PERISTALTICA,CALIDAD_PRECIO,0.825,16.5,163.15,10961.95,False,D60 with 1 Piece 316 Stainless Steel Flange D60 NP USASS 14R 3.0K NR TF,,Trifasico 400V,0.6,Acero inoxidable,0,,
VERDER-146_5_2011,Verderflex,146.5.2011,PERISTALTICA,CALIDAD_PRECIO,0.825,16.5,163.15,10979.18,False,D60 with 1 Piece 316 Stainless Steel Flange D60 NP USALSS 14R 2.2K EP TF,,Trifasico 400V,0.6,Acero inoxidable,EPDM,,
VERDER-146_5_2012,Verderflex,146.5.2012,PERISTALTICA,CALIDAD_PRECIO,0.825,16.5,163.15,10721.44,False,D60 with 1 Piece 316 Stainless Steel Flange D60 NP USALSS 19R 2.2K NR TF,,Trifasico 400V,0.6,Acero inoxidable,NR,,
VERDER-146_5_2013,Verderflex,146.5.2013,PERISTALTICA,CALIDAD_PRECIO,0.825,16.5,163.15,10738.68,False,D60 with 1 Piece 316 Stainless Steel Flange D60 NP USALSS 19R 2.2K EP TF,,Trifasico 400V,0.6,Acero inoxidable,EPDM,,
VERDER-146_5_2014,Verderflex,146.5.2014,PERISTALTICA,CALIDAD_PRECIO,0.825,16.5,163.15,10821.76,False,D60 with 1 Piece 316 Stainless Steel Flange D60 NP USAMSS 19R 3.0K NR TF,,Trifasico 400V,0.6,Acero inoxidable,NR,,
VERDER-146_5_2015,Verderflex,146.5.2015,PERISTALTICA,CALIDAD_PRECIO,0.825,16.5,163.15,10838.98,False,D60 with 1 Piece 316 Stainless Steel Flange D60 NP USAMSS 19R 3.0K EP TF,,Trifasico 400V,0.6,Acero inoxidable,EPDM,,
VERDER-146_5_2016,Verderflex,146.5.2016,PERISTALTICA,PREMIUM,0.825,16.5,163.15,12350.74,False,D60 with 1 Piece 316 Stainless Steel Flange D60 NP USASS 19R 5.5K NR TF,,Trifasico 400V,0.6,Acero inoxidable,0,,
VERDER-146_5_2017,Verderflex,146.5.2017,PERISTALTICA,PREMIUM,0.825,16.5,163.15,12367.98,False,D60 with 1 Piece 316 Stainless Steel Flange D60 NP USASS 19R 5.5K EP TF,,Trifasico 400V,0.6,Acero inoxidable,0,,
VERDER-146_5_2018,Verderflex,146.5.2018,PERISTALTICA,CALIDAD_PRECIO,0.825,16.5,163.15,10821.76,False,D60 with 1 Piece 316 Stainless Steel Flange D60 NP USALSS 23R 2.2K NR TF,,Trifasico 400V,0.6,Acero inoxidable,NR,,
VERDER-146_5_2019,Verderflex,146.5.2019,PERISTALTICA,CALIDAD_PRECIO,0.825,16.5,163.15,10838.98,False,D60 with 1 Piece 316 Stainless Steel Flange D60 NP USASSS 23R 2.2K EP TF,,Trifasico 400V,0.6,Acero inoxidable,EPDM,,
VERDER-146_5_2020,Verderflex,146.5.2020,PERISTALTICA,CALIDAD_PRECIO,0.825,16.5,163.15,10961.95,False,D60 with 1 Piece 316 Stainless Steel Flange D60 NP USASSS 23R 4.0K NR TF,,Trifasico 400V,0.6,Acero inoxidable,NR,,
VERDER-146_5_2021,Verderflex,146.5.2021,PERISTALTICA,PREMIUM,0.825,16.5,163.15,10979.18,False,D60 with 1 Piece 316 Stainless Steel Flange D60 NP USASSS 23R 4.0K EP TF,,Trifasico 400V,0.6,Acero inoxidable,EPDM,,
VERDER-146_5_2022,Verderflex,146.5.2022,PERISTALTICA,PREMIUM,0.825,16.5,163.15,11954.97,False,D60 with 1 Piece 316 Stainless Steel Flange D60 NP USASSS 23R 5.5K NR TF,,Trifasico 400V,0.6,Acero inoxidable,NR,,
VERDER-146_5_2023,Verderflex,146.5.2023,PERISTALTICA,PREMIUM,0.825,16.5,163.15,11972.21,False,D60 with 1 Piece 316 Stainless Steel Flange D60 NP USASSS 23R 5.5K EP TF,,Trifasico 400V,0.6,Acero inoxidable,EPDM,,
VERDER-146_5_2024,Verderflex,146.5.2024,PERISTALTICA,BARATA,0.825,16.5,163.15,10821.76,False,D60 with 1 Piece 316 Stainless Steel Flange D60 SP USALSS 28R 3.0K NR TF,,Trifasico 400V,0.6,Acero inoxidable,NR,,
VERDER-146_5_2025,Verderflex,146.5.2025,PERISTALTICA,CALIDAD_PRECIO,0.825,16.5,163.15,10838.98,False,D60 with 1 Piece 316 Stainless Steel Flange D60 SP USALSS 28R 3.0K EP TF,,Trifasico 400V,0.6,Acero inoxidable,EPDM,,
VERDER-146_5_2026,Verderflex,146.5.2026,PERISTALTICA,PREMIUM,0.825,16.5,163.15,11185.99,False,D60 with 1 Piece 316 Stainless Steel Flange D60 SP USAMSS 27R 5.5K NR TF,,Trifasico 400V,0.6,Acero inoxidable,NR,,
VERDER-146_5_2027,Verderflex,146.5.2027,PERISTALTICA,PREMIUM,0.825,16.5,163.15,11203.23,False,D60 with 1 Piece 316 Stainless Steel Flange D60 SP USAMSS 27R 5.5K EP TF,,Trifasico 400V,0.6,Acero inoxidable,EPDM,,
VERDER-146_5_2028,Verderflex,146.5.2028,PERISTALTICA,PREMIUM,0.825,16.5,163.15,12317.73,False,D60 with 1 Piece 316 Stainless Steel Flange D60 SP USASSS 27R 7.5K NR TF,,Trifasico 400V,0.6,Acero inoxidable,NR,,
VERDER-146_5_2029,Verderflex,146.5.2029,PERISTALTICA,PREMIUM,0.825,16.5,163.15,12334.96,False,D60 with 1 Piece 316 Stainless Steel Flange D60 SP USASSS 27R 7.5K EP TF,,Trifasico 400V,0.6,Acero inoxidable,EPDM,,
VERDER-146_5_2030,Verderflex,146.5.2030,PERISTALTICA,CALIDAD_PRECIO,0.825,16.5,163.15,10961.95,False,D60 with 1 Piece 316 Stainless Steel Flange D60 NP USASSS 35R 4.0K NR TF,,Trifasico 400V,0.6,Acero inoxidable,NR,,
VERDER-146_5_2031,Verderflex,146.5.2031,PERISTALTICA,CALIDAD_PRECIO,0.825,16.5,163.15,10979.18,False,D60 with 1 Piece 316 Stainless Steel Flange D60 NP USASSS 35R 4.0K EP TF,,Trifasico 400V,0.6,Acero inoxidable,EPDM,,
VERDER-146_5_2032,Verderflex,146.5.2032,PERISTALTICA,PREMIUM,0.825,16.5,163.15,11177.5,False,D60 with 1 Piece 316 Stainless Steel Flange D60 NP USAMSS 33R 5.5K NR TF,,Trifasico 400V,0.6,Acero inoxidable,NR,,
VERDER-146_5_2033,Verderflex,146.5.2033,PERISTALTICA,PREMIUM,0.825,16.5,163.15,11194.72,False,D60 with 1 Piece 316 Stainless Steel Flange D60 NP USAMSS 33R 5.5K EP TF,,Trifasico 400V,0.6,Acero inoxidable,EPDM,,
VERDER-146_5_2034,Verderflex,146.5.2034,PERISTALTICA,CALIDAD_PRECIO,0.825,16.5,163.15,11177.55,False,D60 with 1 Piece 316 Stainless Steel Flange D60 SP USASSS 38R 5.5K NR TF,,Trifasico 400V,0.6,Acero inoxidable,NR,,
VERDER-146_5_2035,Verderflex,146.5.2035,PERISTALTICA,PREMIUM,0.825,16.5,163.15,11194.79,False,D60 with 1 Piece 316 Stainless Steel Flange D60 SP USASSS 38R 5.5K EP TF,,Trifasico 400V,0.6,Acero inoxidable,EPDM,,
VERDER-146_5_2036,Verderflex,146.5.2036,PERISTALTICA,PREMIUM,0.825,16.5,163.15,12324.55,False,D60 with 1 Piece 316 Stainless Steel Flange D60 SP USASSS 38R 7.5K NR TF,,Trifasico 400V,0.6,Acero inoxidable,NR,,
VERDER-146_5_2037,Verderflex,146.5.2037,PERISTALTICA,PREMIUM,0.825,16.5,163.15,12341.79,False,D60 with 1 Piece 316 Stainless Steel Flange D60 SP USASSS 38R 7.5K EP TF,,Trifasico 400V,0.6,Acero inoxidable,EPDM,,
VERDER-146_5_2038,Verderflex,146.5.2038,PERISTALTICA,CALIDAD_PRECIO,0.825,16.5,163.15,11177.5,False,D60 with 1 Piece 316 Stainless Steel Flange D60 NP USALSS 44R 5.5K NR TF,,Trifasico 400V,0.6,Acero inoxidable,NR,,
VERDER-146_5_2039,Verderflex,146.5.2039,PERISTALTICA,PREMIUM,0.825,16.5,163.15,11194.72,False,D60 with 1 Piece 316 Stainless Steel Flange D60 NP USALSS 44R 5.5K EP TF,,Trifasico 400V,0.6,Acero inoxidable,EPDM,,
VERDER-146_5_2040,Verderflex,146.5.2040,PERISTALTICA,PREMIUM,0.825,16.5,163.15,12324.55,False,D60 with 1 Piece 316 Stainless Steel Flange D60 NP USASSS 41R 7.5K NR TF,,Trifasico 400V,0.6,Acero inoxidable,NR,,
VERDER-146_5_2041,Verderflex,146.5.2041,PERISTALTICA,PREMIUM,0.825,16.5,163.15,12341.79,False,D60 with 1 Piece 316 Stainless Steel Flange D60 NP USASSS 41R 7.5K EP TF,,Trifasico 400V,0.6,Acero inoxidable,EPDM,,
VERDER-146_5_2042,Verderflex,146.5.2042,PERISTALTICA,PREMIUM,0.825,16.5,163.15,11261.79,False,D60 with 1 Piece 316 Stainless Steel Flange D60 NP USALSS 48R 5.5K NR TF,,Trifasico 400V,0.6,Acero inoxidable,NR,,
VERDER-146_5_2043,Verderflex,146.5.2043,PERISTALTICA,PREMIUM,0.825,16.5,163.15,11279.02,False,D60 with 1 Piece 316 Stainless Steel Flange D60 NP USALSS 48R 5.5K EP TF,,Trifasico 400V,0.6,Acero inoxidable,EPDM,,
VERDER-146_5_2044,Verderflex,146.5.2044,PERISTALTICA,PREMIUM,0.825,16.5,163.15,11261.79,False,D60 with 1 Piece 316 Stainless Steel Flange D60 NP USALSS 59R 7.5K NR TF,,Trifasico 400V,0.6,Acero inoxidable,NR,,
VERDER-146_5_2045,Verderflex,146.5.2045,PERISTALTICA,PREMIUM,0.825,16.5,163.15,11279.02,False,D60 with 1 Piece 316 Stainless Steel Flange D60 NP USALSS 59R 7.5K EP TF,,Trifasico 400V,0.6,Acero inoxidable,EPDM,,
VERDER-146_5_2046,Verderflex,146.5.2046,PERISTALTICA,PREMIUM,0.825,16.5,163.15,11963.7,False,D60 with Stainless Steel Flange and PP Insert D60 NP UIASPP 10R 1.1K NR TF,,Trifasico 400V,0.6,Acero inoxidable / Polipropileno,NR,,
VERDER-146_5_2047,Verderflex,146.5.2047,PERISTALTICA,PREMIUM,0.825,16.5,163.15,11980.95,False,D60 with Stainless Steel Flange and PP Insert D60 NP UIASPP 10R 1.1K EP TF,,Trifasico 400V,0.6,Acero inoxidable / Polipropileno,EPDM,,
VERDER-146_5_2048,Verderflex,146.5.2048,PERISTALTICA,PREMIUM,0.825,16.5,163.15,13412.3,False,D60 with Stainless Steel Flange and PP Insert D60 NP UIASPP 10R 1.5K NR TF,,Trifasico 400V,0.6,Acero inoxidable / Polipropileno,NR,,
VERDER-146_5_2049,Verderflex,146.5.2049,PERISTALTICA,PREMIUM,0.825,16.5,163.15,13429.52,False,D60 with Stainless Steel Flange and PP Insert D60 NP UIASPP 10R 1.5K EP TF,,Trifasico 400V,0.6,Acero inoxidable / Polipropileno,EPDM,,
VERDER-146_5_2050,Verderflex,146.5.2050,PERISTALTICA,PREMIUM,0.825,16.5,163.15,11557.96,False,D60 with Stainless Steel Flange and PP Insert D55HF SP UIASPP 10R 1.1K NR TF,,Trifasico 400V,0.6,Acero inoxidable / Polipropileno,0,,
VERDER-146_5_2051,Verderflex,146.5.2051,PERISTALTICA,PREMIUM,0.825,16.5,163.15,11557.96,False,D60 with Stainless Steel Flange and PP Insert D55HF SP UIASPP 10R 1.1K EP TF,,Trifasico 400V,0.6,Acero inoxidable / Polipropileno,0,,
VERDER-146_5_2052,Verderflex,146.5.2052,PERISTALTICA,PREMIUM,0.825,16.5,163.15,12575.75,False,D60 with Stainless Steel Flange and PP Insert D60 NP UIASPP 14R 1.5K NR TF,,Trifasico 400V,0.6,Acero inoxidable / Polipropileno,NR,,
VERDER-146_5_2053,Verderflex,146.5.2053,PERISTALTICA,PREMIUM,0.825,16.5,163.15,12592.97,False,D60 with Stainless Steel Flange and PP Insert D60 NP UIASPP 14R 1.5K EP TF,,Trifasico 400V,0.6,Acero inoxidable / Polipropileno,EPDM,,
VERDER-146_5_2054,Verderflex,146.5.2054,PERISTALTICA,PREMIUM,0.825,16.5,163.15,12142.94,False,D60 with Stainless Steel Flange and PP Insert D60 NP UIASPP 14R 2.2K NR TF,,Trifasico 400V,0.6,Acero inoxidable / Polipropileno,NR,,
VERDER-146_5_2055,Verderflex,146.5.2055,PERISTALTICA,PREMIUM,0.825,16.5,163.15,12160.16,False,D60 with Stainless Steel Flange and PP Insert D60 NP UIASPP 14R 2.2K EP TF,,Trifasico 400V,0.6,Acero inoxidable / Polipropileno,EPDM,,
VERDER-146_5_2056,Verderflex,146.5.2056,PERISTALTICA,PREMIUM,0.825,16.5,163.15,12025.3,False,D60 with Stainless Steel Flange and PP Insert D60 NP UIAPP 14R 3.0K NR TF,,Trifasico 400V,0.6,Acero inoxidable / Polipropileno,0,,
VERDER-146_5_2057,Verderflex,146.5.2057,PERISTALTICA,PREMIUM,0.825,16.5,163.15,12042.54,False,D60 with Stainless Steel Flange and PP Insert D60 NP UIAPP 14R 3.0K EP TF,,Trifasico 400V,0.6,Acero inoxidable / Polipropileno,0,,
VERDER-146_5_2058,Verderflex,146.5.2058,PERISTALTICA,CALIDAD_PRECIO,0.825,16.5,163.15,11784.8,False,D60 with Stainless Steel Flange and PP Insert D60 NP UIALPP 19R 2.2K NR TF,,Trifasico 400V,0.6,Acero inoxidable / Polipropileno,NR,,
VERDER-146_5_2059,Verderflex,146.5.2059,PERISTALTICA,CALIDAD_PRECIO,0.825,16.5,163.15,11802.04,False,D60 with Stainless Steel Flange and PP Insert D60 NP UIALPP 19R 2.2K EP TF,,Trifasico 400V,0.6,Acero inoxidable / Polipropileno,EPDM,,
VERDER-146_5_2060,Verderflex,146.5.2060,PERISTALTICA,CALIDAD_PRECIO,0.825,16.5,163.15,11885.11,False,D60 with Stainless Steel Flange and PP Insert D60 NP UIAMPP 19R 3.0K NR TF,,Trifasico 400V,0.6,Acero inoxidable / Polipropileno,NR,,
VERDER-146_5_2061,Verderflex,146.5.2061,PERISTALTICA,CALIDAD_PRECIO,0.825,16.5,163.15,11902.36,False,D60 with Stainless Steel Flange and PP Insert D60 NP UIAMPP 19R 3.0K EP TF,,Trifasico 400V,0.6,Acero inoxidable / Polipropileno,EPDM,,
VERDER-146_5_2062,Verderflex,146.5.2062,PERISTALTICA,PREMIUM,0.825,16.5,163.15,13414.11,False,D60 with Stainless Steel Flange and PP Insert D60 NP UIAPP 19R 5.5K NR TF,,Trifasico 400V,0.6,Acero inoxidable / Polipropileno,0,,
VERDER-146_5_2063,Verderflex,146.5.2063,PERISTALTICA,PREMIUM,0.825,16.5,163.15,13431.34,False,D60 with Stainless Steel Flange and PP Insert D60 NP UIAPP 19R 5.5K EP TF,,Trifasico 400V,0.6,Acero inoxidable / Polipropileno,0,,
VERDER-146_5_2064,Verderflex,146.5.2064,PERISTALTICA,CALIDAD_PRECIO,0.825,16.5,163.15,11885.11,False,D60 with Stainless Steel Flange and PP Insert D60 NP UIALPP 23R 2.2K NR TF,,Trifasico 400V,0.6,Acero inoxidable / Polipropileno,NR,,
VERDER-146_5_2065,Verderflex,146.5.2065,PERISTALTICA,CALIDAD_PRECIO,0.825,16.5,163.15,11902.36,False,D60 with Stainless Steel Flange and PP Insert D60 NP UIALPP 23R 2.2K EP TF,,Trifasico 400V,0.6,Acero inoxidable / Polipropileno,EPDM,,
VERDER-146_5_2066,Verderflex,146.5.2066,PERISTALTICA,PREMIUM,0.825,16.5,163.15,12025.3,False,D60 with Stainless Steel Flange and PP Insert D60 NP UIASPP 23R 4.0K NR TF,,Trifasico 400V,0.6,Acero inoxidable / Polipropileno,NR,,
VERDER-146_5_2067,Verderflex,146.5.2067,PERISTALTICA,PREMIUM,0.825,16.5,163.15,12042.54,False,D60 with Stainless Steel Flange and PP Insert D60 NP UIASPP 23R 4.0K EP TF,,Trifasico 400V,0.6,Acero inoxidable / Polipropileno,EPDM,,
VERDER-146_5_2068,Verderflex,146.5.2068,PERISTALTICA,PREMIUM,0.825,16.5,163.15,13018.34,False,D60 with Stainless Steel Flange and PP Insert D60 NP UIASPP 23R 5.5K NR TF,,Trifasico 400V,0.6,Acero inoxidable / Polipropileno,NR,,
VERDER-146_5_2069,Verderflex,146.5.2069,PERISTALTICA,PREMIUM,0.825,16.5,163.15,13035.58,False,D60 with Stainless Steel Flange and PP Insert D60 NP UIASPP 23R 5.5K EP TF,,Trifasico 400V,0.6,Acero inoxidable / Polipropileno,EPDM,,
VERDER-146_5_2070,Verderflex,146.5.2070,PERISTALTICA,CALIDAD_PRECIO,0.825,16.5,163.15,11885.11,False,D60 with Stainless Steel Flange and PP Insert D60 SP UIALPP 28R 3.0K NR TF,,Trifasico 400V,0.6,Acero inoxidable / Polipropileno,NR,,
VERDER-146_5_2071,Verderflex,146.5.2071,PERISTALTICA,CALIDAD_PRECIO,0.825,16.5,163.15,11902.36,False,D60 with Stainless Steel Flange and PP Insert D60 SP UIALPP 28R 3.0K EP TF,,Trifasico 400V,0.6,Acero inoxidable / Polipropileno,EPDM,,
VERDER-146_5_2072,Verderflex,146.5.2072,PERISTALTICA,PREMIUM,0.825,16.5,163.15,12249.36,False,D60 with Stainless Steel Flange and PP Insert D60 SP UIAMPP 27R 5.5K NR TF,,Trifasico 400V,0.6,Acero inoxidable / Polipropileno,NR,,
VERDER-146_5_2073,Verderflex,146.5.2073,PERISTALTICA,PREMIUM,0.825,16.5,163.15,12266.59,False,D60 with Stainless Steel Flange and PP Insert D60 SP UIAMPP 27R 5.5K EP TF,,Trifasico 400V,0.6,Acero inoxidable / Polipropileno,EPDM,,
VERDER-146_5_2074,Verderflex,146.5.2074,PERISTALTICA,PREMIUM,0.825,16.5,163.15,13381.09,False,D60 with Stainless Steel Flange and PP Insert D60 SP UIASPP 27R 7.5K NR TF,,Trifasico 400V,0.6,Acero inoxidable / Polipropileno,NR,,
VERDER-146_5_2075,Verderflex,146.5.2075,PERISTALTICA,PREMIUM,0.825,16.5,163.15,13398.33,False,D60 with Stainless Steel Flange and PP Insert D60 SP UIASPP 27R 7.5K EP TF,,Trifasico 400V,0.6,Acero inoxidable / Polipropileno,EPDM,,
VERDER-146_5_2076,Verderflex,146.5.2076,PERISTALTICA,PREMIUM,0.825,16.5,163.15,12025.3,False,D60 with Stainless Steel Flange and PP Insert D60 NP UIASPP 35R 4.0K NR TF,,Trifasico 400V,0.6,Acero inoxidable / Polipropileno,NR,,
VERDER-146_5_2077,Verderflex,146.5.2077,PERISTALTICA,PREMIUM,0.825,16.5,163.15,12042.54,False,D60 with Stainless Steel Flange and PP Insert D60 NP UIASPP 35R 4.0K EP TF,,Trifasico 400V,0.6,Acero inoxidable / Polipropileno,EPDM,,
VERDER-146_5_2078,Verderflex,146.5.2078,PERISTALTICA,PREMIUM,0.825,16.5,163.15,12240.86,False,D60 with Stainless Steel Flange and PP Insert D60 NP UIAMPP 33R 5.5K NR TF,,Trifasico 400V,0.6,Acero inoxidable / Polipropileno,NR,,
VERDER-146_5_2079,Verderflex,146.5.2079,PERISTALTICA,PREMIUM,0.825,16.5,163.15,12258.08,False,D60 with Stainless Steel Flange and PP Insert D60 NP UIAMPP 33R 5.5K EP TF,,Trifasico 400V,0.6,Acero inoxidable / Polipropileno,EPDM,,
VERDER-146_5_2080,Verderflex,146.5.2080,PERISTALTICA,PREMIUM,0.825,16.5,163.15,12240.91,False,D60 with Stainless Steel Flange and PP Insert D60 SP UIASPP 38R 5.5K NR TF,,Trifasico 400V,0.6,Acero inoxidable / Polipropileno,NR,,
VERDER-146_5_2081,Verderflex,146.5.2081,PERISTALTICA,PREMIUM,0.825,16.5,163.15,12258.15,False,D60 with Stainless Steel Flange and PP Insert D60 SP UIASPP 38R 5.5K EP TF,,Trifasico 400V,0.6,Acero inoxidable / Polipropileno,EPDM,,
VERDER-146_5_2082,Verderflex,146.5.2082,PERISTALTICA,PREMIUM,0.825,16.5,163.15,13387.92,False,D60 with Stainless Steel Flange and PP Insert D60 SP UIASPP 38R 7.5K NR TF,,Trifasico 400V,0.6,Acero inoxidable / Polipropileno,NR,,
VERDER-146_5_2083,Verderflex,146.5.2083,PERISTALTICA,PREMIUM,0.825,16.5,163.15,13405.15,False,D60 with Stainless Steel Flange and PP Insert D60 SP UIASPP 38R 7.5K EP TF,,Trifasico 400V,0.6,Acero inoxidable / Polipropileno,EPDM,,
VERDER-146_5_2084,Verderflex,146.5.2084,PERISTALTICA,PREMIUM,0.825,16.5,163.15,12240.86,False,D60 with Stainless Steel Flange and PP Insert D60 NP UIALPP 44R 5.5K NR TF,,Trifasico 400V,0.6,Acero inoxidable / Polipropileno,NR,,
VERDER-146_5_2085,Verderflex,146.5.2085,PERISTALTICA,PREMIUM,0.825,16.5,163.15,12258.08,False,D60 with Stainless Steel Flange and PP Insert D60 NP UIALPP 44R 5.5K EP TF,,Trifasico 400V,0.6,Acero inoxidable / Polipropileno,EPDM,,
VERDER-146_5_2086,Verderflex,146.5.2086,PERISTALTICA,PREMIUM,0.825,16.5,163.15,13387.92,False,D60 with Stainless Steel Flange and PP Insert D60 NP UIAMPP 41R 7.5K NR TF,,Trifasico 400V,0.6,Acero inoxidable / Polipropileno,NR,,
VERDER-146_5_2087,Verderflex,146.5.2087,PERISTALTICA,PREMIUM,0.825,16.5,163.15,13405.15,False,D60 with Stainless Steel Flange and PP Insert D60 NP UIAMPP 41R 7.5K EP TF,,Trifasico 400V,0.6,Acero inoxidable / Polipropileno,EPDM,,
VERDER-146_5_2088,Verderflex,146.5.2088,PERISTALTICA,PREMIUM,0.825,16.5,163.15,12325.15,False,D60 with Stainless Steel Flange and PP Insert D60 NP UIALPP 48R 5.5K NR TF,,Trifasico 400V,0.6,Acero inoxidable / Polipropileno,NR,,
VERDER-146_5_2089,Verderflex,146.5.2089,PERISTALTICA,PREMIUM,0.825,16.5,163.15,12342.39,False,D60 with Stainless Steel Flange and PP Insert D60 NP UIALPP 48R 5.5K EP TF,,Trifasico 400V,0.6,Acero inoxidable / Polipropileno,EPDM,,
VERDER-146_5_2090,Verderflex,146.5.2090,PERISTALTICA,PREMIUM,0.825,16.5,163.15,12325.15,False,D60 with Stainless Steel Flange and PP Insert D60 NP UIALPP 59R 7.5K NR TF,,Trifasico 400V,0.6,Acero inoxidable / Polipropileno,NR,,
VERDER-146_5_2091,Verderflex,146.5.2091,PERISTALTICA,PREMIUM,0.825,16.5,163.15,12342.39,False,D60 with Stainless Steel Flange and PP Insert D60 NP UIALPP 59R 7.5K EP TF,,Trifasico 400V,0.6,Acero inoxidable / Polipropileno,EPDM,,
VERDER-146_5_2092,Verderflex,146.5.2092,PERISTALTICA,PREMIUM,0.825,16.5,163.15,13433.41,False,D60 with  Stainless Steel Flange and PVDF Insert D60 NP UIASPV 10R 1.1K NR TF,,Trifasico 400V,0.6,Acero inoxidable / PVDF,NR,,
VERDER-146_5_2093,Verderflex,146.5.2093,PERISTALTICA,PREMIUM,0.825,16.5,163.15,13450.64,False,D60 with  Stainless Steel Flange and PVDF Insert D60 NP UIASPV 10R 1.1K EP TF,,Trifasico 400V,0.6,Acero inoxidable / PVDF,EPDM,,
VERDER-146_5_2094,Verderflex,146.5.2094,PERISTALTICA,PREMIUM,0.825,16.5,163.15,14881.97,False,D60 with  Stainless Steel Flange and PVDF Insert D60 NP UIASPV 10R 1.5K NR TF,,Trifasico 400V,0.6,Acero inoxidable / PVDF,NR,,
VERDER-146_5_2095,Verderflex,146.5.2095,PERISTALTICA,PREMIUM,0.825,16.5,163.15,14899.21,False,D60 with  Stainless Steel Flange and PVDF Insert D60 NP UIASPV 10R 1.5K EP TF,,Trifasico 400V,0.6,Acero inoxidable / PVDF,EPDM,,
VERDER-146_5_2096,Verderflex,146.5.2096,PERISTALTICA,PREMIUM,0.825,16.5,163.15,13027.63,False,D60 with  Stainless Steel Flange and PVDF Insert D60 NP UIASPV 10R 2.2K NR TF,,Trifasico 400V,0.6,Acero inoxidable / PVDF,NR,,
VERDER-146_5_2097,Verderflex,146.5.2097,PERISTALTICA,PREMIUM,0.825,16.5,163.15,13027.63,False,D60 with  Stainless Steel Flange and PVDF Insert D60 NP UIASPV 10R 2.2K EP TF,,Trifasico 400V,0.6,Acero inoxidable / PVDF,EPDM,,
VERDER-146_5_2098,Verderflex,146.5.2098,PERISTALTICA,PREMIUM,0.825,16.5,163.15,14045.43,False,D60 with  Stainless Steel Flange and PVDF Insert D60 NP UIASPV 14R 1.5K NR TF,,Trifasico 400V,0.6,Acero inoxidable / PVDF,NR,,
VERDER-146_5_2099,Verderflex,146.5.2099,PERISTALTICA,PREMIUM,0.825,16.5,163.15,14062.66,False,D60 with  Stainless Steel Flange and PVDF Insert D60 NP UIASPV 14R 1.5K EP TF,,Trifasico 400V,0.6,Acero inoxidable / PVDF,EPDM,,
VERDER-146_5_2100,Verderflex,146.5.2100,PERISTALTICA,PREMIUM,0.825,16.5,163.15,13612.63,False,D60 with  Stainless Steel Flange and PVDF Insert D60 NP UIASPV 14R 2.2K NR TF,,Trifasico 400V,0.6,Acero inoxidable / PVDF,NR,,
VERDER-146_5_2101,Verderflex,146.5.2101,PERISTALTICA,PREMIUM,0.825,16.5,163.15,13629.87,False,D60 with  Stainless Steel Flange and PVDF Insert D60 NP UIASPV 14R 2.2K EP TF,,Trifasico 400V,0.6,Acero inoxidable / PVDF,EPDM,,
VERDER-146_5_2102,Verderflex,146.5.2102,PERISTALTICA,PREMIUM,0.825,16.5,163.15,13494.99,False,D60 with  Stainless Steel Flange and PVDF Insert D60 NP UIAPV 14R 3.0K NR TF,,Trifasico 400V,0.6,Acero inoxidable / PVDF,0,,
VERDER-146_5_2103,Verderflex,146.5.2103,PERISTALTICA,PREMIUM,0.825,16.5,163.15,13512.23,False,D60 with  Stainless Steel Flange and PVDF Insert D60 NP UIAPV 14R 3.0K EP TF,,Trifasico 400V,0.6,Acero inoxidable / PVDF,0,,
VERDER-146_5_2104,Verderflex,146.5.2104,PERISTALTICA,PREMIUM,0.825,16.5,163.15,13254.5,False,D60 with  Stainless Steel Flange and PVDF Insert D60 NP UIALPV 19R 2.2K NR TF,,Trifasico 400V,0.6,Acero inoxidable / PVDF,NR,,
VERDER-146_5_2105,Verderflex,146.5.2105,PERISTALTICA,PREMIUM,0.825,16.5,163.15,13271.74,False,D60 with  Stainless Steel Flange and PVDF Insert D60 NP UIALPV 19R 2.2K EP TF,,Trifasico 400V,0.6,Acero inoxidable / PVDF,EPDM,,
VERDER-146_5_2106,Verderflex,146.5.2106,PERISTALTICA,PREMIUM,0.825,16.5,163.15,13354.79,False,D60 with  Stainless Steel Flange and PVDF Insert D60 NP UIAMPV 19R 3.0K NR TF,,Trifasico 400V,0.6,Acero inoxidable / PVDF,NR,,
VERDER-146_5_2107,Verderflex,146.5.2107,PERISTALTICA,PREMIUM,0.825,16.5,163.15,13372.04,False,D60 with  Stainless Steel Flange and PVDF Insert D60 NP UIAMPV 19R 3.0K EP TF,,Trifasico 400V,0.6,Acero inoxidable / PVDF,EPDM,,
VERDER-146_5_2108,Verderflex,146.5.2108,PERISTALTICA,PREMIUM,0.825,16.5,163.15,14883.8,False,D60 with  Stainless Steel Flange and PVDF Insert D60 NP UIAPV 19R 5.5K NR TF,,Trifasico 400V,0.6,Acero inoxidable / PVDF,0,,
VERDER-146_5_2109,Verderflex,146.5.2109,PERISTALTICA,PREMIUM,0.825,16.5,163.15,14901.03,False,D60 with  Stainless Steel Flange and PVDF Insert D60 NP UIAPV 19R 5.5K EP TF,,Trifasico 400V,0.6,Acero inoxidable / PVDF,0,,
VERDER-146_5_2110,Verderflex,146.5.2110,PERISTALTICA,PREMIUM,0.825,16.5,163.15,13354.79,False,D60 with  Stainless Steel Flange and PVDF Insert D60 NP UIALPV 23R 2.2K NR TF,,Trifasico 400V,0.6,Acero inoxidable / PVDF,NR,,
VERDER-146_5_2111,Verderflex,146.5.2111,PERISTALTICA,PREMIUM,0.825,16.5,163.15,13372.04,False,D60 with  Stainless Steel Flange and PVDF Insert D60 NP UIALPV 23R 2.2K EP TF,,Trifasico 400V,0.6,Acero inoxidable / PVDF,EPDM,,
VERDER-146_5_2112,Verderflex,146.5.2112,PERISTALTICA,PREMIUM,0.825,16.5,163.15,13494.99,False,D60 with  Stainless Steel Flange and PVDF Insert D60 NP UIASPV 23R 4.0K NR TF,,Trifasico 400V,0.6,Acero inoxidable / PVDF,NR,,
VERDER-146_5_2113,Verderflex,146.5.2113,PERISTALTICA,PREMIUM,0.825,16.5,163.15,13512.23,False,D60 with  Stainless Steel Flange and PVDF Insert D60 NP UIASPV 23R 4.0K EP TF,,Trifasico 400V,0.6,Acero inoxidable / PVDF,EPDM,,
VERDER-146_5_2114,Verderflex,146.5.2114,PERISTALTICA,PREMIUM,0.825,16.5,163.15,14488.03,False,D60 with  Stainless Steel Flange and PVDF Insert D60 NP UIASPV 23R 5.5K NR TF,,Trifasico 400V,0.6,Acero inoxidable / PVDF,NR,,
VERDER-146_5_2115,Verderflex,146.5.2115,PERISTALTICA,PREMIUM,0.825,16.5,163.15,14505.28,False,D60 with  Stainless Steel Flange and PVDF Insert D60 NP UIASPV 23R 5.5K EP TF,,Trifasico 400V,0.6,Acero inoxidable / PVDF,EPDM,,
VERDER-146_5_2116,Verderflex,146.5.2116,PERISTALTICA,PREMIUM,0.825,16.5,163.15,13354.79,False,D60 with  Stainless Steel Flange and PVDF Insert D60 NP UIALPV 28R 3.0K NR TF,,Trifasico 400V,0.6,Acero inoxidable / PVDF,NR,,
VERDER-146_5_2117,Verderflex,146.5.2117,PERISTALTICA,PREMIUM,0.825,16.5,163.15,13372.04,False,D60 with  Stainless Steel Flange and PVDF Insert D60 NP UIALPV 28R 3.0K EP TF,,Trifasico 400V,0.6,Acero inoxidable / PVDF,EPDM,,
VERDER-146_5_2118,Verderflex,146.5.2118,PERISTALTICA,PREMIUM,0.825,16.5,163.15,13719.05,False,D60 with  Stainless Steel Flange and PVDF Insert D60 NP UIAMPV 27R 5.5K NR TF,,Trifasico 400V,0.6,Acero inoxidable / PVDF,NR,,
VERDER-146_5_2119,Verderflex,146.5.2119,PERISTALTICA,PREMIUM,0.825,16.5,163.15,13736.29,False,D60 with  Stainless Steel Flange and PVDF Insert D60 NP UIAMPV 27R 5.5K EP TF,,Trifasico 400V,0.6,Acero inoxidable / PVDF,EPDM,,
VERDER-146_5_2120,Verderflex,146.5.2120,PERISTALTICA,PREMIUM,0.825,16.5,163.15,14850.77,False,D60 with  Stainless Steel Flange and PVDF Insert D60 NP UIASPV 27R 7.5K NR TF,,Trifasico 400V,0.6,Acero inoxidable / PVDF,NR,,
VERDER-146_5_2121,Verderflex,146.5.2121,PERISTALTICA,PREMIUM,0.825,16.5,163.15,14868.01,False,D60 with  Stainless Steel Flange and PVDF Insert D60 NP UIASPV 27R 7.5K EP TF,,Trifasico 400V,0.6,Acero inoxidable / PVDF,EPDM,,
VERDER-146_5_2122,Verderflex,146.5.2122,PERISTALTICA,PREMIUM,0.825,16.5,163.15,13494.99,False,D60 with  Stainless Steel Flange and PVDF Insert D60 NP UIASPV 35R 4.0K NR TF,,Trifasico 400V,0.6,Acero inoxidable / PVDF,NR,,
VERDER-146_5_2123,Verderflex,146.5.2123,PERISTALTICA,PREMIUM,0.825,16.5,163.15,13512.23,False,D60 with  Stainless Steel Flange and PVDF Insert D60 NP UIASPV 35R 4.0K EP TF,,Trifasico 400V,0.6,Acero inoxidable / PVDF,EPDM,,
VERDER-146_5_2124,Verderflex,146.5.2124,PERISTALTICA,PREMIUM,0.825,16.5,163.15,13710.55,False,D60 with  Stainless Steel Flange and PVDF Insert D60 NP UIAMPV 33R 5.5K NR TF,,Trifasico 400V,0.6,Acero inoxidable / PVDF,NR,,
VERDER-146_5_2125,Verderflex,146.5.2125,PERISTALTICA,PREMIUM,0.825,16.5,163.15,13727.78,False,D60 with  Stainless Steel Flange and PVDF Insert D60 NP UIAMPV 33R 5.5K EP TF,,Trifasico 400V,0.6,Acero inoxidable / PVDF,EPDM,,
VERDER-146_5_2126,Verderflex,146.5.2126,PERISTALTICA,PREMIUM,0.825,16.5,163.15,13710.6,False,D60 with  Stainless Steel Flange and PVDF Insert D60 NP UIASPV 38R 5.5K NR TF,,Trifasico 400V,0.6,Acero inoxidable / PVDF,NR,,
VERDER-146_5_2127,Verderflex,146.5.2127,PERISTALTICA,PREMIUM,0.825,16.5,163.15,13727.83,False,D60 with  Stainless Steel Flange and PVDF Insert D60 NP UIASPV 38R 5.5K EP TF,,Trifasico 400V,0.6,Acero inoxidable / PVDF,EPDM,,
VERDER-146_5_2128,Verderflex,146.5.2128,PERISTALTICA,PREMIUM,0.825,16.5,163.15,14857.61,False,D60 with  Stainless Steel Flange and PVDF Insert D60 NP UIASPV 38R 7.5K NR TF,,Trifasico 400V,0.6,Acero inoxidable / PVDF,NR,,
VERDER-146_5_2129,Verderflex,146.5.2129,PERISTALTICA,PREMIUM,0.825,16.5,163.15,14874.83,False,D60 with  Stainless Steel Flange and PVDF Insert D60 NP UIASPV 38R 7.5K EP TF,,Trifasico 400V,0.6,Acero inoxidable / PVDF,EPDM,,
VERDER-146_5_2130,Verderflex,146.5.2130,PERISTALTICA,PREMIUM,0.825,16.5,163.15,13710.55,False,D60 with  Stainless Steel Flange and PVDF Insert D60 NP UIALPV 44R 5.5K NR TF,,Trifasico 400V,0.6,Acero inoxidable / PVDF,NR,,
VERDER-146_5_2131,Verderflex,146.5.2131,PERISTALTICA,PREMIUM,0.825,16.5,163.15,13727.78,False,D60 with  Stainless Steel Flange and PVDF Insert D60 NP UIALPV 44R 5.5K EP TF,,Trifasico 400V,0.6,Acero inoxidable / PVDF,EPDM,,
VERDER-146_5_2132,Verderflex,146.5.2132,PERISTALTICA,PREMIUM,0.825,16.5,163.15,14857.61,False,D60 with  Stainless Steel Flange and PVDF Insert D60 NP UIAMPV 41R 7.5K NR TF,,Trifasico 400V,0.6,Acero inoxidable / PVDF,NR,,
VERDER-146_5_2133,Verderflex,146.5.2133,PERISTALTICA,PREMIUM,0.825,16.5,163.15,14874.83,False,D60 with  Stainless Steel Flange and PVDF Insert D60 NP UIAMPV 41R 7.5K EP TF,,Trifasico 400V,0.6,Acero inoxidable / PVDF,EPDM,,
VERDER-146_5_2134,Verderflex,146.5.2134,PERISTALTICA,PREMIUM,0.825,16.5,163.15,13794.84,False,D60 with  Stainless Steel Flange and PVDF Insert D60 NP UIALPV 48R 5.5K NR TF,,Trifasico 400V,0.6,Acero inoxidable / PVDF,NR,,
VERDER-146_5_2135,Verderflex,146.5.2135,PERISTALTICA,PREMIUM,0.825,16.5,163.15,13812.08,False,D60 with  Stainless Steel Flange and PVDF Insert D60 NP UIALPV 48R 5.5K EP TF,,Trifasico 400V,0.6,Acero inoxidable / PVDF,EPDM,,
VERDER-146_5_2136,Verderflex,146.5.2136,PERISTALTICA,PREMIUM,0.825,16.5,163.15,13794.84,False,D60 with  Stainless Steel Flange and PVDF Insert D60 NP UIALPV 59R 7.5K NR TF,,Trifasico 400V,0.6,Acero inoxidable / PVDF,NR,,
VERDER-146_5_2137,Verderflex,146.5.2137,PERISTALTICA,PREMIUM,0.825,16.5,163.15,13812.08,False,D60 with  Stainless Steel Flange and PVDF Insert D60 NP UIALPV 59R 7.5K EP TF,,Trifasico 400V,0.6,Acero inoxidable / PVDF,EPDM,,
VERDER-146_6_0149,Verderflex,146.6.0149,PERISTALTICA,PREMIUM,1.65,33.0,163.15,13788.74,False,D65 with 1 Piece 316 Stainless Steel Flange D65 NP USALSS 10R 3.0K NR TF V,7.5,Trifasico 400V,0.6,Acero inoxidable,NR,,
VERDER-146_6_0150,Verderflex,146.6.0150,PERISTALTICA,PREMIUM,1.65,33.0,163.15,13788.74,False,D65 with 1 Piece 316 Stainless Steel Flange D65 NP USALSS 10R 3.0K EP TF V,7.5,Trifasico 400V,0.6,Acero inoxidable,EPDM,,
VERDER-146_6_0151,Verderflex,146.6.0151,PERISTALTICA,CALIDAD_PRECIO,1.65,33.0,163.15,13788.74,False,D65 with 1 Piece 316 Stainless Steel Flange D65 NP USALSS 10R 3.0K BU TF V,7.5,Trifasico 400V,0.6,Acero inoxidable,NBR (Nitrilo),,
VERDER-146_6_0152,Verderflex,146.6.0152,PERISTALTICA,PREMIUM,1.65,33.0,163.15,15753.24,False,D65 with 1 Piece 316 Stainless Steel Flange D65 NP USALSS 10R 3.0K CS TF V,7.5,Trifasico 400V,0.6,Acero inoxidable,CSM,,
VERDER-146_6_0153,Verderflex,146.6.0153,PERISTALTICA,PREMIUM,1.65,33.0,163.15,14024.51,False,D65 with 1 Piece 316 Stainless Steel Flange D65 NP USALSS 10R 3.0K FG TF V,7.5,Trifasico 400V,0.6,Acero inoxidable,NBRF,,
VERDER-146_6_0154,Verderflex,146.6.0154,PERISTALTICA,PREMIUM,1.65,33.0,163.15,14127.34,False,D65 with 1 Piece 316 Stainless Steel Flange D65 NP USAMSS 10R 4.0K NR TF V,7.5,Trifasico 400V,0.6,Acero inoxidable,NR,,
VERDER-146_6_0155,Verderflex,146.6.0155,PERISTALTICA,PREMIUM,1.65,33.0,163.15,14127.34,False,D65 with 1 Piece 316 Stainless Steel Flange D65 NP USAMSS 10R 4.0K EP TF V,7.5,Trifasico 400V,0.6,Acero inoxidable,EPDM,,
VERDER-146_6_0156,Verderflex,146.6.0156,PERISTALTICA,PREMIUM,1.65,33.0,163.15,14127.34,False,D65 with 1 Piece 316 Stainless Steel Flange D65 NP USAMSS 10R 4.0K BU TF V,7.5,Trifasico 400V,0.6,Acero inoxidable,NBR (Nitrilo),,
VERDER-146_6_0157,Verderflex,146.6.0157,PERISTALTICA,PREMIUM,1.65,33.0,163.15,16091.83,False,D65 with 1 Piece 316 Stainless Steel Flange D65 NP USAMSS 10R 4.0K CS TF V,7.5,Trifasico 400V,0.6,Acero inoxidable,CSM,,
VERDER-146_6_0158,Verderflex,146.6.0158,PERISTALTICA,PREMIUM,1.65,33.0,163.15,14398.98,False,D65 with 1 Piece 316 Stainless Steel Flange D65 NP USAHSS 10R 5.5K NR TF V,7.5,Trifasico 400V,0.6,Acero inoxidable,NR,,
VERDER-146_6_0159,Verderflex,146.6.0159,PERISTALTICA,PREMIUM,1.65,33.0,163.15,14398.98,False,D65 with 1 Piece 316 Stainless Steel Flange D65 NP USAHSS 10R 5.5K EP TF V,7.5,Trifasico 400V,0.6,Acero inoxidable,EPDM,,
VERDER-146_6_0161,Verderflex,146.6.0161,PERISTALTICA,PREMIUM,1.65,33.0,163.15,16363.45,False,D65 with 1 Piece 316 Stainless Steel Flange D65 NP USAHSS 10R 5.5K CS TF V,7.5,Trifasico 400V,0.6,Acero inoxidable,CSM,,
VERDER-146_6_0000,Verderflex,146.6.0000,PERISTALTICA,CALIDAD_PRECIO,1.65,33.0,163.15,13884.34,False,D65 with 1 Piece 316 Stainless Steel Flange D65 NP USALSS 18R 4.0K NR TF V,7.5,Trifasico 400V,0.6,Acero inoxidable,NR,,
VERDER-146_6_0001,Verderflex,146.6.0001,PERISTALTICA,CALIDAD_PRECIO,1.65,33.0,163.15,13884.34,False,D65 with 1 Piece 316 Stainless Steel Flange D65 NP USALSS 18R 4.0K EP TF V,7.5,Trifasico 400V,0.6,Acero inoxidable,EPDM,,
VERDER-146_6_0002,Verderflex,146.6.0002,PERISTALTICA,CALIDAD_PRECIO,1.65,33.0,163.15,13884.34,False,D65 with 1 Piece 316 Stainless Steel Flange D65 NP USALSS 18R 4.0K BU TF V,7.5,Trifasico 400V,0.6,Acero inoxidable,NBR (Nitrilo),,
VERDER-146_6_0003,Verderflex,146.6.0003,PERISTALTICA,PREMIUM,1.65,33.0,163.15,15848.84,False,D65 with 1 Piece 316 Stainless Steel Flange D65 NP USALSS 18R 4.0K CS TF V,7.5,Trifasico 400V,0.6,Acero inoxidable,CSM,,
VERDER-146_6_0004,Verderflex,146.6.0004,PERISTALTICA,CALIDAD_PRECIO,1.65,33.0,163.15,14120.12,False,D65 with 1 Piece 316 Stainless Steel Flange D65 NP USALSS 18R 4.0K FG TF V,7.5,Trifasico 400V,0.6,Acero inoxidable,NBRF,,
VERDER-146_6_0005,Verderflex,146.6.0005,PERISTALTICA,PREMIUM,1.65,33.0,163.15,14398.98,False,D65 with 1 Piece 316 Stainless Steel Flange D65 NP USAMSS 18R 5.5K NR TF V,7.5,Trifasico 400V,0.6,Acero inoxidable,NR,,
VERDER-146_6_0006,Verderflex,146.6.0006,PERISTALTICA,PREMIUM,1.65,33.0,163.15,14398.98,False,D65 with 1 Piece 316 Stainless Steel Flange D65 NP USAMSS 18R 5.5K EP TF V,7.5,Trifasico 400V,0.6,Acero inoxidable,EPDM,,
VERDER-146_6_0007,Verderflex,146.6.0007,PERISTALTICA,PREMIUM,1.65,33.0,163.15,14398.98,False,D65 with 1 Piece 316 Stainless Steel Flange D65 NP USAMSS 18R 5.5K BU TF V,7.5,Trifasico 400V,0.6,Acero inoxidable,NBR (Nitrilo),,
VERDER-146_6_0008,Verderflex,146.6.0008,PERISTALTICA,PREMIUM,1.65,33.0,163.15,16363.45,False,D65 with 1 Piece 316 Stainless Steel Flange D65 NP USAMSS 18R 5.5K CS TF V,7.5,Trifasico 400V,0.6,Acero inoxidable,CSM,,
VERDER-146_6_0009,Verderflex,146.6.0009,PERISTALTICA,PREMIUM,1.65,33.0,163.15,15435.48,False,D65 with 1 Piece 316 Stainless Steel Flange D65 NP USAHSS 18R 7.5K NR TF V,7.5,Trifasico 400V,0.6,Acero inoxidable,NR,,
VERDER-146_6_0010,Verderflex,146.6.0010,PERISTALTICA,PREMIUM,1.65,33.0,163.15,15435.48,False,D65 with 1 Piece 316 Stainless Steel Flange D65 NP USAHSS 18R 7.5K EP TF V,7.5,Trifasico 400V,0.6,Acero inoxidable,EPDM,,
VERDER-146_6_0011,Verderflex,146.6.0011,PERISTALTICA,PREMIUM,1.65,33.0,163.15,15435.48,False,D65 with 1 Piece 316 Stainless Steel Flange D65 NP USAHSS 18R 7.5K BU TF V,7.5,Trifasico 400V,0.6,Acero inoxidable,NBR (Nitrilo),,
VERDER-146_6_0012,Verderflex,146.6.0012,PERISTALTICA,PREMIUM,1.65,33.0,163.15,17399.96,False,D65 with 1 Piece 316 Stainless Steel Flange D65 NP USAHSS 18R 7.5K CS TF V,7.5,Trifasico 400V,0.6,Acero inoxidable,CSM,,
VERDER-146_6_0013,Verderflex,146.6.0013,PERISTALTICA,CALIDAD_PRECIO,1.65,33.0,163.15,14045.57,False,D65 with 1 Piece 316 Stainless Steel Flange D65 NP USALSS 23R 5.5K NR TF V,7.5,Trifasico 400V,0.6,Acero inoxidable,NR,,
VERDER-146_6_0014,Verderflex,146.6.0014,PERISTALTICA,CALIDAD_PRECIO,1.65,33.0,163.15,14045.57,False,D65 with 1 Piece 316 Stainless Steel Flange D65 NP USALSS 23R 5.5K EP TF V,7.5,Trifasico 400V,0.6,Acero inoxidable,EPDM,,
VERDER-146_6_0015,Verderflex,146.6.0015,PERISTALTICA,CALIDAD_PRECIO,1.65,33.0,163.15,14045.57,False,D65 with 1 Piece 316 Stainless Steel Flange D65 NP USALSS 23R 5.5K BU TF V,7.5,Trifasico 400V,0.6,Acero inoxidable,NBR (Nitrilo),,
VERDER-146_6_0016,Verderflex,146.6.0016,PERISTALTICA,PREMIUM,1.65,33.0,163.15,16010.06,False,D65 with 1 Piece 316 Stainless Steel Flange D65 NP USALSS 23R 5.5K CS TF V,7.5,Trifasico 400V,0.6,Acero inoxidable,CSM,,
VERDER-146_6_0017,Verderflex,146.6.0017,PERISTALTICA,CALIDAD_PRECIO,1.65,33.0,163.15,14281.36,False,D65 with 1 Piece 316 Stainless Steel Flange D65 NP USALSS 23R 5.5K FG TF V,7.5,Trifasico 400V,0.6,Acero inoxidable,NBRF,,
VERDER-146_6_0018,Verderflex,146.6.0018,PERISTALTICA,PREMIUM,1.65,33.0,163.15,14594.33,False,D65 with 1 Piece 316 Stainless Steel Flange D65 NP USAMSS 23R 7.5K NR TF V,7.5,Trifasico 400V,0.6,Acero inoxidable,NR,,
VERDER-146_6_0019,Verderflex,146.6.0019,PERISTALTICA,PREMIUM,1.65,33.0,163.15,14594.33,False,D65 with 1 Piece 316 Stainless Steel Flange D65 NP USAMSS 23R 7.5K EP TF V,7.5,Trifasico 400V,0.6,Acero inoxidable,EPDM,,
VERDER-146_6_0020,Verderflex,146.6.0020,PERISTALTICA,PREMIUM,1.65,33.0,163.15,14594.33,False,D65 with 1 Piece 316 Stainless Steel Flange D65 NP USAMSS 23R 7.5K BU TF V,7.5,Trifasico 400V,0.6,Acero inoxidable,NBR (Nitrilo),,
VERDER-146_6_0021,Verderflex,146.6.0021,PERISTALTICA,PREMIUM,1.65,33.0,163.15,16558.84,False,D65 with 1 Piece 316 Stainless Steel Flange D65 NP USAMSS 23R 7.5K CS TF V,7.5,Trifasico 400V,0.6,Acero inoxidable,CSM,,
VERDER-146_6_0022,Verderflex,146.6.0022,PERISTALTICA,PREMIUM,1.65,33.0,163.15,15923.02,False,D65 with 1 Piece 316 Stainless Steel Flange D65 NP USAHSS 23R 9.2K NR TF V,7.5,Trifasico 400V,0.6,Acero inoxidable,NR,,
VERDER-146_6_0023,Verderflex,146.6.0023,PERISTALTICA,PREMIUM,1.65,33.0,163.15,15923.02,False,D65 with 1 Piece 316 Stainless Steel Flange D65 NP USAHSS 23R 9.2K EP TF V,7.5,Trifasico 400V,0.6,Acero inoxidable,EPDM,,
VERDER-146_6_0024,Verderflex,146.6.0024,PERISTALTICA,PREMIUM,1.65,33.0,163.15,15923.02,False,D65 with 1 Piece 316 Stainless Steel Flange D65 NP USAHSS 23R 9.2K BU TF V,7.5,Trifasico 400V,0.6,Acero inoxidable,NBR (Nitrilo),,
VERDER-146_6_0025,Verderflex,146.6.0025,PERISTALTICA,PREMIUM,1.65,33.0,163.15,17887.53,False,D65 with 1 Piece 316 Stainless Steel Flange D65 NP USAHSS 23R 9.2K CS TF V,7.5,Trifasico 400V,0.6,Acero inoxidable,CSM,,
VERDER-146_6_0027,Verderflex,146.6.0027,PERISTALTICA,BARATA,1.65,33.0,163.15,13887.78,False,D65 with 1 Piece 316 Stainless Steel Flange D65 SP USALSS 26R 5.5K EP TF V,7.5,Trifasico 400V,0.6,Acero inoxidable,EPDM,,
VERDER-146_6_0028,Verderflex,146.6.0028,PERISTALTICA,BARATA,1.65,33.0,163.15,13887.78,False,D65 with 1 Piece 316 Stainless Steel Flange D65 SP USALSS 26R 5.5K BU TF V,7.5,Trifasico 400V,0.6,Acero inoxidable,NBR (Nitrilo),,
VERDER-146_6_0029,Verderflex,146.6.0029,PERISTALTICA,PREMIUM,1.65,33.0,163.15,15910.33,False,D65 with 1 Piece 316 Stainless Steel Flange D65 SP USALSS 26R 5.5K CS TF V,7.5,Trifasico 400V,0.6,Acero inoxidable,CSM,,
VERDER-146_6_0030,Verderflex,146.6.0030,PERISTALTICA,CALIDAD_PRECIO,1.65,33.0,163.15,14161.68,False,D65 with 1 Piece 316 Stainless Steel Flange D65 SP USALSS 26R 5.5K FG TF V,7.5,Trifasico 400V,0.6,Acero inoxidable,NBRF,,
VERDER-146_6_0031,Verderflex,146.6.0031,PERISTALTICA,CALIDAD_PRECIO,1.65,33.0,163.15,14594.33,False,D65 with 1 Piece 316 Stainless Steel Flange D65 SP USAMSS 26R 7.5K NR TF V,7.5,Trifasico 400V,0.6,Acero inoxidable,NR,,
VERDER-146_6_0032,Verderflex,146.6.0032,PERISTALTICA,CALIDAD_PRECIO,1.65,33.0,163.15,14594.33,False,D65 with 1 Piece 316 Stainless Steel Flange D65 SP USAMSS 26R 7.5K EP TF V,7.5,Trifasico 400V,0.6,Acero inoxidable,EPDM,,
VERDER-146_6_0033,Verderflex,146.6.0033,PERISTALTICA,CALIDAD_PRECIO,1.65,33.0,163.15,14594.33,False,D65 with 1 Piece 316 Stainless Steel Flange D65 SP USAMSS 26R 7.5K BU TF V,7.5,Trifasico 400V,0.6,Acero inoxidable,NBR (Nitrilo),,
VERDER-146_6_0034,Verderflex,146.6.0034,PERISTALTICA,PREMIUM,1.65,33.0,163.15,16558.84,False,D65 with 1 Piece 316 Stainless Steel Flange D65 SP USAMSS 26R 7.5K CS TF V,7.5,Trifasico 400V,0.6,Acero inoxidable,CSM,,
VERDER-146_6_0035,Verderflex,146.6.0035,PERISTALTICA,PREMIUM,1.65,33.0,163.15,15953.22,False,D65 with 1 Piece 316 Stainless Steel Flange D65 SP USAHSS 26R11.0K NR TF V,7.5,Trifasico 400V,0.6,Acero inoxidable,NR,,
VERDER-146_6_0036,Verderflex,146.6.0036,PERISTALTICA,PREMIUM,1.65,33.0,163.15,15953.22,False,D65 with 1 Piece 316 Stainless Steel Flange D65 SP USAHSS 26R11.0K EP TF V,7.5,Trifasico 400V,0.6,Acero inoxidable,EPDM,,
VERDER-146_6_0037,Verderflex,146.6.0037,PERISTALTICA,PREMIUM,1.65,33.0,163.15,15953.22,False,D65 with 1 Piece 316 Stainless Steel Flange D65 SP USAHSS 26R11.0K BU TF V,7.5,Trifasico 400V,0.6,Acero inoxidable,NBR (Nitrilo),,
VERDER-146_6_0038,Verderflex,146.6.0038,PERISTALTICA,PREMIUM,1.65,33.0,163.15,17917.72,False,D65 with 1 Piece 316 Stainless Steel Flange D65 SP USAHSS 26R11.0K CS TF V,7.5,Trifasico 400V,0.6,Acero inoxidable,CSM,,
VERDER-146_6_0039,Verderflex,146.6.0039,PERISTALTICA,CALIDAD_PRECIO,1.65,33.0,163.15,14172.55,False,D65 with 1 Piece 316 Stainless Steel Flange D65 NP USALSS 31R 7.5K NR TF V,7.5,Trifasico 400V,0.6,Acero inoxidable,NR,,
VERDER-146_6_0041,Verderflex,146.6.0041,PERISTALTICA,CALIDAD_PRECIO,1.65,33.0,163.15,14172.55,False,D65 with 1 Piece 316 Stainless Steel Flange D65 NP USALSS 31R 7.5K BU TF V,7.5,Trifasico 400V,0.6,Acero inoxidable,NBR (Nitrilo),,
VERDER-146_6_0042,Verderflex,146.6.0042,PERISTALTICA,PREMIUM,1.65,33.0,163.15,16137.06,False,D65 with 1 Piece 316 Stainless Steel Flange D65 NP USALSS 31R 7.5K CS TF V,7.5,Trifasico 400V,0.6,Acero inoxidable,CSM,,
VERDER-146_6_0043,Verderflex,146.6.0043,PERISTALTICA,CALIDAD_PRECIO,1.65,33.0,163.15,14408.35,False,D65 with 1 Piece 316 Stainless Steel Flange D65 NP USALSS 31R 7.5K FG TF V,7.5,Trifasico 400V,0.6,Acero inoxidable,NBRF,,
VERDER-146_6_0044,Verderflex,146.6.0044,PERISTALTICA,CALIDAD_PRECIO,1.65,33.0,163.15,14769.7,False,D65 with 1 Piece 316 Stainless Steel Flange D65 NP USAMSS 33R 9.2K NR TF V,7.5,Trifasico 400V,0.6,Acero inoxidable,NR,,
VERDER-146_6_0045,Verderflex,146.6.0045,PERISTALTICA,CALIDAD_PRECIO,1.65,33.0,163.15,14769.7,False,D65 with 1 Piece 316 Stainless Steel Flange D65 NP USAMSS 33R 9.2K EP TF V,7.5,Trifasico 400V,0.6,Acero inoxidable,EPDM,,
VERDER-146_6_0046,Verderflex,146.6.0046,PERISTALTICA,CALIDAD_PRECIO,1.65,33.0,163.15,14769.7,False,D65 with 1 Piece 316 Stainless Steel Flange D65 NP USAMSS 33R 9.2K BU TF V,7.5,Trifasico 400V,0.6,Acero inoxidable,NBR (Nitrilo),,
VERDER-146_6_0047,Verderflex,146.6.0047,PERISTALTICA,PREMIUM,1.65,33.0,163.15,16734.17,False,D65 with 1 Piece 316 Stainless Steel Flange D65 NP USAMSS 33R 9.2K CS TF V,7.5,Trifasico 400V,0.6,Acero inoxidable,CSM,,
VERDER-146_6_0048,Verderflex,146.6.0048,PERISTALTICA,PREMIUM,1.65,33.0,163.15,16440.59,False,D65 with 1 Piece 316 Stainless Steel Flange D65 NP USAHSS 32R15.0K NR TF V,7.5,Trifasico 400V,0.6,Acero inoxidable,NR,,
VERDER-146_6_0049,Verderflex,146.6.0049,PERISTALTICA,PREMIUM,1.65,33.0,163.15,16440.59,False,D65 with 1 Piece 316 Stainless Steel Flange D65 NP USAHSS 32R15.0K EP TF V,7.5,Trifasico 400V,0.6,Acero inoxidable,EPDM,,
VERDER-146_6_0050,Verderflex,146.6.0050,PERISTALTICA,PREMIUM,1.65,33.0,163.15,16440.59,False,D65 with 1 Piece 316 Stainless Steel Flange D65 NP USAHSS 32R15.0K BU TF V,7.5,Trifasico 400V,0.6,Acero inoxidable,NBR (Nitrilo),,
VERDER-146_6_0051,Verderflex,146.6.0051,PERISTALTICA,PREMIUM,1.65,33.0,163.15,18405.09,False,D65 with 1 Piece 316 Stainless Steel Flange D65 NP USAHSS 32R15.0K CS TF V,7.5,Trifasico 400V,0.6,Acero inoxidable,CSM,,
VERDER-146_6_0162,Verderflex,146.6.0162,PERISTALTICA,CALIDAD_PRECIO,1.65,33.0,163.15,14660.09,False,D65 with 1 Piece 316 Stainless Steel Flange D65 SP USALSS 38R 9.2K NR TF V,7.5,Trifasico 400V,0.6,Acero inoxidable,NR,,
VERDER-146_6_0163,Verderflex,146.6.0163,PERISTALTICA,CALIDAD_PRECIO,1.65,33.0,163.15,14660.09,False,D65 with 1 Piece 316 Stainless Steel Flange D65 SP USALSS 38R 9.2K EP TF V,7.5,Trifasico 400V,0.6,Acero inoxidable,EPDM,,
VERDER-146_6_0164,Verderflex,146.6.0164,PERISTALTICA,CALIDAD_PRECIO,1.65,33.0,163.15,14660.09,False,D65 with 1 Piece 316 Stainless Steel Flange D65 SP USALSS 38R 9.2K BU TF V,7.5,Trifasico 400V,0.6,Acero inoxidable,NBR (Nitrilo),,
VERDER-146_6_0165,Verderflex,146.6.0165,PERISTALTICA,PREMIUM,1.65,33.0,163.15,16624.6,False,D65 with 1 Piece 316 Stainless Steel Flange D65 SP USALSS 38R 9.2K CS TF V,7.5,Trifasico 400V,0.6,Acero inoxidable,CSM,,
VERDER-146_6_0166,Verderflex,146.6.0166,PERISTALTICA,CALIDAD_PRECIO,1.65,33.0,163.15,15675.59,False,D65 with 1 Piece 316 Stainless Steel Flange D65 SP USAMSS 38R11.0K NR TF V,7.5,Trifasico 400V,0.6,Acero inoxidable,NR,,
VERDER-146_6_0167,Verderflex,146.6.0167,PERISTALTICA,CALIDAD_PRECIO,1.65,33.0,163.15,15675.59,False,D65 with 1 Piece 316 Stainless Steel Flange D65 SP USAMSS 38R11.0K EP TF V,7.5,Trifasico 400V,0.6,Acero inoxidable,EPDM,,
VERDER-146_6_0168,Verderflex,146.6.0168,PERISTALTICA,CALIDAD_PRECIO,1.65,33.0,163.15,15675.59,False,D65 with 1 Piece 316 Stainless Steel Flange D65 SP USAMSS 38R11.0K BU TF V,7.5,Trifasico 400V,0.6,Acero inoxidable,NBR (Nitrilo),,
VERDER-146_6_0169,Verderflex,146.6.0169,PERISTALTICA,PREMIUM,1.65,33.0,163.15,17640.06,False,D65 with 1 Piece 316 Stainless Steel Flange D65 SP USAMSS 38R11.0K CS TF V,7.5,Trifasico 400V,0.6,Acero inoxidable,CSM,,
VERDER-146_6_0170,Verderflex,146.6.0170,PERISTALTICA,PREMIUM,1.65,33.0,163.15,16401.84,False,D65 with 1 Piece 316 Stainless Steel Flange D65 SP USAHSS 38R18.5K NR TF V,7.5,Trifasico 400V,0.6,Acero inoxidable,NR,,
VERDER-146_6_0171,Verderflex,146.6.0171,PERISTALTICA,PREMIUM,1.65,33.0,163.15,16401.84,False,D65 with 1 Piece 316 Stainless Steel Flange D65 SP USAHSS 38R18.5K EP TF V,7.5,Trifasico 400V,0.6,Acero inoxidable,EPDM,,
VERDER-146_6_0172,Verderflex,146.6.0172,PERISTALTICA,PREMIUM,1.65,33.0,163.15,16401.84,False,D65 with 1 Piece 316 Stainless Steel Flange D65 SP USAHSS 38R18.5K BU TF V,7.5,Trifasico 400V,0.6,Acero inoxidable,NBR (Nitrilo),,
VERDER-146_6_0173,Verderflex,146.6.0173,PERISTALTICA,PREMIUM,1.65,33.0,163.15,18366.34,False,D65 with 1 Piece 316 Stainless Steel Flange D65 SP USAHSS 38R18.5K CS TF V,7.5,Trifasico 400V,0.6,Acero inoxidable,CSM,,
VERDER-146_6_0174,Verderflex,146.6.0174,PERISTALTICA,CALIDAD_PRECIO,1.65,33.0,163.15,14769.7,False,D65 with 1 Piece 316 Stainless Steel Flange D65 NP USALSS 41R 9.2K NR TF V,7.5,Trifasico 400V,0.6,Acero inoxidable,NR,,
VERDER-146_6_0175,Verderflex,146.6.0175,PERISTALTICA,CALIDAD_PRECIO,1.65,33.0,163.15,14769.7,False,D65 with 1 Piece 316 Stainless Steel Flange D65 NP USALSS 41R 9.2K EP TF V,7.5,Trifasico 400V,0.6,Acero inoxidable,EPDM,,
VERDER-146_6_0176,Verderflex,146.6.0176,PERISTALTICA,CALIDAD_PRECIO,1.65,33.0,163.15,14769.7,False,D65 with 1 Piece 316 Stainless Steel Flange D65 NP USALSS 41R 9.2K BU TF V,7.5,Trifasico 400V,0.6,Acero inoxidable,NBR (Nitrilo),,
VERDER-146_6_0177,Verderflex,146.6.0177,PERISTALTICA,PREMIUM,1.65,33.0,163.15,16734.17,False,D65 with 1 Piece 316 Stainless Steel Flange D65 NP USALSS 41R 9.2K CS TF V,7.5,Trifasico 400V,0.6,Acero inoxidable,CSM,,
VERDER-146_6_0178,Verderflex,146.6.0178,PERISTALTICA,PREMIUM,1.65,33.0,163.15,16162.95,False,D65 with 1 Piece 316 Stainless Steel Flange D65 NP USAMSS 44R15.0K NR TF V,7.5,Trifasico 400V,0.6,Acero inoxidable,NR,,
VERDER-146_6_0179,Verderflex,146.6.0179,PERISTALTICA,PREMIUM,1.65,33.0,163.15,16162.95,False,D65 with 1 Piece 316 Stainless Steel Flange D65 NP USAMSS 44R15.0K EP TF V,7.5,Trifasico 400V,0.6,Acero inoxidable,EPDM,,
VERDER-146_6_0180,Verderflex,146.6.0180,PERISTALTICA,PREMIUM,1.65,33.0,163.15,16162.95,False,D65 with 1 Piece 316 Stainless Steel Flange D65 NP USAMSS 44R15.0K BU TF V,7.5,Trifasico 400V,0.6,Acero inoxidable,NBR (Nitrilo),,
VERDER-146_6_0181,Verderflex,146.6.0181,PERISTALTICA,PREMIUM,1.65,33.0,163.15,18127.44,False,D65 with 1 Piece 316 Stainless Steel Flange D65 NP USAMSS 44R15.0K CS TF V,7.5,Trifasico 400V,0.6,Acero inoxidable,CSM,,
VERDER-146_6_0182,Verderflex,146.6.0182,PERISTALTICA,CALIDAD_PRECIO,1.65,33.0,163.15,14799.88,False,D65 with 1 Piece 316 Stainless Steel Flange D65 NP USALSS 48R11.0K NR TF V,7.5,Trifasico 400V,0.6,Acero inoxidable,NR,,
VERDER-146_6_0183,Verderflex,146.6.0183,PERISTALTICA,CALIDAD_PRECIO,1.65,33.0,163.15,14799.88,False,D65 with 1 Piece 316 Stainless Steel Flange D65 NP USALSS 48R11.0K EP TF V,7.5,Trifasico 400V,0.6,Acero inoxidable,EPDM,,
VERDER-146_6_0184,Verderflex,146.6.0184,PERISTALTICA,CALIDAD_PRECIO,1.65,33.0,163.15,14799.88,False,D65 with 1 Piece 316 Stainless Steel Flange D65 NP USALSS 48R11.0K BU TF V,7.5,Trifasico 400V,0.6,Acero inoxidable,NBR (Nitrilo),,
VERDER-146_6_0185,Verderflex,146.6.0185,PERISTALTICA,PREMIUM,1.65,33.0,163.15,16764.39,False,D65 with 1 Piece 316 Stainless Steel Flange D65 NP USALSS 48R11.0K CS TF V,7.5,Trifasico 400V,0.6,Acero inoxidable,CSM,,
VERDER-146_6_0186,Verderflex,146.6.0186,PERISTALTICA,PREMIUM,1.65,33.0,163.15,16162.95,False,D65 with 1 Piece 316 Stainless Steel Flange D65 NP USAMSS 52R15.0K NR TF V,7.5,Trifasico 400V,0.6,Acero inoxidable,NR,,
VERDER-146_6_0187,Verderflex,146.6.0187,PERISTALTICA,PREMIUM,1.65,33.0,163.15,16162.95,False,D65 with 1 Piece 316 Stainless Steel Flange D65 NP USAMSS 52R15.0K EP TF V,7.5,Trifasico 400V,0.6,Acero inoxidable,EPDM,,
VERDER-146_6_0188,Verderflex,146.6.0188,PERISTALTICA,PREMIUM,1.65,33.0,163.15,16162.95,False,D65 with 1 Piece 316 Stainless Steel Flange D65 NP USAMSS 52R15.0K BU TF V,7.5,Trifasico 400V,0.6,Acero inoxidable,NBR (Nitrilo),,
VERDER-146_6_0189,Verderflex,146.6.0189,PERISTALTICA,PREMIUM,1.65,33.0,163.15,18127.44,False,D65 with 1 Piece 316 Stainless Steel Flange D65 NP USAMSS 52R15.0K CS TF V,7.5,Trifasico 400V,0.6,Acero inoxidable,CSM,,
VERDER-146_6_0190,Verderflex,146.6.0190,PERISTALTICA,CALIDAD_PRECIO,1.65,33.0,163.15,14799.88,False,D65 with 1 Piece 316 Stainless Steel Flange D65 NP USALSS 55R11.0K NR TF V,7.5,Trifasico 400V,0.6,Acero inoxidable,NR,,
VERDER-146_6_0191,Verderflex,146.6.0191,PERISTALTICA,CALIDAD_PRECIO,1.65,33.0,163.15,14799.88,False,D65 with 1 Piece 316 Stainless Steel Flange D65 NP USALSS 55R11.0K EP TF V,7.5,Trifasico 400V,0.6,Acero inoxidable,EPDM,,
VERDER-146_6_0192,Verderflex,146.6.0192,PERISTALTICA,CALIDAD_PRECIO,1.65,33.0,163.15,14799.88,False,D65 with 1 Piece 316 Stainless Steel Flange D65 NP USALSS 55R11.0K BU TF V,7.5,Trifasico 400V,0.6,Acero inoxidable,NBR (Nitrilo),,
VERDER-146_6_0193,Verderflex,146.6.0193,PERISTALTICA,PREMIUM,1.65,33.0,163.15,16764.39,False,D65 with 1 Piece 316 Stainless Steel Flange D65 NP USALSS 55R11.0K CS TF V,7.5,Trifasico 400V,0.6,Acero inoxidable,CSM,,
VERDER-146_6_0194,Verderflex,146.6.0194,PERISTALTICA,CALIDAD_PRECIO,1.65,33.0,163.15,15287.26,False,D65 with 1 Piece 316 Stainless Steel Flange D65 NP USALSS 60R15.0K NR TF V,7.5,Trifasico 400V,0.6,Acero inoxidable,NR,,
VERDER-146_6_0195,Verderflex,146.6.0195,PERISTALTICA,CALIDAD_PRECIO,1.65,33.0,163.15,15287.26,False,D65 with 1 Piece 316 Stainless Steel Flange D65 NP USALSS 60R15.0K EP TF V,7.5,Trifasico 400V,0.6,Acero inoxidable,EPDM,,
VERDER-146_6_0196,Verderflex,146.6.0196,PERISTALTICA,CALIDAD_PRECIO,1.65,33.0,163.15,15287.26,False,D65 with 1 Piece 316 Stainless Steel Flange D65 NP USALSS 60R15.0K BU TF V,7.5,Trifasico 400V,0.6,Acero inoxidable,NBR (Nitrilo),,
VERDER-146_6_0197,Verderflex,146.6.0197,PERISTALTICA,PREMIUM,1.65,33.0,163.15,17251.75,False,D65 with 1 Piece 316 Stainless Steel Flange D65 NP USALSS 60R15.0K CS TF V,7.5,Trifasico 400V,0.6,Acero inoxidable,CSM,,
VERDER-146_6_0198,Verderflex,146.6.0198,PERISTALTICA,BARATA,1.65,33.0,163.15,14255.35,False,DURA 65 WITH  PP INSERT D65 NP UIALPP 10R 3.0K NR TF V,7.5,Trifasico 400V,0.6,Polipropileno,NR,,
VERDER-146_6_0199,Verderflex,146.6.0199,PERISTALTICA,BARATA,1.65,33.0,163.15,14255.35,False,DURA 65 WITH  PP INSERT D65 NP UIALPP 10R 3.0K EP TF V,7.5,Trifasico 400V,0.6,Polipropileno,EPDM,,
VERDER-146_6_0200,Verderflex,146.6.0200,PERISTALTICA,BARATA,1.65,33.0,163.15,14255.35,False,DURA 65 WITH  PP INSERT D65 NP UIALPP 10R 3.0K BU TF V,7.5,Trifasico 400V,0.6,Polipropileno,NBR (Nitrilo),,
VERDER-146_6_0201,Verderflex,146.6.0201,PERISTALTICA,PREMIUM,1.65,33.0,163.15,16247.06,False,DURA 65 WITH  PP INSERT D65 NP UIALPP 10R 3.0K CS TF V,7.5,Trifasico 400V,0.6,Polipropileno,CSM,,
VERDER-146_6_0202,Verderflex,146.6.0202,PERISTALTICA,BARATA,1.65,33.0,163.15,14593.97,False,DURA 65 WITH  PP INSERT D65 NP UIAMPP 10R 4.0K NR TF V,7.5,Trifasico 400V,0.6,Polipropileno,NR,,
VERDER-146_6_0203,Verderflex,146.6.0203,PERISTALTICA,BARATA,1.65,33.0,163.15,14593.97,False,DURA 65 WITH  PP INSERT D65 NP UIAMPP 10R 4.0K EP TF V,7.5,Trifasico 400V,0.6,Polipropileno,EPDM,,
VERDER-146_6_0204,Verderflex,146.6.0204,PERISTALTICA,BARATA,1.65,33.0,163.15,14593.97,False,DURA 65 WITH  PP INSERT D65 NP UIAMPP 10R 4.0K BU TF V,7.5,Trifasico 400V,0.6,Polipropileno,NBR (Nitrilo),,
VERDER-146_6_0205,Verderflex,146.6.0205,PERISTALTICA,PREMIUM,1.65,33.0,163.15,16585.67,False,DURA 65 WITH  PP INSERT D65 NP UIAMPP 10R 4.0K CS TF V,7.5,Trifasico 400V,0.6,Polipropileno,CSM,,
VERDER-146_6_0206,Verderflex,146.6.0206,PERISTALTICA,CALIDAD_PRECIO,1.65,33.0,163.15,14865.59,False,DURA 65 WITH  PP INSERT D65 NP UIAHPP 10R 5.5K NR TF V,7.5,Trifasico 400V,0.6,Polipropileno,NR,,
VERDER-146_6_0207,Verderflex,146.6.0207,PERISTALTICA,CALIDAD_PRECIO,1.65,33.0,163.15,14865.59,False,DURA 65 WITH  PP INSERT D65 NP UIAHPP 10R 5.5K EP TF V,7.5,Trifasico 400V,0.6,Polipropileno,EPDM,,
VERDER-146_6_0208,Verderflex,146.6.0208,PERISTALTICA,CALIDAD_PRECIO,1.65,33.0,163.15,14865.59,False,DURA 65 WITH  PP INSERT D65 NP UIAHPP 10R 5.5K BU TF V,7.5,Trifasico 400V,0.6,Polipropileno,NBR (Nitrilo),,
VERDER-146_6_0209,Verderflex,146.6.0209,PERISTALTICA,PREMIUM,1.65,33.0,163.15,16857.31,False,DURA 65 WITH  PP INSERT D65 NP UIAHPP 10R 5.5K CS TF V,7.5,Trifasico 400V,0.6,Polipropileno,CSM,,
VERDER-146_6_0052,Verderflex,146.6.0052,PERISTALTICA,BARATA,1.65,33.0,163.15,14350.96,False,DURA 65 WITH  PP INSERT D65 NP UIALPP 18R 4.0K NR TF V,7.5,Trifasico 400V,0.6,Polipropileno,NR,,
VERDER-146_6_0053,Verderflex,146.6.0053,PERISTALTICA,BARATA,1.65,33.0,163.15,14350.96,False,DURA 65 WITH  PP INSERT D65 NP UIALPP 18R 4.0K EP TF V,7.5,Trifasico 400V,0.6,Polipropileno,EPDM,,
VERDER-146_6_0054,Verderflex,146.6.0054,PERISTALTICA,BARATA,1.65,33.0,163.15,14350.96,False,DURA 65 WITH  PP INSERT D65 NP UIALPP 18R 4.0K BU TF V,7.5,Trifasico 400V,0.6,Polipropileno,NBR (Nitrilo),,
VERDER-146_6_0055,Verderflex,146.6.0055,PERISTALTICA,PREMIUM,1.65,33.0,163.15,16342.66,False,DURA 65 WITH  PP INSERT D65 NP UIALPP 18R 4.0K CS TF V,7.5,Trifasico 400V,0.6,Polipropileno,CSM,,
VERDER-146_6_0056,Verderflex,146.6.0056,PERISTALTICA,CALIDAD_PRECIO,1.65,33.0,163.15,14865.59,False,DURA 65 WITH  PP INSERT D65 NP UIAMPP 18R 5.5K NR TF V,7.5,Trifasico 400V,0.6,Polipropileno,NR,,
VERDER-146_6_0057,Verderflex,146.6.0057,PERISTALTICA,CALIDAD_PRECIO,1.65,33.0,163.15,14865.59,False,DURA 65 WITH  PP INSERT D65 NP UIAMPP 18R 5.5K EP TF V,7.5,Trifasico 400V,0.6,Polipropileno,EPDM,,
VERDER-146_6_0058,Verderflex,146.6.0058,PERISTALTICA,CALIDAD_PRECIO,1.65,33.0,163.15,14865.59,False,DURA 65 WITH  PP INSERT D65 NP UIAMPP 18R 5.5K BU TF V,7.5,Trifasico 400V,0.6,Polipropileno,NBR (Nitrilo),,
VERDER-146_6_0059,Verderflex,146.6.0059,PERISTALTICA,PREMIUM,1.65,33.0,163.15,16857.31,False,DURA 65 WITH  PP INSERT D65 NP UIAMPP 18R 5.5K CS TF V,7.5,Trifasico 400V,0.6,Polipropileno,CSM,,
VERDER-146_6_0060,Verderflex,146.6.0060,PERISTALTICA,CALIDAD_PRECIO,1.65,33.0,163.15,15902.08,False,DURA 65 WITH  PP INSERT D65 NP UIAHPP 18R 7.5K NR TF V,7.5,Trifasico 400V,0.6,Polipropileno,NR,,
VERDER-146_6_0061,Verderflex,146.6.0061,PERISTALTICA,CALIDAD_PRECIO,1.65,33.0,163.15,15902.08,False,DURA 65 WITH  PP INSERT D65 NP UIAHPP 18R 7.5K EP TF V,7.5,Trifasico 400V,0.6,Polipropileno,EPDM,,
VERDER-146_6_0062,Verderflex,146.6.0062,PERISTALTICA,CALIDAD_PRECIO,1.65,33.0,163.15,15902.08,False,DURA 65 WITH  PP INSERT D65 NP UIAHPP 18R 7.5K BU TF V,7.5,Trifasico 400V,0.6,Polipropileno,NBR (Nitrilo),,
VERDER-146_6_0063,Verderflex,146.6.0063,PERISTALTICA,PREMIUM,1.65,33.0,163.15,17893.81,False,DURA 65 WITH  PP INSERT D65 NP UIAHPP 18R 7.5K CS TF V,7.5,Trifasico 400V,0.6,Polipropileno,CSM,,
VERDER-146_6_0064,Verderflex,146.6.0064,PERISTALTICA,BARATA,1.65,33.0,163.15,14512.21,False,DURA 65 WITH  PP INSERT D65 NP UIALPP 23R 5.5K NR TF V,7.5,Trifasico 400V,0.6,Polipropileno,NR,,
VERDER-146_6_0065,Verderflex,146.6.0065,PERISTALTICA,BARATA,1.65,33.0,163.15,14512.21,False,DURA 65 WITH  PP INSERT D65 NP UIALPP 23R 5.5K EP TF V,7.5,Trifasico 400V,0.6,Polipropileno,EPDM,,
VERDER-146_6_0066,Verderflex,146.6.0066,PERISTALTICA,BARATA,1.65,33.0,163.15,14512.21,False,DURA 65 WITH  PP INSERT D65 NP UIALPP 23R 5.5K BU TF V,7.5,Trifasico 400V,0.6,Polipropileno,NBR (Nitrilo),,
VERDER-146_6_0067,Verderflex,146.6.0067,PERISTALTICA,PREMIUM,1.65,33.0,163.15,16503.9,False,DURA 65 WITH  PP INSERT D65 NP UIALPP 23R 5.5K CS TF V,7.5,Trifasico 400V,0.6,Polipropileno,CSM,,
VERDER-146_6_0068,Verderflex,146.6.0068,PERISTALTICA,CALIDAD_PRECIO,1.65,33.0,163.15,15060.95,False,DURA 65 WITH  PP INSERT D65 NP UIAMPP 23R 7.5K NR TF V,7.5,Trifasico 400V,0.6,Polipropileno,NR,,
VERDER-146_6_0069,Verderflex,146.6.0069,PERISTALTICA,CALIDAD_PRECIO,1.65,33.0,163.15,15060.95,False,DURA 65 WITH  PP INSERT D65 NP UIAMPP 23R 7.5K EP TF V,7.5,Trifasico 400V,0.6,Polipropileno,EPDM,,
VERDER-146_6_0070,Verderflex,146.6.0070,PERISTALTICA,CALIDAD_PRECIO,1.65,33.0,163.15,15060.95,False,DURA 65 WITH  PP INSERT D65 NP UIAMPP 23R 7.5K BU TF V,7.5,Trifasico 400V,0.6,Polipropileno,NBR (Nitrilo),,
VERDER-146_6_0071,Verderflex,146.6.0071,PERISTALTICA,PREMIUM,1.65,33.0,163.15,17052.69,False,DURA 65 WITH  PP INSERT D65 NP UIAMPP 23R 7.5K CS TF V,7.5,Trifasico 400V,0.6,Polipropileno,CSM,,
VERDER-146_6_0072,Verderflex,146.6.0072,PERISTALTICA,PREMIUM,1.65,33.0,163.15,16389.63,False,DURA 65 WITH  PP INSERT D65 NP UIAHPP 23R 9.2K NR TF V,7.5,Trifasico 400V,0.6,Polipropileno,NR,,
VERDER-146_6_0073,Verderflex,146.6.0073,PERISTALTICA,PREMIUM,1.65,33.0,163.15,16389.63,False,DURA 65 WITH  PP INSERT D65 NP UIAHPP 23R 9.2K EP TF V,7.5,Trifasico 400V,0.6,Polipropileno,EPDM,,
VERDER-146_6_0074,Verderflex,146.6.0074,PERISTALTICA,PREMIUM,1.65,33.0,163.15,16389.63,False,DURA 65 WITH  PP INSERT D65 NP UIAHPP 23R 9.2K BU TF V,7.5,Trifasico 400V,0.6,Polipropileno,NBR (Nitrilo),,
VERDER-146_6_0075,Verderflex,146.6.0075,PERISTALTICA,PREMIUM,1.65,33.0,163.15,18381.35,False,DURA 65 WITH  PP INSERT D65 NP UIAHPP 23R 9.2K CS TF V,7.5,Trifasico 400V,0.6,Polipropileno,CSM,,
VERDER-146_6_0076,Verderflex,146.6.0076,PERISTALTICA,BARATA,1.65,33.0,163.15,14300.47,False,DURA 65 WITH  PP INSERT D65 SP UIALPP 26R 5.5K NR TF V,7.5,Trifasico 400V,0.6,Polipropileno,NR,,
VERDER-146_6_0077,Verderflex,146.6.0077,PERISTALTICA,BARATA,1.65,33.0,163.15,14300.47,False,DURA 65 WITH  PP INSERT D65 SP UIALPP 26R 5.5K EP TF V,7.5,Trifasico 400V,0.6,Polipropileno,EPDM,,
VERDER-146_6_0078,Verderflex,146.6.0078,PERISTALTICA,BARATA,1.65,33.0,163.15,14300.47,False,DURA 65 WITH  PP INSERT D65 SP UIALPP 26R 5.5K BU TF V,7.5,Trifasico 400V,0.6,Polipropileno,NBR (Nitrilo),,
VERDER-146_6_0079,Verderflex,146.6.0079,PERISTALTICA,PREMIUM,1.65,33.0,163.15,16292.16,False,DURA 65 WITH  PP INSERT D65 SP UIALPP 26R 5.5K CS TF V,7.5,Trifasico 400V,0.6,Polipropileno,CSM,,
VERDER-146_6_0080,Verderflex,146.6.0080,PERISTALTICA,CALIDAD_PRECIO,1.65,33.0,163.15,15060.95,False,DURA 65 WITH  PP INSERT D65 SP UIAMPP 26R 7.5K NR TF V,7.5,Trifasico 400V,0.6,Polipropileno,NR,,
VERDER-146_6_0081,Verderflex,146.6.0081,PERISTALTICA,CALIDAD_PRECIO,1.65,33.0,163.15,15060.95,False,DURA 65 WITH  PP INSERT D65 SP UIAMPP 26R 7.5K EP TF V,7.5,Trifasico 400V,0.6,Polipropileno,EPDM,,
VERDER-146_6_0082,Verderflex,146.6.0082,PERISTALTICA,CALIDAD_PRECIO,1.65,33.0,163.15,15060.95,False,DURA 65 WITH  PP INSERT D65 SP UIAMPP 26R 7.5K BU TF V,7.5,Trifasico 400V,0.6,Polipropileno,NBR (Nitrilo),,
VERDER-146_6_0083,Verderflex,146.6.0083,PERISTALTICA,PREMIUM,1.65,33.0,163.15,17052.69,False,DURA 65 WITH  PP INSERT D65 SP UIAMPP 26R 7.5K CS TF V,7.5,Trifasico 400V,0.6,Polipropileno,CSM,,
VERDER-146_6_0084,Verderflex,146.6.0084,PERISTALTICA,PREMIUM,1.65,33.0,163.15,16419.86,False,DURA 65 WITH  PP INSERT D65 SP UIAHPP 26R11.0K NR TF V,7.5,Trifasico 400V,0.6,Polipropileno,NR,,
VERDER-146_6_0085,Verderflex,146.6.0085,PERISTALTICA,PREMIUM,1.65,33.0,163.15,16419.86,False,DURA 65 WITH  PP INSERT D65 SP UIAHPP 26R11.0K EP TF V,7.5,Trifasico 400V,0.6,Polipropileno,EPDM,,
VERDER-146_6_0086,Verderflex,146.6.0086,PERISTALTICA,PREMIUM,1.65,33.0,163.15,16419.86,False,DURA 65 WITH  PP INSERT D65 SP UIAHPP 26R11.0K BU TF V,7.5,Trifasico 400V,0.6,Polipropileno,NBR (Nitrilo),,
VERDER-146_6_0087,Verderflex,146.6.0087,PERISTALTICA,PREMIUM,1.65,33.0,163.15,18411.55,False,DURA 65 WITH  PP INSERT D65 SP UIAHPP 26R11.0K CS TF V,7.5,Trifasico 400V,0.6,Polipropileno,CSM,,
VERDER-146_6_0088,Verderflex,146.6.0088,PERISTALTICA,CALIDAD_PRECIO,1.65,33.0,163.15,14639.17,False,DURA 65 WITH  PP INSERT D65 NP UIALPP 31R 7.5K NR TF V,7.5,Trifasico 400V,0.6,Polipropileno,NR,,
VERDER-146_6_0089,Verderflex,146.6.0089,PERISTALTICA,CALIDAD_PRECIO,1.65,33.0,163.15,14639.17,False,DURA 65 WITH  PP INSERT D65 NP UIALPP 31R 7.5K EP TF V,7.5,Trifasico 400V,0.6,Polipropileno,EPDM,,
VERDER-146_6_0090,Verderflex,146.6.0090,PERISTALTICA,CALIDAD_PRECIO,1.65,33.0,163.15,14639.17,False,DURA 65 WITH  PP INSERT D65 NP UIALPP 31R 7.5K BU TF V,7.5,Trifasico 400V,0.6,Polipropileno,NBR (Nitrilo),,
VERDER-146_6_0091,Verderflex,146.6.0091,PERISTALTICA,PREMIUM,1.65,33.0,163.15,16630.89,False,DURA 65 WITH  PP INSERT D65 NP UIALPP 31R 7.5K CS TF V,7.5,Trifasico 400V,0.6,Polipropileno,CSM,,
VERDER-146_6_0092,Verderflex,146.6.0092,PERISTALTICA,CALIDAD_PRECIO,1.65,33.0,163.15,15236.31,False,DURA 65 WITH  PP INSERT D65 NP UIAMPP 33R 9.2K NR TF V,7.5,Trifasico 400V,0.6,Polipropileno,NR,,
VERDER-146_6_0093,Verderflex,146.6.0093,PERISTALTICA,CALIDAD_PRECIO,1.65,33.0,163.15,15236.31,False,DURA 65 WITH  PP INSERT D65 NP UIAMPP 33R 9.2K EP TF V,7.5,Trifasico 400V,0.6,Polipropileno,EPDM,,
VERDER-146_6_0094,Verderflex,146.6.0094,PERISTALTICA,CALIDAD_PRECIO,1.65,33.0,163.15,15236.31,False,DURA 65 WITH  PP INSERT D65 NP UIAMPP 33R 9.2K BU TF V,7.5,Trifasico 400V,0.6,Polipropileno,NBR (Nitrilo),,
VERDER-146_6_0095,Verderflex,146.6.0095,PERISTALTICA,PREMIUM,1.65,33.0,163.15,17228.02,False,DURA 65 WITH  PP INSERT D65 NP UIAMPP 33R 9.2K CS TF V,7.5,Trifasico 400V,0.6,Polipropileno,CSM,,
VERDER-146_6_0096,Verderflex,146.6.0096,PERISTALTICA,PREMIUM,1.65,33.0,163.15,16907.21,False,DURA 65 WITH  PP INSERT D65 NP UIAHPP 32R15.0K NR TF V,7.5,Trifasico 400V,0.6,Polipropileno,NR,,
VERDER-146_6_0097,Verderflex,146.6.0097,PERISTALTICA,PREMIUM,1.65,33.0,163.15,16907.21,False,DURA 65 WITH  PP INSERT D65 NP UIAHPP 32R15.0K EP TF V,7.5,Trifasico 400V,0.6,Polipropileno,EPDM,,
VERDER-146_6_0098,Verderflex,146.6.0098,PERISTALTICA,PREMIUM,1.65,33.0,163.15,16907.21,False,DURA 65 WITH  PP INSERT D65 NP UIAHPP 32R15.0K BU TF V,7.5,Trifasico 400V,0.6,Polipropileno,NBR (Nitrilo),,
VERDER-146_6_0099,Verderflex,146.6.0099,PERISTALTICA,PREMIUM,1.65,33.0,163.15,18898.91,False,DURA 65 WITH  PP INSERT D65 NP UIAHPP 32R15.0K CS TF V,7.5,Trifasico 400V,0.6,Polipropileno,CSM,,
VERDER-146_6_0210,Verderflex,146.6.0210,PERISTALTICA,CALIDAD_PRECIO,1.65,33.0,163.15,15126.73,False,DURA 65 WITH  PP INSERT D65 SP UIALPP 38R 9.2K NR TF V,7.5,Trifasico 400V,0.6,Polipropileno,NR,,
VERDER-146_6_0211,Verderflex,146.6.0211,PERISTALTICA,CALIDAD_PRECIO,1.65,33.0,163.15,15126.73,False,DURA 65 WITH  PP INSERT D65 SP UIALPP 38R 9.2K EP TF V,7.5,Trifasico 400V,0.6,Polipropileno,EPDM,,
VERDER-146_6_0212,Verderflex,146.6.0212,PERISTALTICA,CALIDAD_PRECIO,1.65,33.0,163.15,15126.73,False,DURA 65 WITH  PP INSERT D65 SP UIALPP 38R 9.2K BU TF V,7.5,Trifasico 400V,0.6,Polipropileno,NBR (Nitrilo),,
VERDER-146_6_0213,Verderflex,146.6.0213,PERISTALTICA,PREMIUM,1.65,33.0,163.15,17118.42,False,DURA 65 WITH  PP INSERT D65 SP UIALPP 38R 9.2K CS TF V,7.5,Trifasico 400V,0.6,Polipropileno,CSM,,
VERDER-146_6_0214,Verderflex,146.6.0214,PERISTALTICA,PREMIUM,1.65,33.0,163.15,16142.21,False,DURA 65 WITH  PP INSERT D65 SP UIAMPP 38R11.0K NR TF V,7.5,Trifasico 400V,0.6,Polipropileno,NR,,
VERDER-146_6_0215,Verderflex,146.6.0215,PERISTALTICA,PREMIUM,1.65,33.0,163.15,16142.21,False,DURA 65 WITH  PP INSERT D65 SP UIAMPP 38R11.0K EP TF V,7.5,Trifasico 400V,0.6,Polipropileno,EPDM,,
VERDER-146_6_0216,Verderflex,146.6.0216,PERISTALTICA,CALIDAD_PRECIO,1.65,33.0,163.15,16142.21,False,DURA 65 WITH  PP INSERT D65 SP UIAMPP 38R11.0K BU TF V,7.5,Trifasico 400V,0.6,Polipropileno,NBR (Nitrilo),,
VERDER-146_6_0217,Verderflex,146.6.0217,PERISTALTICA,PREMIUM,1.65,33.0,163.15,18133.89,False,DURA 65 WITH  PP INSERT D65 SP UIAMPP 38R11.0K CS TF V,7.5,Trifasico 400V,0.6,Polipropileno,CSM,,
VERDER-146_6_0218,Verderflex,146.6.0218,PERISTALTICA,PREMIUM,1.65,33.0,163.15,16868.47,False,DURA 65 WITH  PP INSERT D65 SP UIAHPP 38R18.5K NR TF V,7.5,Trifasico 400V,0.6,Polipropileno,NR,,
VERDER-146_6_0219,Verderflex,146.6.0219,PERISTALTICA,PREMIUM,1.65,33.0,163.15,16868.47,False,DURA 65 WITH  PP INSERT D65 SP UIAHPP 38R18.5K EP TF V,7.5,Trifasico 400V,0.6,Polipropileno,EPDM,,
VERDER-146_6_0220,Verderflex,146.6.0220,PERISTALTICA,PREMIUM,1.65,33.0,163.15,16868.47,False,DURA 65 WITH  PP INSERT D65 SP UIAHPP 38R18.5K BU TF V,7.5,Trifasico 400V,0.6,Polipropileno,NBR (Nitrilo),,
VERDER-146_6_0221,Verderflex,146.6.0221,PERISTALTICA,PREMIUM,1.65,33.0,163.15,18860.16,False,DURA 65 WITH  PP INSERT D65 SP UIAHPP 38R18.5K CS TF V,7.5,Trifasico 400V,0.6,Polipropileno,CSM,,
VERDER-146_6_0222,Verderflex,146.6.0222,PERISTALTICA,CALIDAD_PRECIO,1.65,33.0,163.15,15236.31,False,DURA 65 WITH  PP INSERT D65 NP UIALPP 41R 9.2K NR TF V,7.5,Trifasico 400V,0.6,Polipropileno,NR,,
VERDER-146_6_0223,Verderflex,146.6.0223,PERISTALTICA,CALIDAD_PRECIO,1.65,33.0,163.15,15236.31,False,DURA 65 WITH  PP INSERT D65 NP UIALPP 41R 9.2K EP TF V,7.5,Trifasico 400V,0.6,Polipropileno,EPDM,,
VERDER-146_6_0224,Verderflex,146.6.0224,PERISTALTICA,CALIDAD_PRECIO,1.65,33.0,163.15,15236.31,False,DURA 65 WITH  PP INSERT D65 NP UIALPP 41R 9.2K BU TF V,7.5,Trifasico 400V,0.6,Polipropileno,NBR (Nitrilo),,
VERDER-146_6_0225,Verderflex,146.6.0225,PERISTALTICA,PREMIUM,1.65,33.0,163.15,17228.02,False,DURA 65 WITH  PP INSERT D65 NP UIALPP 41R 9.2K CS TF V,7.5,Trifasico 400V,0.6,Polipropileno,CSM,,
VERDER-146_6_0226,Verderflex,146.6.0226,PERISTALTICA,PREMIUM,1.65,33.0,163.15,16629.56,False,DURA 65 WITH  PP INSERT D65 NP UIAMPP 44R15.0K NR TF V,7.5,Trifasico 400V,0.6,Polipropileno,NR,,
VERDER-146_6_0227,Verderflex,146.6.0227,PERISTALTICA,PREMIUM,1.65,33.0,163.15,16629.56,False,DURA 65 WITH  PP INSERT D65 NP UIAMPP 44R15.0K EP TF V,7.5,Trifasico 400V,0.6,Polipropileno,EPDM,,
VERDER-146_6_0228,Verderflex,146.6.0228,PERISTALTICA,PREMIUM,1.65,33.0,163.15,16629.56,False,DURA 65 WITH  PP INSERT D65 NP UIAMPP 44R15.0K BU TF V,7.5,Trifasico 400V,0.6,Polipropileno,NBR (Nitrilo),,
VERDER-146_6_0229,Verderflex,146.6.0229,PERISTALTICA,PREMIUM,1.65,33.0,163.15,18621.26,False,DURA 65 WITH  PP INSERT D65 NP UIAMPP 44R15.0K CS TF V,7.5,Trifasico 400V,0.6,Polipropileno,CSM,,
VERDER-146_6_0230,Verderflex,146.6.0230,PERISTALTICA,CALIDAD_PRECIO,1.65,33.0,163.15,15266.51,False,DURA 65 WITH  PP INSERT D65 NP UIALPP 48R11.0K NR TF V,7.5,Trifasico 400V,0.6,Polipropileno,NR,,
VERDER-146_6_0231,Verderflex,146.6.0231,PERISTALTICA,CALIDAD_PRECIO,1.65,33.0,163.15,15266.51,False,DURA 65 WITH  PP INSERT D65 NP UIALPP 48R11.0K EP TF V,7.5,Trifasico 400V,0.6,Polipropileno,EPDM,,
VERDER-146_6_0232,Verderflex,146.6.0232,PERISTALTICA,CALIDAD_PRECIO,1.65,33.0,163.15,15266.51,False,DURA 65 WITH  PP INSERT D65 NP UIALPP 48R11.0K BU TF V,7.5,Trifasico 400V,0.6,Polipropileno,NBR (Nitrilo),,
VERDER-146_6_0233,Verderflex,146.6.0233,PERISTALTICA,PREMIUM,1.65,33.0,163.15,17258.22,False,DURA 65 WITH  PP INSERT D65 NP UIALPP 48R11.0K CS TF V,7.5,Trifasico 400V,0.6,Polipropileno,CSM,,
VERDER-146_6_0234,Verderflex,146.6.0234,PERISTALTICA,PREMIUM,1.65,33.0,163.15,16629.56,False,DURA 65 WITH  PP INSERT D65 NP UIAMPP 52R15.0K NR TF V,7.5,Trifasico 400V,0.6,Polipropileno,NR,,
VERDER-146_6_0235,Verderflex,146.6.0235,PERISTALTICA,PREMIUM,1.65,33.0,163.15,16629.56,False,DURA 65 WITH  PP INSERT D65 NP UIAMPP 52R15.0K EP TF V,7.5,Trifasico 400V,0.6,Polipropileno,EPDM,,
VERDER-146_6_0236,Verderflex,146.6.0236,PERISTALTICA,PREMIUM,1.65,33.0,163.15,16629.56,False,DURA 65 WITH  PP INSERT D65 NP UIAMPP 52R15.0K BU TF V,7.5,Trifasico 400V,0.6,Polipropileno,NBR (Nitrilo),,
VERDER-146_6_0237,Verderflex,146.6.0237,PERISTALTICA,PREMIUM,1.65,33.0,163.15,18621.26,False,DURA 65 WITH  PP INSERT D65 NP UIAMPP 52R15.0K CS TF V,7.5,Trifasico 400V,0.6,Polipropileno,CSM,,
VERDER-146_6_0238,Verderflex,146.6.0238,PERISTALTICA,CALIDAD_PRECIO,1.65,33.0,163.15,15266.51,False,DURA 65 WITH  PP INSERT D65 NP UIALPP 55R11.0K NR TF V,7.5,Trifasico 400V,0.6,Polipropileno,NR,,
VERDER-146_6_0239,Verderflex,146.6.0239,PERISTALTICA,CALIDAD_PRECIO,1.65,33.0,163.15,15266.51,False,DURA 65 WITH  PP INSERT D65 NP UIALPP 55R11.0K EP TF V,7.5,Trifasico 400V,0.6,Polipropileno,EPDM,,
VERDER-146_6_0240,Verderflex,146.6.0240,PERISTALTICA,CALIDAD_PRECIO,1.65,33.0,163.15,15266.51,False,DURA 65 WITH  PP INSERT D65 NP UIALPP 55R11.0K BU TF V,7.5,Trifasico 400V,0.6,Polipropileno,NBR (Nitrilo),,
VERDER-146_6_0241,Verderflex,146.6.0241,PERISTALTICA,PREMIUM,1.65,33.0,163.15,17258.22,False,DURA 65 WITH  PP INSERT D65 NP UIALPP 55R11.0K CS TF V,7.5,Trifasico 400V,0.6,Polipropileno,CSM,,
VERDER-146_6_0242,Verderflex,146.6.0242,PERISTALTICA,CALIDAD_PRECIO,1.65,33.0,163.15,15753.87,False,DURA 65 WITH  PP INSERT D65 NP UIALPP 60R15.0K NR TF V,7.5,Trifasico 400V,0.6,Polipropileno,NR,,
VERDER-146_6_0243,Verderflex,146.6.0243,PERISTALTICA,CALIDAD_PRECIO,1.65,33.0,163.15,15753.87,False,DURA 65 WITH  PP INSERT D65 NP UIALPP 60R15.0K EP TF V,7.5,Trifasico 400V,0.6,Polipropileno,EPDM,,
VERDER-146_6_0244,Verderflex,146.6.0244,PERISTALTICA,CALIDAD_PRECIO,1.65,33.0,163.15,15753.87,False,DURA 65 WITH  PP INSERT D65 NP UIALPP 60R15.0K BU TF V,7.5,Trifasico 400V,0.6,Polipropileno,NBR (Nitrilo),,
VERDER-146_6_0245,Verderflex,146.6.0245,PERISTALTICA,PREMIUM,1.65,33.0,163.15,17745.59,False,DURA 65 WITH  PP INSERT D65 NP UIALPP 60R15.0K CS TF V,7.5,Trifasico 400V,0.6,Polipropileno,CSM,,
VERDER-146_6_0246,Verderflex,146.6.0246,PERISTALTICA,PREMIUM,1.65,33.0,163.15,17117.97,False,DURA 65 WITH  PVDF INSERT D65 NP UIALPV 10R 3.0K EP TF V,7.5,Trifasico 400V,0.6,PVDF,EPDM,,
VERDER-146_6_0247,Verderflex,146.6.0247,PERISTALTICA,PREMIUM,1.65,33.0,163.15,17117.97,False,DURA 65 WITH  PVDF INSERT D65 NP UIALPV 10R 3.0K BU TF V,7.5,Trifasico 400V,0.6,PVDF,NBR (Nitrilo),,
VERDER-146_6_0248,Verderflex,146.6.0248,PERISTALTICA,PREMIUM,1.65,33.0,163.15,19369.53,False,DURA 65 WITH  PVDF INSERT D65 NP UIALPV 10R 3.0K CS TF V,7.5,Trifasico 400V,0.6,PVDF,CSM,,
VERDER-146_6_0249,Verderflex,146.6.0249,PERISTALTICA,PREMIUM,1.65,33.0,163.15,17456.56,False,DURA 65 WITH  PVDF INSERT D65 NP UIAMPV 10R 4.0K EP TF V,7.5,Trifasico 400V,0.6,PVDF,EPDM,,
VERDER-146_6_0250,Verderflex,146.6.0250,PERISTALTICA,PREMIUM,1.65,33.0,163.15,17456.56,False,DURA 65 WITH  PVDF INSERT D65 NP UIAMPV 10R 4.0K BU TF V,7.5,Trifasico 400V,0.6,PVDF,NBR (Nitrilo),,
VERDER-146_6_0251,Verderflex,146.6.0251,PERISTALTICA,PREMIUM,1.65,33.0,163.15,19708.13,False,DURA 65 WITH  PVDF INSERT D65 NP UIAMPV 10R 4.0K CS TF V,7.5,Trifasico 400V,0.6,PVDF,CSM,,
VERDER-146_6_0252,Verderflex,146.6.0252,PERISTALTICA,PREMIUM,1.65,33.0,163.15,17728.2,False,DURA 65 WITH  PVDF INSERT D65 NP UIAHPV 10R 5.5K EP TF V,7.5,Trifasico 400V,0.6,PVDF,EPDM,,
VERDER-146_6_0253,Verderflex,146.6.0253,PERISTALTICA,PREMIUM,1.65,33.0,163.15,17728.2,False,DURA 65 WITH  PVDF INSERT D65 NP UIAHPV 10R 5.5K BU TF V,7.5,Trifasico 400V,0.6,PVDF,NBR (Nitrilo),,
VERDER-146_6_0254,Verderflex,146.6.0254,PERISTALTICA,PREMIUM,1.65,33.0,163.15,19979.76,False,DURA 65 WITH  PVDF INSERT D65 NP UIAHPV 10R 5.5K CS TF V,7.5,Trifasico 400V,0.6,PVDF,CSM,,
VERDER-146_6_0101,Verderflex,146.6.0101,PERISTALTICA,PREMIUM,1.65,33.0,163.15,17213.57,False,DURA 65 WITH  PVDF INSERT D65 NP UIALPV 18R 4.0K EP TF V,7.5,Trifasico 400V,0.6,PVDF,EPDM,,
VERDER-146_6_0102,Verderflex,146.6.0102,PERISTALTICA,PREMIUM,1.65,33.0,163.15,17213.57,False,DURA 65 WITH  PVDF INSERT D65 NP UIALPV 18R 4.0K BU TF V,7.5,Trifasico 400V,0.6,PVDF,NBR (Nitrilo),,
VERDER-146_6_0103,Verderflex,146.6.0103,PERISTALTICA,PREMIUM,1.65,33.0,163.15,19465.15,False,DURA 65 WITH  PVDF INSERT D65 NP UIALPV 18R 4.0K CS TF V,7.5,Trifasico 400V,0.6,PVDF,CSM,,
VERDER-146_6_0105,Verderflex,146.6.0105,PERISTALTICA,PREMIUM,1.65,33.0,163.15,17728.2,False,DURA 65 WITH  PVDF INSERT D65 NP UIAMPV 18R 5.5K EP TF V,7.5,Trifasico 400V,0.6,PVDF,EPDM,,
VERDER-146_6_0106,Verderflex,146.6.0106,PERISTALTICA,PREMIUM,1.65,33.0,163.15,17728.2,False,DURA 65 WITH  PVDF INSERT D65 NP UIAMPV 18R 5.5K BU TF V,7.5,Trifasico 400V,0.6,PVDF,NBR (Nitrilo),,
VERDER-146_6_0107,Verderflex,146.6.0107,PERISTALTICA,PREMIUM,1.65,33.0,163.15,19979.76,False,DURA 65 WITH  PVDF INSERT D65 NP UIAMPV 18R 5.5K CS TF V,7.5,Trifasico 400V,0.6,PVDF,CSM,,
VERDER-146_6_0109,Verderflex,146.6.0109,PERISTALTICA,PREMIUM,1.65,33.0,163.15,18764.69,False,DURA 65 WITH  PVDF INSERT D65 NP UIAHPV 18R 7.5K EP TF V,7.5,Trifasico 400V,0.6,PVDF,EPDM,,
VERDER-146_6_0110,Verderflex,146.6.0110,PERISTALTICA,PREMIUM,1.65,33.0,163.15,18764.69,False,DURA 65 WITH  PVDF INSERT D65 NP UIAHPV 18R 7.5K BU TF V,7.5,Trifasico 400V,0.6,PVDF,NBR (Nitrilo),,
VERDER-146_6_0111,Verderflex,146.6.0111,PERISTALTICA,PREMIUM,1.65,33.0,163.15,21016.25,False,DURA 65 WITH  PVDF INSERT D65 NP UIAHPV 18R 7.5K CS TF V,7.5,Trifasico 400V,0.6,PVDF,CSM,,
VERDER-146_6_0113,Verderflex,146.6.0113,PERISTALTICA,PREMIUM,1.65,33.0,163.15,17374.81,False,DURA 65 WITH  PVDF INSERT D65 NP UIALPV 23R 5.5K EP TF V,7.5,Trifasico 400V,0.6,PVDF,EPDM,,
VERDER-146_6_0114,Verderflex,146.6.0114,PERISTALTICA,PREMIUM,1.65,33.0,163.15,17374.81,False,DURA 65 WITH  PVDF INSERT D65 NP UIALPV 23R 5.5K BU TF V,7.5,Trifasico 400V,0.6,PVDF,NBR (Nitrilo),,
VERDER-146_6_0115,Verderflex,146.6.0115,PERISTALTICA,PREMIUM,1.65,33.0,163.15,19626.38,False,DURA 65 WITH  PVDF INSERT D65 NP UIALPV 23R 5.5K CS TF V,7.5,Trifasico 400V,0.6,PVDF,CSM,,
VERDER-146_6_0117,Verderflex,146.6.0117,PERISTALTICA,PREMIUM,1.65,33.0,163.15,17923.58,False,DURA 65 WITH  PVDF INSERT D65 NP UIAMPV 23R 7.5K EP TF V,7.5,Trifasico 400V,0.6,PVDF,EPDM,,
VERDER-146_6_0118,Verderflex,146.6.0118,PERISTALTICA,PREMIUM,1.65,33.0,163.15,17923.58,False,DURA 65 WITH  PVDF INSERT D65 NP UIAMPV 23R 7.5K BU TF V,7.5,Trifasico 400V,0.6,PVDF,NBR (Nitrilo),,
VERDER-146_6_0119,Verderflex,146.6.0119,PERISTALTICA,PREMIUM,1.65,33.0,163.15,20175.11,False,DURA 65 WITH  PVDF INSERT D65 NP UIAMPV 23R 7.5K CS TF V,7.5,Trifasico 400V,0.6,PVDF,CSM,,
VERDER-146_6_0121,Verderflex,146.6.0121,PERISTALTICA,PREMIUM,1.65,33.0,163.15,19252.26,False,DURA 65 WITH  PVDF INSERT D65 NP UIAHPV 23R 9.2K EP TF V,7.5,Trifasico 400V,0.6,PVDF,EPDM,,
VERDER-146_6_0122,Verderflex,146.6.0122,PERISTALTICA,PREMIUM,1.65,33.0,163.15,19252.26,False,DURA 65 WITH  PVDF INSERT D65 NP UIAHPV 23R 9.2K BU TF V,7.5,Trifasico 400V,0.6,PVDF,NBR (Nitrilo),,
VERDER-146_6_0123,Verderflex,146.6.0123,PERISTALTICA,PREMIUM,1.65,33.0,163.15,21503.83,False,DURA 65 WITH  PVDF INSERT D65 NP UIAHPV 23R 9.2K CS TF V,7.5,Trifasico 400V,0.6,PVDF,CSM,,
VERDER-146_6_0125,Verderflex,146.6.0125,PERISTALTICA,PREMIUM,1.65,33.0,163.15,17163.08,False,DURA 65 WITH  PVDF INSERT D65 NP UIALPV 26R 5.5K EP TF V,7.5,Trifasico 400V,0.6,PVDF,EPDM,,
VERDER-146_6_0126,Verderflex,146.6.0126,PERISTALTICA,PREMIUM,1.65,33.0,163.15,17163.08,False,DURA 65 WITH  PVDF INSERT D65 NP UIALPV 26R 5.5K BU TF V,7.5,Trifasico 400V,0.6,PVDF,NBR (Nitrilo),,
VERDER-146_6_0127,Verderflex,146.6.0127,PERISTALTICA,PREMIUM,1.65,33.0,163.15,19414.65,False,DURA 65 WITH  PVDF INSERT D65 NP UIALPV 26R 5.5K CS TF V,7.5,Trifasico 400V,0.6,PVDF,CSM,,
VERDER-146_6_0129,Verderflex,146.6.0129,PERISTALTICA,PREMIUM,1.65,33.0,163.15,17923.58,False,DURA 65 WITH  PVDF INSERT D65 NP UIAMPV 26R 7.5K EP TF V,7.5,Trifasico 400V,0.6,PVDF,EPDM,,
VERDER-146_6_0130,Verderflex,146.6.0130,PERISTALTICA,PREMIUM,1.65,33.0,163.15,17923.58,False,DURA 65 WITH  PVDF INSERT D65 NP UIAMPV 26R 7.5K BU TF V,7.5,Trifasico 400V,0.6,PVDF,NBR (Nitrilo),,
VERDER-146_6_0131,Verderflex,146.6.0131,PERISTALTICA,PREMIUM,1.65,33.0,163.15,20175.11,False,DURA 65 WITH  PVDF INSERT D65 NP UIAMPV 26R 7.5K CS TF V,7.5,Trifasico 400V,0.6,PVDF,CSM,,
VERDER-146_6_0133,Verderflex,146.6.0133,PERISTALTICA,PREMIUM,1.65,33.0,163.15,19282.45,False,DURA 65 WITH  PVDF INSERT D65 NP UIAHPV 26R11.0K EP TF V,7.5,Trifasico 400V,0.6,PVDF,EPDM,,
VERDER-146_6_0134,Verderflex,146.6.0134,PERISTALTICA,PREMIUM,1.65,33.0,163.15,19282.45,False,DURA 65 WITH  PVDF INSERT D65 NP UIAHPV 26R11.0K BU TF V,7.5,Trifasico 400V,0.6,PVDF,NBR (Nitrilo),,
VERDER-146_6_0135,Verderflex,146.6.0135,PERISTALTICA,PREMIUM,1.65,33.0,163.15,21534.02,False,DURA 65 WITH  PVDF INSERT D65 NP UIAHPV 26R11.0K CS TF V,7.5,Trifasico 400V,0.6,PVDF,CSM,,
VERDER-146_6_0137,Verderflex,146.6.0137,PERISTALTICA,PREMIUM,1.65,33.0,163.15,17501.79,False,DURA 65 WITH  PVDF INSERT D65 NP UIALPV 31R 7.5K EP TF V,7.5,Trifasico 400V,0.6,PVDF,EPDM,,
VERDER-146_6_0138,Verderflex,146.6.0138,PERISTALTICA,PREMIUM,1.65,33.0,163.15,17501.79,False,DURA 65 WITH  PVDF INSERT D65 NP UIALPV 31R 7.5K BU TF V,7.5,Trifasico 400V,0.6,PVDF,NBR (Nitrilo),,
VERDER-146_6_0139,Verderflex,146.6.0139,PERISTALTICA,PREMIUM,1.65,33.0,163.15,19753.35,False,DURA 65 WITH  PVDF INSERT D65 NP UIALPV 31R 7.5K CS TF V,7.5,Trifasico 400V,0.6,PVDF,CSM,,
VERDER-146_6_0141,Verderflex,146.6.0141,PERISTALTICA,PREMIUM,1.65,33.0,163.15,18098.92,False,DURA 65 WITH  PVDF INSERT D65 NP UIAMPV 33R 9.2K EP TF V,7.5,Trifasico 400V,0.6,PVDF,EPDM,,
VERDER-146_6_0142,Verderflex,146.6.0142,PERISTALTICA,PREMIUM,1.65,33.0,163.15,18098.92,False,DURA 65 WITH  PVDF INSERT D65 NP UIAMPV 33R 9.2K BU TF V,7.5,Trifasico 400V,0.6,PVDF,NBR (Nitrilo),,
VERDER-146_6_0143,Verderflex,146.6.0143,PERISTALTICA,PREMIUM,1.65,33.0,163.15,20350.51,False,DURA 65 WITH  PVDF INSERT D65 NP UIAMPV 33R 9.2K CS TF V,7.5,Trifasico 400V,0.6,PVDF,CSM,,
VERDER-146_6_0145,Verderflex,146.6.0145,PERISTALTICA,PREMIUM,1.65,33.0,163.15,19769.82,False,DURA 65 WITH  PVDF INSERT D65 NP UIAHPV 32R15.0K EP TF V,7.5,Trifasico 400V,0.6,PVDF,EPDM,,
VERDER-146_6_0146,Verderflex,146.6.0146,PERISTALTICA,PREMIUM,1.65,33.0,163.15,19769.82,False,DURA 65 WITH  PVDF INSERT D65 NP UIAHPV 32R15.0K BU TF V,7.5,Trifasico 400V,0.6,PVDF,NBR (Nitrilo),,
VERDER-146_6_0147,Verderflex,146.6.0147,PERISTALTICA,PREMIUM,1.65,33.0,163.15,22021.39,False,DURA 65 WITH  PVDF INSERT D65 NP UIAHPV 32R15.0K CS TF V,7.5,Trifasico 400V,0.6,PVDF,CSM,,
VERDER-146_6_0255,Verderflex,146.6.0255,PERISTALTICA,PREMIUM,1.65,33.0,163.15,17989.33,False,DURA 65 WITH  PVDF INSERT D65 NP UIALPV 38R 9.2K EP TF V,7.5,Trifasico 400V,0.6,PVDF,EPDM,,
VERDER-146_6_0256,Verderflex,146.6.0256,PERISTALTICA,PREMIUM,1.65,33.0,163.15,17989.33,False,DURA 65 WITH  PVDF INSERT D65 NP UIALPV 38R 9.2K BU TF V,7.5,Trifasico 400V,0.6,PVDF,NBR (Nitrilo),,
VERDER-146_6_0257,Verderflex,146.6.0257,PERISTALTICA,PREMIUM,1.65,33.0,163.15,20240.91,False,DURA 65 WITH  PVDF INSERT D65 NP UIALPV 38R 9.2K CS TF V,7.5,Trifasico 400V,0.6,PVDF,CSM,,
VERDER-146_6_0258,Verderflex,146.6.0258,PERISTALTICA,PREMIUM,1.65,33.0,163.15,19004.82,False,DURA 65 WITH  PVDF INSERT D65 NP UIAMPV 38R11.0K EP TF V,7.5,Trifasico 400V,0.6,PVDF,EPDM,,
VERDER-146_6_0259,Verderflex,146.6.0259,PERISTALTICA,PREMIUM,1.65,33.0,163.15,19004.82,False,DURA 65 WITH  PVDF INSERT D65 NP UIAMPV 38R11.0K BU TF V,7.5,Trifasico 400V,0.6,PVDF,NBR (Nitrilo),,
VERDER-146_6_0260,Verderflex,146.6.0260,PERISTALTICA,PREMIUM,1.65,33.0,163.15,21256.39,False,DURA 65 WITH  PVDF INSERT D65 NP UIAMPV 38R11.0K CS TF V,7.5,Trifasico 400V,0.6,PVDF,CSM,,
VERDER-146_6_0261,Verderflex,146.6.0261,PERISTALTICA,PREMIUM,1.65,33.0,163.15,19731.08,False,DURA 65 WITH  PVDF INSERT D65 NP UIAHPV 38R18.5K EP TF V,7.5,Trifasico 400V,0.6,PVDF,EPDM,,
VERDER-146_6_0262,Verderflex,146.6.0262,PERISTALTICA,PREMIUM,1.65,33.0,163.15,19731.08,False,DURA 65 WITH  PVDF INSERT D65 NP UIAHPV 38R18.5K BU TF V,7.5,Trifasico 400V,0.6,PVDF,NBR (Nitrilo),,
VERDER-146_6_0263,Verderflex,146.6.0263,PERISTALTICA,PREMIUM,1.65,33.0,163.15,21982.63,False,DURA 65 WITH  PVDF INSERT D65 NP UIAHPV 38R18.5K CS TF V,7.5,Trifasico 400V,0.6,PVDF,CSM,,
VERDER-146_6_0264,Verderflex,146.6.0264,PERISTALTICA,PREMIUM,1.65,33.0,163.15,18098.92,False,DURA 65 WITH  PVDF INSERT D65 NP UIALPV 41R 9.2K EP TF V,7.5,Trifasico 400V,0.6,PVDF,EPDM,,
VERDER-146_6_0265,Verderflex,146.6.0265,PERISTALTICA,PREMIUM,1.65,33.0,163.15,18098.92,False,DURA 65 WITH  PVDF INSERT D65 NP UIALPV 41R 9.2K BU TF V,7.5,Trifasico 400V,0.6,PVDF,NBR (Nitrilo),,
VERDER-146_6_0266,Verderflex,146.6.0266,PERISTALTICA,PREMIUM,1.65,33.0,163.15,20350.51,False,DURA 65 WITH  PVDF INSERT D65 NP UIALPV 41R 9.2K CS TF V,7.5,Trifasico 400V,0.6,PVDF,CSM,,
VERDER-146_6_0267,Verderflex,146.6.0267,PERISTALTICA,PREMIUM,1.65,33.0,163.15,19492.2,False,DURA 65 WITH  PVDF INSERT D65 NP UIAMPV 44R15.0K EP TF V,7.5,Trifasico 400V,0.6,PVDF,EPDM,,
VERDER-146_6_0268,Verderflex,146.6.0268,PERISTALTICA,PREMIUM,1.65,33.0,163.15,19492.2,False,DURA 65 WITH  PVDF INSERT D65 NP UIAMPV 44R15.0K BU TF V,7.5,Trifasico 400V,0.6,PVDF,NBR (Nitrilo),,
VERDER-146_6_0269,Verderflex,146.6.0269,PERISTALTICA,PREMIUM,1.65,33.0,163.15,21743.75,False,DURA 65 WITH  PVDF INSERT D65 NP UIAMPV 44R15.0K CS TF V,7.5,Trifasico 400V,0.6,PVDF,CSM,,
VERDER-146_6_0270,Verderflex,146.6.0270,PERISTALTICA,PREMIUM,1.65,33.0,163.15,18129.12,False,DURA 65 WITH  PVDF INSERT D65 NP UIALPV 48R11.0K EP TF V,7.5,Trifasico 400V,0.6,PVDF,EPDM,,
VERDER-146_6_0271,Verderflex,146.6.0271,PERISTALTICA,PREMIUM,1.65,33.0,163.15,18129.12,False,DURA 65 WITH  PVDF INSERT D65 NP UIALPV 48R11.0K BU TF V,7.5,Trifasico 400V,0.6,PVDF,NBR (Nitrilo),,
VERDER-146_6_0272,Verderflex,146.6.0272,PERISTALTICA,PREMIUM,1.65,33.0,163.15,20380.68,False,DURA 65 WITH  PVDF INSERT D65 NP UIALPV 48R11.0K CS TF V,7.5,Trifasico 400V,0.6,PVDF,CSM,,
VERDER-146_6_0273,Verderflex,146.6.0273,PERISTALTICA,PREMIUM,1.65,33.0,163.15,19492.2,False,DURA 65 WITH  PVDF INSERT D65 NP UIAMPV 52R15.0K EP TF V,7.5,Trifasico 400V,0.6,PVDF,EPDM,,
VERDER-146_6_0274,Verderflex,146.6.0274,PERISTALTICA,PREMIUM,1.65,33.0,163.15,19492.2,False,DURA 65 WITH  PVDF INSERT D65 NP UIAMPV 52R15.0K BU TF V,7.5,Trifasico 400V,0.6,PVDF,NBR (Nitrilo),,
VERDER-146_6_0275,Verderflex,146.6.0275,PERISTALTICA,PREMIUM,1.65,33.0,163.15,21743.75,False,DURA 65 WITH  PVDF INSERT D65 NP UIAMPV 52R15.0K CS TF V,7.5,Trifasico 400V,0.6,PVDF,CSM,,
VERDER-146_6_0276,Verderflex,146.6.0276,PERISTALTICA,PREMIUM,1.65,33.0,163.15,18129.12,False,DURA 65 WITH  PVDF INSERT D65 NP UIALPV 55R11.0K EP TF V,7.5,Trifasico 400V,0.6,PVDF,EPDM,,
VERDER-146_6_0277,Verderflex,146.6.0277,PERISTALTICA,PREMIUM,1.65,33.0,163.15,18129.12,False,DURA 65 WITH  PVDF INSERT D65 NP UIALPV 55R11.0K BU TF V,7.5,Trifasico 400V,0.6,PVDF,NBR (Nitrilo),,
VERDER-146_6_0278,Verderflex,146.6.0278,PERISTALTICA,PREMIUM,1.65,33.0,163.15,20380.68,False,DURA 65 WITH  PVDF INSERT D65 NP UIALPV 55R11.0K CS TF V,7.5,Trifasico 400V,0.6,PVDF,CSM,,
VERDER-146_6_0279,Verderflex,146.6.0279,PERISTALTICA,PREMIUM,1.65,33.0,163.15,18616.5,False,DURA 65 WITH  PVDF INSERT D65 NP UIALPV 60R15.0K EP TF V,7.5,Trifasico 400V,0.6,PVDF,EPDM,,
VERDER-146_6_0280,Verderflex,146.6.0280,PERISTALTICA,PREMIUM,1.65,33.0,163.15,18616.5,False,DURA 65 WITH  PVDF INSERT D65 NP UIALPV 60R15.0K BU TF V,7.5,Trifasico 400V,0.6,PVDF,NBR (Nitrilo),,
VERDER-146_6_0281,Verderflex,146.6.0281,PERISTALTICA,PREMIUM,1.65,33.0,163.15,20868.05,False,DURA 65 WITH  PVDF INSERT D65 NP UIALPV 60R15.0K CS TF V,7.5,Trifasico 400V,0.6,PVDF,CSM,,
VERDER-146_8_0001,Verderflex,146.8.0001,PERISTALTICA,PREMIUM,2.1,42.0,163.15,22020.22,False,D80 with 1 Piece 316 Stainless Steel Flange D80 NP USALSS 10R 3.0K NR TF V,11.0,Trifasico 400V,0.6,Acero inoxidable,NR,,
VERDER-146_8_0002,Verderflex,146.8.0002,PERISTALTICA,CALIDAD_PRECIO,2.1,42.0,163.15,22020.22,False,D80 with 1 Piece 316 Stainless Steel Flange D80 NP USALSS 10R 3.0K EP TF V,11.0,Trifasico 400V,0.6,Acero inoxidable,EPDM,,
VERDER-146_8_0003,Verderflex,146.8.0003,PERISTALTICA,CALIDAD_PRECIO,2.1,42.0,163.15,22020.22,False,D80 with 1 Piece 316 Stainless Steel Flange D80 NP USALSS 10R 3.0K BU TF V,11.0,Trifasico 400V,0.6,Acero inoxidable,NBR (Nitrilo),,
VERDER-146_8_0004,Verderflex,146.8.0004,PERISTALTICA,PREMIUM,2.1,42.0,163.15,25135.44,False,D80 with 1 Piece 316 Stainless Steel Flange D80 NP USALSS 10R 3.0K CS TF V,11.0,Trifasico 400V,0.6,Acero inoxidable,CSM,,
VERDER-146_8_0005,Verderflex,146.8.0005,PERISTALTICA,PREMIUM,2.1,42.0,163.15,22728.07,False,D80 with 1 Piece 316 Stainless Steel Flange D80 NP USAMSS 10R 4.0K NR TF V,11.0,Trifasico 400V,0.6,Acero inoxidable,NR,,
VERDER-146_8_0006,Verderflex,146.8.0006,PERISTALTICA,CALIDAD_PRECIO,2.1,42.0,163.15,22020.22,False,D80 with 1 Piece 316 Stainless Steel Flange D80 NP USAMSS 10R 4.0K NR TF V,11.0,Trifasico 400V,0.6,Acero inoxidable,NR,,
VERDER-146_8_0007,Verderflex,146.8.0007,PERISTALTICA,CALIDAD_PRECIO,2.1,42.0,163.15,22020.22,False,D80 with 1 Piece 316 Stainless Steel Flange D80 NP USAMSS 10R 4.0K EP TF V,11.0,Trifasico 400V,0.6,Acero inoxidable,EPDM,,
VERDER-146_8_0008,Verderflex,146.8.0008,PERISTALTICA,CALIDAD_PRECIO,2.1,42.0,163.15,22020.22,False,D80 with 1 Piece 316 Stainless Steel Flange D80 NP USAMSS 10R 4.0K BU TF V,11.0,Trifasico 400V,0.6,Acero inoxidable,NBR (Nitrilo),,
VERDER-146_8_0009,Verderflex,146.8.0009,PERISTALTICA,PREMIUM,2.1,42.0,163.15,25135.44,False,D80 with 1 Piece 316 Stainless Steel Flange D80 NP USAMSS 10R 4.0K CS TF V,11.0,Trifasico 400V,0.6,Acero inoxidable,CSM,,
VERDER-146_8_0010,Verderflex,146.8.0010,PERISTALTICA,PREMIUM,2.1,42.0,163.15,24295.6,False,D80 with 1 Piece 316 Stainless Steel Flange D80 NP USAHSS 11R 7.5K NR TF V,11.0,Trifasico 400V,0.6,Acero inoxidable,NR,,
VERDER-146_8_0011,Verderflex,146.8.0011,PERISTALTICA,PREMIUM,2.1,42.0,163.15,24295.6,False,D80 with 1 Piece 316 Stainless Steel Flange D80 NP USAHSS 11R 7.5K EP TF V,11.0,Trifasico 400V,0.6,Acero inoxidable,EPDM,,
VERDER-146_8_0012,Verderflex,146.8.0012,PERISTALTICA,PREMIUM,2.1,42.0,163.15,24295.6,False,D80 with 1 Piece 316 Stainless Steel Flange D80 NP USAHSS 11R 7.5K BU TF V,11.0,Trifasico 400V,0.6,Acero inoxidable,NBR (Nitrilo),,
VERDER-146_8_0013,Verderflex,146.8.0013,PERISTALTICA,PREMIUM,2.1,42.0,163.15,26806.93,False,D80 with 1 Piece 316 Stainless Steel Flange D80 NP USAHSS 11R 7.5K CS TF V,11.0,Trifasico 400V,0.6,Acero inoxidable,CSM,,
VERDER-146_8_0014,Verderflex,146.8.0014,PERISTALTICA,CALIDAD_PRECIO,2.1,42.0,163.15,22335.6,False,D80 with 1 Piece 316 Stainless Steel Flange D80 NP USALSS 19R 5.5K NR TF V,11.0,Trifasico 400V,0.6,Acero inoxidable,NR,,
VERDER-146_8_0015,Verderflex,146.8.0015,PERISTALTICA,CALIDAD_PRECIO,2.1,42.0,163.15,22335.6,False,D80 with 1 Piece 316 Stainless Steel Flange D80 NP USALSS 19R 5.5K EP TF V,11.0,Trifasico 400V,0.6,Acero inoxidable,EPDM,,
VERDER-146_8_0016,Verderflex,146.8.0016,PERISTALTICA,CALIDAD_PRECIO,2.1,42.0,163.15,22335.6,False,D80 with 1 Piece 316 Stainless Steel Flange D80 NP USALSS 19R 5.5K BU TF V,11.0,Trifasico 400V,0.6,Acero inoxidable,NBR (Nitrilo),,
VERDER-146_8_0017,Verderflex,146.8.0017,PERISTALTICA,PREMIUM,2.1,42.0,163.15,25449.64,False,D80 with 1 Piece 316 Stainless Steel Flange D80 NP USALSS 19R 5.5K CS TF V,11.0,Trifasico 400V,0.6,Acero inoxidable,CSM,,
VERDER-146_8_0018,Verderflex,146.8.0018,PERISTALTICA,CALIDAD_PRECIO,2.1,42.0,163.15,23043.44,False,D80 with 1 Piece 316 Stainless Steel Flange D80 NP USALSS 19R 5.5K FG TF V,11.0,Trifasico 400V,0.6,Acero inoxidable,NBRF,,
VERDER-146_8_0019,Verderflex,146.8.0019,PERISTALTICA,CALIDAD_PRECIO,2.1,42.0,163.15,23285.23,False,D80 with 1 Piece 316 Stainless Steel Flange D80 NP USAMSS 19R 9.2K NR TF V,11.0,Trifasico 400V,0.6,Acero inoxidable,NR,,
VERDER-146_8_0020,Verderflex,146.8.0020,PERISTALTICA,CALIDAD_PRECIO,2.1,42.0,163.15,23285.23,False,D80 with 1 Piece 316 Stainless Steel Flange D80 NP USAMSS 19R 9.2K EP TF V,11.0,Trifasico 400V,0.6,Acero inoxidable,EPDM,,
VERDER-146_8_0021,Verderflex,146.8.0021,PERISTALTICA,CALIDAD_PRECIO,2.1,42.0,163.15,23285.23,False,D80 with 1 Piece 316 Stainless Steel Flange D80 NP USAMSS 19R 9.2K BU TF V,11.0,Trifasico 400V,0.6,Acero inoxidable,NBR (Nitrilo),,
VERDER-146_8_0022,Verderflex,146.8.0022,PERISTALTICA,PREMIUM,2.1,42.0,163.15,25341.02,False,D80 with 1 Piece 316 Stainless Steel Flange D80 NP USAMSS 19R 9.2K CS TF V,11.0,Trifasico 400V,0.6,Acero inoxidable,CSM,,
VERDER-146_8_0023,Verderflex,146.8.0023,PERISTALTICA,PREMIUM,2.1,42.0,163.15,27858.18,False,D80 with 1 Piece 316 Stainless Steel Flange D80 NP USAHSS 19R 11.0K NR TF V,11.0,Trifasico 400V,0.6,Acero inoxidable,NR,,
VERDER-146_8_0024,Verderflex,146.8.0024,PERISTALTICA,PREMIUM,2.1,42.0,163.15,27858.18,False,D80 with 1 Piece 316 Stainless Steel Flange D80 NP USAHSS 19R 11.0K EP TF V,11.0,Trifasico 400V,0.6,Acero inoxidable,EPDM,,
VERDER-146_8_0025,Verderflex,146.8.0025,PERISTALTICA,PREMIUM,2.1,42.0,163.15,27858.18,False,D80 with 1 Piece 316 Stainless Steel Flange D80 NP USAHSS 19R 11.0K BU TF V,11.0,Trifasico 400V,0.6,Acero inoxidable,NBR (Nitrilo),,
VERDER-146_8_0026,Verderflex,146.8.0026,PERISTALTICA,PREMIUM,2.1,42.0,163.15,28442.21,False,D80 with 1 Piece 316 Stainless Steel Flange D80 NP USAHSS 19R 11.0K CS TF V,11.0,Trifasico 400V,0.6,Acero inoxidable,CSM,,
VERDER-146_8_0027,Verderflex,146.8.0027,PERISTALTICA,BARATA,2.1,42.0,163.15,22020.22,False,D80 with 1 Piece 316 Stainless Steel Flange D80 SP USALSS 23R 7.5K NR TF V,11.0,Trifasico 400V,0.6,Acero inoxidable,NR,,
VERDER-146_8_0028,Verderflex,146.8.0028,PERISTALTICA,BARATA,2.1,42.0,163.15,22020.22,False,D80 with 1 Piece 316 Stainless Steel Flange D80 SP USALSS 23R 7.5K EP TF V,11.0,Trifasico 400V,0.6,Acero inoxidable,EPDM,,
VERDER-146_8_0029,Verderflex,146.8.0029,PERISTALTICA,BARATA,2.1,42.0,163.15,22020.22,False,D80 with 1 Piece 316 Stainless Steel Flange D80 SP USALSS 23R 7.5K BU TF V,11.0,Trifasico 400V,0.6,Acero inoxidable,NBR (Nitrilo),,
VERDER-146_8_0030,Verderflex,146.8.0030,PERISTALTICA,PREMIUM,2.1,42.0,163.15,25135.44,False,D80 with 1 Piece 316 Stainless Steel Flange D80 SP USALSS 23R 7.5K CS TF V,11.0,Trifasico 400V,0.6,Acero inoxidable,CSM,,
VERDER-146_8_0031,Verderflex,146.8.0031,PERISTALTICA,CALIDAD_PRECIO,2.1,42.0,163.15,22728.07,False,D80 with 1 Piece 316 Stainless Steel Flange D80 SP USALSS 23R 7.5K FG TF V,11.0,Trifasico 400V,0.6,Acero inoxidable,NBRF,,
VERDER-146_8_0033,Verderflex,146.8.0033,PERISTALTICA,PREMIUM,2.1,42.0,163.15,25422.78,False,D80 with 1 Piece 316 Stainless Steel Flange D80 SP USAMSS 24R 11.0K EP TF V,11.0,Trifasico 400V,0.6,Acero inoxidable,EPDM,,
VERDER-146_8_0034,Verderflex,146.8.0034,PERISTALTICA,PREMIUM,2.1,42.0,163.15,25422.78,False,D80 with 1 Piece 316 Stainless Steel Flange D80 SP USAMSS 24R 11.0K BU TF V,11.0,Trifasico 400V,0.6,Acero inoxidable,NBR (Nitrilo),,
VERDER-146_8_0035,Verderflex,146.8.0035,PERISTALTICA,PREMIUM,2.1,42.0,163.15,27005.5,False,D80 with 1 Piece 316 Stainless Steel Flange D80 SP USAMSS 24R 11.0K CS TF V,11.0,Trifasico 400V,0.6,Acero inoxidable,CSM,,
VERDER-146_8_0036,Verderflex,146.8.0036,PERISTALTICA,PREMIUM,2.1,42.0,163.15,25882.99,False,D80 with 1 Piece 316 Stainless Steel Flange D80 SP USAHSS 24R 15.0K NR TF V,11.0,Trifasico 400V,0.6,Acero inoxidable,NR,,
VERDER-146_8_0037,Verderflex,146.8.0037,PERISTALTICA,PREMIUM,2.1,42.0,163.15,25882.99,False,D80 with 1 Piece 316 Stainless Steel Flange D80 SP USAHSS 24R 15.0K EP TF V,11.0,Trifasico 400V,0.6,Acero inoxidable,EPDM,,
VERDER-146_8_0038,Verderflex,146.8.0038,PERISTALTICA,PREMIUM,2.1,42.0,163.15,25882.99,False,D80 with 1 Piece 316 Stainless Steel Flange D80 SP USAHSS 24R 15.0K BU TF V,11.0,Trifasico 400V,0.6,Acero inoxidable,NBR (Nitrilo),,
VERDER-146_8_0039,Verderflex,146.8.0039,PERISTALTICA,PREMIUM,2.1,42.0,163.15,27390.96,False,D80 with 1 Piece 316 Stainless Steel Flange D80 NP USALSS 27R 7.5K CS TF V,11.0,Trifasico 400V,0.6,Acero inoxidable,CSM,,
VERDER-146_8_0040,Verderflex,146.8.0040,PERISTALTICA,CALIDAD_PRECIO,2.1,42.0,163.15,22952.34,False,D80 with 1 Piece 316 Stainless Steel Flange D80 NP USALSS 27R 7.5K NR TF V,11.0,Trifasico 400V,0.6,Acero inoxidable,NR,,
VERDER-146_8_0041,Verderflex,146.8.0041,PERISTALTICA,CALIDAD_PRECIO,2.1,42.0,163.15,22952.34,False,D80 with 1 Piece 316 Stainless Steel Flange D80 NP USALSS 27R 7.5K EP TF V,11.0,Trifasico 400V,0.6,Acero inoxidable,EPDM,,
VERDER-146_8_0042,Verderflex,146.8.0042,PERISTALTICA,CALIDAD_PRECIO,2.1,42.0,163.15,22952.34,False,D80 with 1 Piece 316 Stainless Steel Flange D80 NP USALSS 27R 7.5K BU TF V,11.0,Trifasico 400V,0.6,Acero inoxidable,NBR (Nitrilo),,
VERDER-146_8_0043,Verderflex,146.8.0043,PERISTALTICA,CALIDAD_PRECIO,2.1,42.0,163.15,25135.44,False,D80 with 1 Piece 316 Stainless Steel Flange D80 NP USALSS 27R 7.5K CS TF V,11.0,Trifasico 400V,0.6,Acero inoxidable,CSM,,
VERDER-146_8_0044,Verderflex,146.8.0044,PERISTALTICA,CALIDAD_PRECIO,2.1,42.0,163.15,22728.07,False,D80 with 1 Piece 316 Stainless Steel Flange D80 NP USALSS 27R 7.5K FG TF V,11.0,Trifasico 400V,0.6,Acero inoxidable,NBRF,,
VERDER-146_8_0049,Verderflex,146.8.0049,PERISTALTICA,CALIDAD_PRECIO,2.1,42.0,163.15,23244.36,False,D80 with 1 Piece 316 Stainless Steel Flange D80 SP USALSS 32R 9.2K NR TF V,11.0,Trifasico 400V,0.6,Acero inoxidable,NR,,
VERDER-146_8_0050,Verderflex,146.8.0050,PERISTALTICA,CALIDAD_PRECIO,2.1,42.0,163.15,23244.36,False,D80 with 1 Piece 316 Stainless Steel Flange D80 SP USALSS 32R 9.2K EP TF V,11.0,Trifasico 400V,0.6,Acero inoxidable,EPDM,,
VERDER-146_8_0052,Verderflex,146.8.0052,PERISTALTICA,CALIDAD_PRECIO,2.1,42.0,163.15,25135.44,False,D80 with 1 Piece 316 Stainless Steel Flange D80 SP USALSS 32R 9.2K CS TF V,11.0,Trifasico 400V,0.6,Acero inoxidable,CSM,,
VERDER-146_8_0053,Verderflex,146.8.0053,PERISTALTICA,CALIDAD_PRECIO,2.1,42.0,163.15,23244.36,False,D80 with 1 Piece 316 Stainless Steel Flange D80 SP USALSS 32R 9.2K FG TF V,11.0,Trifasico 400V,0.6,Acero inoxidable,NBRF,,
VERDER-146_8_0054,Verderflex,146.8.0054,PERISTALTICA,PREMIUM,2.1,42.0,163.15,25989.28,False,D80 with 1 Piece 316 Stainless Steel Flange D80 SP USAMSS 32R 15.0K NR TF V,11.0,Trifasico 400V,0.6,Acero inoxidable,NR,,
VERDER-146_8_0055,Verderflex,146.8.0055,PERISTALTICA,PREMIUM,2.1,42.0,163.15,25989.28,False,D80 with 1 Piece 316 Stainless Steel Flange D80 SP USAMSS 32R 15.0K EP TF V,11.0,Trifasico 400V,0.6,Acero inoxidable,EPDM,,
VERDER-146_8_0056,Verderflex,146.8.0056,PERISTALTICA,PREMIUM,2.1,42.0,163.15,25989.28,False,D80 with 1 Piece 316 Stainless Steel Flange D80 SP USAMSS 32R 15.0K BU TF V,11.0,Trifasico 400V,0.6,Acero inoxidable,NBR (Nitrilo),,
VERDER-146_8_0057,Verderflex,146.8.0057,PERISTALTICA,PREMIUM,2.1,42.0,163.15,27507.77,False,D80 with 1 Piece 316 Stainless Steel Flange D80 SP USAMSS 32R 15.0K CS TF V,11.0,Trifasico 400V,0.6,Acero inoxidable,CSM,,
VERDER-146_8_0058,Verderflex,146.8.0058,PERISTALTICA,CALIDAD_PRECIO,2.1,42.0,163.15,23302.76,False,D80 with 1 Piece 316 Stainless Steel Flange D80 NP USALSS 38R 11.0K NR TF V,11.0,Trifasico 400V,0.6,Acero inoxidable,NR,,
VERDER-146_8_0059,Verderflex,146.8.0059,PERISTALTICA,CALIDAD_PRECIO,2.1,42.0,163.15,23302.76,False,D80 with 1 Piece 316 Stainless Steel Flange D80 NP USALSS 38R 11.0K EP TF V,11.0,Trifasico 400V,0.6,Acero inoxidable,EPDM,,
VERDER-146_8_0061,Verderflex,146.8.0061,PERISTALTICA,CALIDAD_PRECIO,2.1,42.0,163.15,25135.44,False,D80 with 1 Piece 316 Stainless Steel Flange D80 NP USALSS 38R 11.0K CS TF V,11.0,Trifasico 400V,0.6,Acero inoxidable,CSM,,
VERDER-146_8_0062,Verderflex,146.8.0062,PERISTALTICA,CALIDAD_PRECIO,2.1,42.0,163.15,23302.76,False,D80 with 1 Piece 316 Stainless Steel Flange D80 NP USALSS 44R 11.0K NR TF V,11.0,Trifasico 400V,0.6,Acero inoxidable,NR,,
VERDER-146_8_0063,Verderflex,146.8.0063,PERISTALTICA,CALIDAD_PRECIO,2.1,42.0,163.15,23302.76,False,D80 with 1 Piece 316 Stainless Steel Flange D80 NP USALSS 44R 11.0K EP TF V,11.0,Trifasico 400V,0.6,Acero inoxidable,EPDM,,
VERDER-146_8_0064,Verderflex,146.8.0064,PERISTALTICA,CALIDAD_PRECIO,2.1,42.0,163.15,23302.76,False,D80 with 1 Piece 316 Stainless Steel Flange D80 NP USALSS 44R 11.0K BU TF V,11.0,Trifasico 400V,0.6,Acero inoxidable,NBR (Nitrilo),,
VERDER-146_8_0065,Verderflex,146.8.0065,PERISTALTICA,CALIDAD_PRECIO,2.1,42.0,163.15,25135.44,False,D80 with 1 Piece 316 Stainless Steel Flange D80 NP USALSS 44R 11.0K CS TF V,11.0,Trifasico 400V,0.6,Acero inoxidable,CSM,,
VERDER-146_8_0066,Verderflex,146.8.0066,PERISTALTICA,CALIDAD_PRECIO,2.1,42.0,163.15,23711.58,False,D80 with 1 Piece 316 Stainless Steel Flange D80 NP USALSS 52R 15.0K NR TF V,11.0,Trifasico 400V,0.6,Acero inoxidable,NR,,
VERDER-146_8_0067,Verderflex,146.8.0067,PERISTALTICA,CALIDAD_PRECIO,2.1,42.0,163.15,23711.58,False,D80 with 1 Piece 316 Stainless Steel Flange D80 NP USALSS 52R 15.0K EP TF V,11.0,Trifasico 400V,0.6,Acero inoxidable,EPDM,,
VERDER-146_8_0068,Verderflex,146.8.0068,PERISTALTICA,CALIDAD_PRECIO,2.1,42.0,163.15,23711.58,False,D80 with 1 Piece 316 Stainless Steel Flange D80 NP USALSS 52R 15.0K BU TF V,11.0,Trifasico 400V,0.6,Acero inoxidable,NBR (Nitrilo),,
VERDER-146_8_0069,Verderflex,146.8.0069,PERISTALTICA,CALIDAD_PRECIO,2.1,42.0,163.15,25135.44,False,D80 with 1 Piece 316 Stainless Steel Flange D80 NP USALSS 52R 15.0K CS TF V,11.0,Trifasico 400V,0.6,Acero inoxidable,CSM,,
VERDER-146_8_0070,Verderflex,146.8.0070,PERISTALTICA,CALIDAD_PRECIO,2.1,42.0,163.15,23886.78,False,D80 with 1 Piece 316 Stainless Steel Flange D80 NP USALSS 56R 15.0K NR TF V,11.0,Trifasico 400V,0.6,Acero inoxidable,NR,,
VERDER-146_8_0071,Verderflex,146.8.0071,PERISTALTICA,CALIDAD_PRECIO,2.1,42.0,163.15,23886.78,False,D80 with 1 Piece 316 Stainless Steel Flange D80 NP USALSS 56R 15.0K EP TF V,11.0,Trifasico 400V,0.6,Acero inoxidable,EPDM,,
VERDER-146_8_0072,Verderflex,146.8.0072,PERISTALTICA,CALIDAD_PRECIO,2.1,42.0,163.15,23886.78,False,D80 with 1 Piece 316 Stainless Steel Flange D80 NP USALSS 56R 15.0K BU TF V,11.0,Trifasico 400V,0.6,Acero inoxidable,NBR (Nitrilo),,
VERDER-146_8_0073,Verderflex,146.8.0073,PERISTALTICA,CALIDAD_PRECIO,2.1,42.0,163.15,25135.44,False,D80 with 1 Piece 316 Stainless Steel Flange D80 NP USALSS 56R 15.0K CS TF V,11.0,Trifasico 400V,0.6,Acero inoxidable,CSM,,
VERDER-146_8_0201,Verderflex,146.8.0201,PERISTALTICA,BARATA,2.1,42.0,163.15,22020.22,False,DURA 80 WITH  PP INSERT D80 NP UIALPP 10R 3.0K NR TF V,11.0,Trifasico 400V,0.6,Polipropileno,NR,,
VERDER-146_8_0202,Verderflex,146.8.0202,PERISTALTICA,BARATA,2.1,42.0,163.15,22020.22,False,DURA 80 WITH  PP INSERT D80 NP UIALPP 10R 3.0K EP TF V,11.0,Trifasico 400V,0.6,Polipropileno,EPDM,,
VERDER-146_8_0203,Verderflex,146.8.0203,PERISTALTICA,BARATA,2.1,42.0,163.15,22020.22,False,DURA 80 WITH  PP INSERT D80 NP UIALPP 10R 3.0K BU TF V,11.0,Trifasico 400V,0.6,Polipropileno,NBR (Nitrilo),,
VERDER-146_8_0204,Verderflex,146.8.0204,PERISTALTICA,CALIDAD_PRECIO,2.1,42.0,163.15,25135.44,False,DURA 80 WITH  PP INSERT D80 NP UIALPP 10R 3.0K CS TF V,11.0,Trifasico 400V,0.6,Polipropileno,CSM,,
VERDER-146_8_0205,Verderflex,146.8.0205,PERISTALTICA,BARATA,2.1,42.0,163.15,22020.22,False,DURA 80 WITH  PP INSERT D80 NP UIAMPP 10R 4.0K NR TF V,11.0,Trifasico 400V,0.6,Polipropileno,NR,,
VERDER-146_8_0206,Verderflex,146.8.0206,PERISTALTICA,BARATA,2.1,42.0,163.15,22020.22,False,DURA 80 WITH  PP INSERT D80 NP UIAMPP 10R 4.0K EP TF V,11.0,Trifasico 400V,0.6,Polipropileno,EPDM,,
VERDER-146_8_0207,Verderflex,146.8.0207,PERISTALTICA,BARATA,2.1,42.0,163.15,22020.22,False,DURA 80 WITH  PP INSERT D80 NP UIAMPP 10R 4.0K BU TF V,11.0,Trifasico 400V,0.6,Polipropileno,NBR (Nitrilo),,
VERDER-146_8_0208,Verderflex,146.8.0208,PERISTALTICA,CALIDAD_PRECIO,2.1,42.0,163.15,25135.44,False,DURA 80 WITH  PP INSERT D80 NP UIAMPP 10R 4.0K CS TF V,11.0,Trifasico 400V,0.6,Polipropileno,CSM,,
VERDER-146_8_0209,Verderflex,146.8.0209,PERISTALTICA,BARATA,2.1,42.0,163.15,22020.22,False,DURA 80 WITH  PP INSERT D80 NP UIAHPP 11R 7.5K NR TF V,11.0,Trifasico 400V,0.6,Polipropileno,NR,,
VERDER-146_8_0210,Verderflex,146.8.0210,PERISTALTICA,BARATA,2.1,42.0,163.15,22020.22,False,DURA 80 WITH  PP INSERT D80 NP UIAHPP 11R 7.5K EP TF V,11.0,Trifasico 400V,0.6,Polipropileno,EPDM,,
VERDER-146_8_0211,Verderflex,146.8.0211,PERISTALTICA,BARATA,2.1,42.0,163.15,22020.22,False,DURA 80 WITH  PP INSERT D80 NP UIAHPP 11R 7.5K BU TF V,11.0,Trifasico 400V,0.6,Polipropileno,NBR (Nitrilo),,
VERDER-146_8_0212,Verderflex,146.8.0212,PERISTALTICA,CALIDAD_PRECIO,2.1,42.0,163.15,25135.44,False,DURA 80 WITH  PP INSERT D80 NP UIAHPP 11R 7.5K CS TF V,11.0,Trifasico 400V,0.6,Polipropileno,CSM,,
VERDER-146_8_0213,Verderflex,146.8.0213,PERISTALTICA,BARATA,2.1,42.0,163.15,22335.6,False,DURA 80 WITH  PP INSERT D80 NP UIALPP 19R 5.5K NR TF V,11.0,Trifasico 400V,0.6,Polipropileno,NR,,
VERDER-146_8_0214,Verderflex,146.8.0214,PERISTALTICA,BARATA,2.1,42.0,163.15,22335.6,False,DURA 80 WITH  PP INSERT D80 NP UIALPP 19R 5.5K EP TF V,11.0,Trifasico 400V,0.6,Polipropileno,EPDM,,
VERDER-146_8_0215,Verderflex,146.8.0215,PERISTALTICA,BARATA,2.1,42.0,163.15,22335.6,False,DURA 80 WITH  PP INSERT D80 NP UIALPP 19R 5.5K BU TF V,11.0,Trifasico 400V,0.6,Polipropileno,NBR (Nitrilo),,
VERDER-146_8_0216,Verderflex,146.8.0216,PERISTALTICA,PREMIUM,2.1,42.0,163.15,25449.64,False,DURA 80 WITH  PP INSERT D80 NP UIALPP 19R 5.5K CS TF V,11.0,Trifasico 400V,0.6,Polipropileno,CSM,,
VERDER-146_8_0217,Verderflex,146.8.0217,PERISTALTICA,BARATA,2.1,42.0,163.15,22335.6,False,DURA 80 WITH  PP INSERT D80 NP UIAMPP 19R 9.2K NR TF V,11.0,Trifasico 400V,0.6,Polipropileno,NR,,
VERDER-146_8_0218,Verderflex,146.8.0218,PERISTALTICA,CALIDAD_PRECIO,2.1,42.0,163.15,22335.6,False,DURA 80 WITH  PP INSERT D80 NP UIAMPP 19R 9.2K EP TF V,11.0,Trifasico 400V,0.6,Polipropileno,EPDM,,
VERDER-146_8_0219,Verderflex,146.8.0219,PERISTALTICA,CALIDAD_PRECIO,2.1,42.0,163.15,22335.6,False,DURA 80 WITH  PP INSERT D80 NP UIAMPP 19R 9.2K BU TF V,11.0,Trifasico 400V,0.6,Polipropileno,NBR (Nitrilo),,
VERDER-146_8_0220,Verderflex,146.8.0220,PERISTALTICA,PREMIUM,2.1,42.0,163.15,25449.64,False,DURA 80 WITH  PP INSERT D80 NP UIAMPP 19R 9.2K CS TF V,11.0,Trifasico 400V,0.6,Polipropileno,CSM,,
VERDER-146_8_0221,Verderflex,146.8.0221,PERISTALTICA,CALIDAD_PRECIO,2.1,42.0,163.15,22335.6,False,DURA 80 WITH  PP INSERT D80 NP UIAHPP 19R 11.0K NR TF V,11.0,Trifasico 400V,0.6,Polipropileno,NR,,
VERDER-146_8_0222,Verderflex,146.8.0222,PERISTALTICA,CALIDAD_PRECIO,2.1,42.0,163.15,22335.6,False,DURA 80 WITH  PP INSERT D80 NP UIAHPP 19R 11.0K EP TF V,11.0,Trifasico 400V,0.6,Polipropileno,EPDM,,
VERDER-146_8_0223,Verderflex,146.8.0223,PERISTALTICA,CALIDAD_PRECIO,2.1,42.0,163.15,22335.6,False,DURA 80 WITH  PP INSERT D80 NP UIAHPP 19R 11.0K BU TF V,11.0,Trifasico 400V,0.6,Polipropileno,NBR (Nitrilo),,
VERDER-146_8_0224,Verderflex,146.8.0224,PERISTALTICA,PREMIUM,2.1,42.0,163.15,25449.64,False,DURA 80 WITH  PP INSERT D80 NP UIAHPP 19R 11.0K CS TF V,11.0,Trifasico 400V,0.6,Polipropileno,CSM,,
VERDER-146_8_0225,Verderflex,146.8.0225,PERISTALTICA,BARATA,2.1,42.0,163.15,22020.22,False,DURA 80 WITH  PP INSERT D80 SP UIALPP 23R 7.5K NR TF V,11.0,Trifasico 400V,0.6,Polipropileno,NR,,
VERDER-146_8_0226,Verderflex,146.8.0226,PERISTALTICA,BARATA,2.1,42.0,163.15,22020.22,False,DURA 80 WITH  PP INSERT D80 SP UIALPP 23R 7.5K EP TF V,11.0,Trifasico 400V,0.6,Polipropileno,EPDM,,
VERDER-146_8_0227,Verderflex,146.8.0227,PERISTALTICA,BARATA,2.1,42.0,163.15,22020.22,False,DURA 80 WITH  PP INSERT D80 SP UIALPP 23R 7.5K BU TF V,11.0,Trifasico 400V,0.6,Polipropileno,NBR (Nitrilo),,
VERDER-146_8_0228,Verderflex,146.8.0228,PERISTALTICA,PREMIUM,2.1,42.0,163.15,25135.44,False,DURA 80 WITH  PP INSERT D80 SP UIALPP 23R 7.5K CS TF V,11.0,Trifasico 400V,0.6,Polipropileno,CSM,,
VERDER-146_8_0229,Verderflex,146.8.0229,PERISTALTICA,BARATA,2.1,42.0,163.15,22020.22,False,DURA 80 WITH  PP INSERT D80 SP UIAMPP 24R 11.0K NR TF V,11.0,Trifasico 400V,0.6,Polipropileno,NR,,
VERDER-146_8_0230,Verderflex,146.8.0230,PERISTALTICA,BARATA,2.1,42.0,163.15,22020.22,False,DURA 80 WITH  PP INSERT D80 SP UIAMPP 24R 11.0K EP TF V,11.0,Trifasico 400V,0.6,Polipropileno,EPDM,,
VERDER-146_8_0231,Verderflex,146.8.0231,PERISTALTICA,BARATA,2.1,42.0,163.15,22020.22,False,DURA 80 WITH  PP INSERT D80 SP UIAMPP 24R 11.0K BU TF V,11.0,Trifasico 400V,0.6,Polipropileno,NBR (Nitrilo),,
VERDER-146_8_0232,Verderflex,146.8.0232,PERISTALTICA,PREMIUM,2.1,42.0,163.15,25135.44,False,DURA 80 WITH  PP INSERT D80 SP UIAMPP 24R 11.0K CS TF V,11.0,Trifasico 400V,0.6,Polipropileno,CSM,,
VERDER-146_8_0233,Verderflex,146.8.0233,PERISTALTICA,BARATA,2.1,42.0,163.15,22020.22,False,DURA 80 WITH  PP INSERT D80 SP UIAHPP 24R 15.0K NR TF V,11.0,Trifasico 400V,0.6,Polipropileno,NR,,
VERDER-146_8_0234,Verderflex,146.8.0234,PERISTALTICA,BARATA,2.1,42.0,163.15,22020.22,False,DURA 80 WITH  PP INSERT D80 SP UIAHPP 24R 15.0K EP TF V,11.0,Trifasico 400V,0.6,Polipropileno,EPDM,,
VERDER-146_8_0235,Verderflex,146.8.0235,PERISTALTICA,BARATA,2.1,42.0,163.15,22020.22,False,DURA 80 WITH  PP INSERT D80 SP UIAHPP 24R 15.0K BU TF V,11.0,Trifasico 400V,0.6,Polipropileno,NBR (Nitrilo),,
VERDER-146_8_0236,Verderflex,146.8.0236,PERISTALTICA,PREMIUM,2.1,42.0,163.15,25135.44,False,DURA 80 WITH  PP INSERT D80 SP UIAHPP 24R 15.0K CS TF V,11.0,Trifasico 400V,0.6,Polipropileno,CSM,,
VERDER-146_8_0237,Verderflex,146.8.0237,PERISTALTICA,BARATA,2.1,42.0,163.15,22020.22,False,DURA 80 WITH  PP INSERT D80 NP UIALPP 27R 7.5K NR TF V,11.0,Trifasico 400V,0.6,Polipropileno,NR,,
VERDER-146_8_0238,Verderflex,146.8.0238,PERISTALTICA,BARATA,2.1,42.0,163.15,22020.22,False,DURA 80 WITH  PP INSERT D80 NP UIALPP 27R 7.5K EP TF V,11.0,Trifasico 400V,0.6,Polipropileno,EPDM,,
VERDER-146_8_0239,Verderflex,146.8.0239,PERISTALTICA,BARATA,2.1,42.0,163.15,22020.22,False,DURA 80 WITH  PP INSERT D80 NP UIALPP 27R 7.5K BU TF V,11.0,Trifasico 400V,0.6,Polipropileno,NBR (Nitrilo),,
VERDER-146_8_0240,Verderflex,146.8.0240,PERISTALTICA,PREMIUM,2.1,42.0,163.15,25135.44,False,DURA 80 WITH  PP INSERT D80 NP UIALPP 27R 7.5K CS TF V,11.0,Trifasico 400V,0.6,Polipropileno,CSM,,
VERDER-146_8_0245,Verderflex,146.8.0245,PERISTALTICA,BARATA,2.1,42.0,163.15,22020.22,False,DURA 80 WITH  PP INSERT D80 SP UIALPP 33R 9.2K NR TF V,11.0,Trifasico 400V,0.6,Polipropileno,NR,,
VERDER-146_8_0246,Verderflex,146.8.0246,PERISTALTICA,BARATA,2.1,42.0,163.15,22020.22,False,DURA 80 WITH  PP INSERT D80 SP UIALPP 33R 9.2K EP TF V,11.0,Trifasico 400V,0.6,Polipropileno,EPDM,,
VERDER-146_8_0247,Verderflex,146.8.0247,PERISTALTICA,BARATA,2.1,42.0,163.15,22020.22,False,DURA 80 WITH  PP INSERT D80 SP UIALPP 33R 9.2K BU TF V,11.0,Trifasico 400V,0.6,Polipropileno,NBR (Nitrilo),,
VERDER-146_8_0248,Verderflex,146.8.0248,PERISTALTICA,PREMIUM,2.1,42.0,163.15,25135.44,False,DURA 80 WITH  PP INSERT D80 SP UIALPP 33R 9.2K CS TF V,11.0,Trifasico 400V,0.6,Polipropileno,CSM,,
VERDER-146_8_0249,Verderflex,146.8.0249,PERISTALTICA,BARATA,2.1,42.0,163.15,22020.22,False,DURA 80 WITH  PP INSERT D80 SP UIAMPP 32R 15.0K NR TF V,11.0,Trifasico 400V,0.6,Polipropileno,NR,,
VERDER-146_8_0250,Verderflex,146.8.0250,PERISTALTICA,BARATA,2.1,42.0,163.15,22020.22,False,DURA 80 WITH  PP INSERT D80 SP UIAMPP 32R 15.0K EP TF V,11.0,Trifasico 400V,0.6,Polipropileno,EPDM,,
VERDER-146_8_0251,Verderflex,146.8.0251,PERISTALTICA,BARATA,2.1,42.0,163.15,22020.22,False,DURA 80 WITH  PP INSERT D80 SP UIAMPP 32R 15.0K BU TF V,11.0,Trifasico 400V,0.6,Polipropileno,NBR (Nitrilo),,
VERDER-146_8_0252,Verderflex,146.8.0252,PERISTALTICA,PREMIUM,2.1,42.0,163.15,25135.44,False,DURA 80 WITH  PP INSERT D80 SP UIAMPP 32R 15.0K CS TF V,11.0,Trifasico 400V,0.6,Polipropileno,CSM,,
VERDER-146_8_0253,Verderflex,146.8.0253,PERISTALTICA,BARATA,2.1,42.0,163.15,22020.22,False,DURA 80 WITH  PP INSERT D80 NP UIALPP 38R 11.0K NR TF V,11.0,Trifasico 400V,0.6,Polipropileno,NR,,
VERDER-146_8_0254,Verderflex,146.8.0254,PERISTALTICA,BARATA,2.1,42.0,163.15,22020.22,False,DURA 80 WITH  PP INSERT D80 NP UIALPP 38R 11.0K EP TF V,11.0,Trifasico 400V,0.6,Polipropileno,EPDM,,
VERDER-146_8_0255,Verderflex,146.8.0255,PERISTALTICA,BARATA,2.1,42.0,163.15,22020.22,False,DURA 80 WITH  PP INSERT D80 NP UIALPP 38R 11.0K BU TF V,11.0,Trifasico 400V,0.6,Polipropileno,NBR (Nitrilo),,
VERDER-146_8_0256,Verderflex,146.8.0256,PERISTALTICA,PREMIUM,2.1,42.0,163.15,25135.44,False,DURA 80 WITH  PP INSERT D80 NP UIALPP 38R 11.0K CS TF V,11.0,Trifasico 400V,0.6,Polipropileno,CSM,,
VERDER-146_8_0257,Verderflex,146.8.0257,PERISTALTICA,BARATA,2.1,42.0,163.15,22020.22,False,DURA 80 WITH  PP INSERT D80 NP UIALPP 44R 11.0K NR TF V,11.0,Trifasico 400V,0.6,Polipropileno,NR,,
VERDER-146_8_0258,Verderflex,146.8.0258,PERISTALTICA,BARATA,2.1,42.0,163.15,22020.22,False,DURA 80 WITH  PP INSERT D80 NP UIALPP 44R 11.0K EP TF V,11.0,Trifasico 400V,0.6,Polipropileno,EPDM,,
VERDER-146_8_0259,Verderflex,146.8.0259,PERISTALTICA,BARATA,2.1,42.0,163.15,22020.22,False,DURA 80 WITH  PP INSERT D80 NP UIALPP 44R 11.0K BU TF V,11.0,Trifasico 400V,0.6,Polipropileno,NBR (Nitrilo),,
VERDER-146_8_0260,Verderflex,146.8.0260,PERISTALTICA,PREMIUM,2.1,42.0,163.15,25135.44,False,DURA 80 WITH  PP INSERT D80 NP UIALPP 44R 11.0K CS TF V,11.0,Trifasico 400V,0.6,Polipropileno,CSM,,
VERDER-146_8_0261,Verderflex,146.8.0261,PERISTALTICA,BARATA,2.1,42.0,163.15,22020.22,False,DURA 80 WITH  PP INSERT D80 NP UIALPP 52R 15.0K NR TF V,11.0,Trifasico 400V,0.6,Polipropileno,NR,,
VERDER-146_8_0262,Verderflex,146.8.0262,PERISTALTICA,BARATA,2.1,42.0,163.15,22020.22,False,DURA 80 WITH  PP INSERT D80 NP UIALPP 52R 15.0K EP TF V,11.0,Trifasico 400V,0.6,Polipropileno,EPDM,,
VERDER-146_8_0263,Verderflex,146.8.0263,PERISTALTICA,BARATA,2.1,42.0,163.15,22020.22,False,DURA 80 WITH  PP INSERT D80 NP UIALPP 52R 15.0K BU TF V,11.0,Trifasico 400V,0.6,Polipropileno,NBR (Nitrilo),,
VERDER-146_8_0264,Verderflex,146.8.0264,PERISTALTICA,PREMIUM,2.1,42.0,163.15,25135.44,False,DURA 80 WITH  PP INSERT D80 NP UIALPP 52R 15.0K CS TF V,11.0,Trifasico 400V,0.6,Polipropileno,CSM,,
VERDER-146_8_0265,Verderflex,146.8.0265,PERISTALTICA,BARATA,2.1,42.0,163.15,22020.22,False,DURA 80 WITH  PP INSERT D80 NP UIALPP 56R 15.0K NR TF V,11.0,Trifasico 400V,0.6,Polipropileno,NR,,
VERDER-146_8_0266,Verderflex,146.8.0266,PERISTALTICA,BARATA,2.1,42.0,163.15,22020.22,False,DURA 80 WITH  PP INSERT D80 NP UIALPP 56R 15.0K EP TF V,11.0,Trifasico 400V,0.6,Polipropileno,EPDM,,
VERDER-146_8_0267,Verderflex,146.8.0267,PERISTALTICA,BARATA,2.1,42.0,163.15,22020.22,False,DURA 80 WITH  PP INSERT D80 NP UIALPP 56R 15.0K BU TF V,11.0,Trifasico 400V,0.6,Polipropileno,NBR (Nitrilo),,
VERDER-146_8_0268,Verderflex,146.8.0268,PERISTALTICA,PREMIUM,2.1,42.0,163.15,25135.44,False,DURA 80 WITH  PP INSERT D80 NP UIALPP 56R 15.0K CS TF V,11.0,Trifasico 400V,0.6,Polipropileno,CSM,,
VERDER-146_8_0401,Verderflex,146.8.0401,PERISTALTICA,PREMIUM,2.1,42.0,163.15,26845.47,False,DURA 80 WITH  PVDF INSERT D80 NP UIALPV 10R 3.0K EP TF V,11.0,Trifasico 400V,0.6,PVDF,EPDM,,
VERDER-146_8_0402,Verderflex,146.8.0402,PERISTALTICA,PREMIUM,2.1,42.0,163.15,26845.47,False,DURA 80 WITH  PVDF INSERT D80 NP UIALPV 10R 3.0K BU TF V,11.0,Trifasico 400V,0.6,PVDF,NBR (Nitrilo),,
VERDER-146_8_0403,Verderflex,146.8.0403,PERISTALTICA,PREMIUM,2.1,42.0,163.15,29960.69,False,DURA 80 WITH  PVDF INSERT D80 NP UIALPV 10R 3.0K CS TF V,11.0,Trifasico 400V,0.6,PVDF,CSM,,
VERDER-146_8_0404,Verderflex,146.8.0404,PERISTALTICA,PREMIUM,2.1,42.0,163.15,26845.47,False,DURA 80 WITH  PVDF INSERT D80 NP UIAMPV 10R 4.0K EP TF V,11.0,Trifasico 400V,0.6,PVDF,EPDM,,
VERDER-146_8_0405,Verderflex,146.8.0405,PERISTALTICA,PREMIUM,2.1,42.0,163.15,26845.47,False,DURA 80 WITH  PVDF INSERT D80 NP UIALPV 10R 4.0K CS TF V,11.0,Trifasico 400V,0.6,PVDF,CSM,,
VERDER-146_8_0406,Verderflex,146.8.0406,PERISTALTICA,PREMIUM,2.1,42.0,163.15,29960.69,False,DURA 80 WITH  PVDF INSERT D80 NP UIAMPV 10R 4.0K CS TF V,11.0,Trifasico 400V,0.6,PVDF,CSM,,
VERDER-146_8_0407,Verderflex,146.8.0407,PERISTALTICA,PREMIUM,2.1,42.0,163.15,29026.23,False,DURA 80 WITH  PVDF INSERT D80 NP UIAHPV 11R 7.5K EP TF V,11.0,Trifasico 400V,0.6,PVDF,EPDM,,
VERDER-146_8_0408,Verderflex,146.8.0408,PERISTALTICA,PREMIUM,2.1,42.0,163.15,29026.23,False,DURA 80 WITH  PVDF INSERT D80 NP UIAHPV 11R 7.5K BU TF V,11.0,Trifasico 400V,0.6,PVDF,NBR (Nitrilo),,
VERDER-146_8_0409,Verderflex,146.8.0409,PERISTALTICA,PREMIUM,2.1,42.0,163.15,30895.13,False,DURA 80 WITH  PVDF INSERT D80 NP UIAHPV 11R 7.5K CS TF V,11.0,Trifasico 400V,0.6,PVDF,CSM,,
VERDER-146_8_0410,Verderflex,146.8.0410,PERISTALTICA,PREMIUM,2.1,42.0,163.15,26845.47,False,DURA 80 WITH  PVDF INSERT D80 NP UIALPV 19R 5.5K EP TF V,11.0,Trifasico 400V,0.6,PVDF,EPDM,,
VERDER-146_8_0411,Verderflex,146.8.0411,PERISTALTICA,PREMIUM,2.1,42.0,163.15,26845.47,False,DURA 80 WITH  PVDF INSERT D80 NP UIALPV 19R 5.5K BU TF V,11.0,Trifasico 400V,0.6,PVDF,NBR (Nitrilo),,
VERDER-146_8_0412,Verderflex,146.8.0412,PERISTALTICA,PREMIUM,2.1,42.0,163.15,29960.69,False,DURA 80 WITH  PVDF INSERT D80 NP UIALPV 19R 5.5K CS TF V,11.0,Trifasico 400V,0.6,PVDF,CSM,,
VERDER-146_8_0413,Verderflex,146.8.0413,PERISTALTICA,PREMIUM,2.1,42.0,163.15,26845.47,False,DURA 80 WITH  PVDF INSERT D80 NP UIAMPV 19R 9.2K EP TF V,11.0,Trifasico 400V,0.6,PVDF,EPDM,,
VERDER-146_8_0414,Verderflex,146.8.0414,PERISTALTICA,PREMIUM,2.1,42.0,163.15,26845.47,False,DURA 80 WITH  PVDF INSERT D80 NP UIAMPV 19R 9.2K BU TF V,11.0,Trifasico 400V,0.6,PVDF,NBR (Nitrilo),,
VERDER-146_8_0415,Verderflex,146.8.0415,PERISTALTICA,PREMIUM,2.1,42.0,163.15,29960.69,False,DURA 80 WITH  PVDF INSERT D80 NP UIAMPV 19R 9.2K CS TF V,11.0,Trifasico 400V,0.6,PVDF,CSM,,
VERDER-146_8_0416,Verderflex,146.8.0416,PERISTALTICA,PREMIUM,2.1,42.0,163.15,29376.66,False,DURA 80 WITH  PVDF INSERT D80 NP UIAHPV 19R 11.0K EP TF V,11.0,Trifasico 400V,0.6,PVDF,EPDM,,
VERDER-146_8_0417,Verderflex,146.8.0417,PERISTALTICA,PREMIUM,2.1,42.0,163.15,29376.66,False,DURA 80 WITH  PVDF INSERT D80 NP UIAHPV 19R 11.0K BU TF V,11.0,Trifasico 400V,0.6,PVDF,NBR (Nitrilo),,
VERDER-146_8_0418,Verderflex,146.8.0418,PERISTALTICA,PREMIUM,2.1,42.0,163.15,30895.13,False,DURA 80 WITH  PVDF INSERT D80 NP UIAHPV 19R 11.0K CS TF V,11.0,Trifasico 400V,0.6,PVDF,CSM,,
VERDER-146_8_0419,Verderflex,146.8.0419,PERISTALTICA,PREMIUM,2.1,42.0,163.15,26845.47,False,DURA 80 WITH  PVDF INSERT D80 NP UIALPV 23R 7.5K EP TF V,11.0,Trifasico 400V,0.6,PVDF,EPDM,,
VERDER-146_8_0420,Verderflex,146.8.0420,PERISTALTICA,PREMIUM,2.1,42.0,163.15,26845.47,False,DURA 80 WITH  PVDF INSERT D80 NP UIALPV 23R 7.5K BU TF V,11.0,Trifasico 400V,0.6,PVDF,NBR (Nitrilo),,
VERDER-146_8_0421,Verderflex,146.8.0421,PERISTALTICA,PREMIUM,2.1,42.0,163.15,29960.69,False,DURA 80 WITH  PVDF INSERT D80 NP UIALPV 23R 7.5K CS TF V,11.0,Trifasico 400V,0.6,PVDF,CSM,,
VERDER-146_8_0422,Verderflex,146.8.0422,PERISTALTICA,PREMIUM,2.1,42.0,163.15,29376.66,False,DURA 80 WITH  PVDF INSERT D80 NP UIAMPV 24R 11.0K EP TF V,11.0,Trifasico 400V,0.6,PVDF,EPDM,,
VERDER-146_8_0423,Verderflex,146.8.0423,PERISTALTICA,PREMIUM,2.1,42.0,163.15,29376.66,False,DURA 80 WITH  PVDF INSERT D80 NP UIAMPV 24R 11.0K BU TF V,11.0,Trifasico 400V,0.6,PVDF,NBR (Nitrilo),,
VERDER-146_8_0424,Verderflex,146.8.0424,PERISTALTICA,PREMIUM,2.1,42.0,163.15,31362.35,False,DURA 80 WITH  PVDF INSERT D80 NP UIAMPV 24R 11.0K CS TF V,11.0,Trifasico 400V,0.6,PVDF,CSM,,
VERDER-146_8_0425,Verderflex,146.8.0425,PERISTALTICA,PREMIUM,2.1,42.0,163.15,29376.66,False,DURA 80 WITH  PVDF INSERT D80 NP UIAHPV 24R 15.0K EP TF V,11.0,Trifasico 400V,0.6,PVDF,EPDM,,
VERDER-146_8_0426,Verderflex,146.8.0426,PERISTALTICA,PREMIUM,2.1,42.0,163.15,29376.66,False,DURA 80 WITH  PVDF INSERT D80 NP UIAHPV 24R 15.0K BU TF V,11.0,Trifasico 400V,0.6,PVDF,NBR (Nitrilo),,
VERDER-146_8_0427,Verderflex,146.8.0427,PERISTALTICA,PREMIUM,2.1,42.0,163.15,31362.35,False,DURA 80 WITH  PVDF INSERT D80 NP UIAHPV 24R 15.0K CS TF V,11.0,Trifasico 400V,0.6,PVDF,CSM,,
VERDER-146_8_0428,Verderflex,146.8.0428,PERISTALTICA,PREMIUM,2.1,42.0,163.15,26845.47,False,DURA 80 WITH  PVDF INSERT D80 NP UIALPV 27R 7.5K EP TF V,11.0,Trifasico 400V,0.6,PVDF,EPDM,,
VERDER-146_8_0429,Verderflex,146.8.0429,PERISTALTICA,PREMIUM,2.1,42.0,163.15,26845.47,False,DURA 80 WITH  PVDF INSERT D80 NP UIALPV 27R 7.5K BU TF V,11.0,Trifasico 400V,0.6,PVDF,NBR (Nitrilo),,
VERDER-146_8_0430,Verderflex,146.8.0430,PERISTALTICA,PREMIUM,2.1,42.0,163.15,29960.69,False,DURA 80 WITH  PVDF INSERT D80 NP UIALPV 27R 7.5K CS TF V,11.0,Trifasico 400V,0.6,PVDF,CSM,,
VERDER-146_8_0434,Verderflex,146.8.0434,PERISTALTICA,PREMIUM,2.1,42.0,163.15,26845.47,False,DURA 80 WITH  PVDF INSERT D80 NP UIALPV 33R 9.2K EP TF V,11.0,Trifasico 400V,0.6,PVDF,EPDM,,
VERDER-146_8_0435,Verderflex,146.8.0435,PERISTALTICA,PREMIUM,2.1,42.0,163.15,26845.47,False,DURA 80 WITH  PVDF INSERT D80 NP UIALPV 33R 9.2K BU TF V,11.0,Trifasico 400V,0.6,PVDF,NBR (Nitrilo),,
VERDER-146_8_0436,Verderflex,146.8.0436,PERISTALTICA,PREMIUM,2.1,42.0,163.15,29960.69,False,DURA 80 WITH  PVDF INSERT D80 NP UIALPV 33R 9.2K CS TF V,11.0,Trifasico 400V,0.6,PVDF,CSM,,
VERDER-146_8_0437,Verderflex,146.8.0437,PERISTALTICA,PREMIUM,2.1,42.0,163.15,27858.18,False,DURA 80 WITH  PVDF INSERT D80 NP UIAMPV 32R 15.0K EP TF V,11.0,Trifasico 400V,0.6,PVDF,EPDM,,
VERDER-146_8_0438,Verderflex,146.8.0438,PERISTALTICA,PREMIUM,2.1,42.0,163.15,27858.18,False,DURA 80 WITH  PVDF INSERT D80 NP UIAMPV 32R 15.0K BU TF V,11.0,Trifasico 400V,0.6,PVDF,NBR (Nitrilo),,
VERDER-146_8_0439,Verderflex,146.8.0439,PERISTALTICA,PREMIUM,2.1,42.0,163.15,29960.69,False,DURA 80 WITH  PVDF INSERT D80 NP UIAMPV 32R 15.0K CS TF V,11.0,Trifasico 400V,0.6,PVDF,CSM,,
VERDER-146_8_0440,Verderflex,146.8.0440,PERISTALTICA,PREMIUM,2.1,42.0,163.15,26845.47,False,DURA 80 WITH  PVDF INSERT D80 NP UIALPV 38R 11.0K EP TF V,11.0,Trifasico 400V,0.6,PVDF,EPDM,,
VERDER-146_8_0441,Verderflex,146.8.0441,PERISTALTICA,PREMIUM,2.1,42.0,163.15,26845.47,False,DURA 80 WITH  PVDF INSERT D80 NP UIALPV 38R 11.0K BU TF V,11.0,Trifasico 400V,0.6,PVDF,NBR (Nitrilo),,
VERDER-146_8_0442,Verderflex,146.8.0442,PERISTALTICA,PREMIUM,2.1,42.0,163.15,29960.69,False,DURA 80 WITH  PVDF INSERT D80 NP UIALPV 38R 11.0K CS TF V,11.0,Trifasico 400V,0.6,PVDF,CSM,,
VERDER-146_8_0443,Verderflex,146.8.0443,PERISTALTICA,PREMIUM,2.1,42.0,163.15,26845.47,False,DURA 80 WITH  PVDF INSERT D80 NP UIALPV 44R 11.0K EP TF V,11.0,Trifasico 400V,0.6,PVDF,EPDM,,
VERDER-146_8_0444,Verderflex,146.8.0444,PERISTALTICA,PREMIUM,2.1,42.0,163.15,26845.47,False,DURA 80 WITH  PVDF INSERT D80 NP UIALPV 44R 11.0K BU TF V,11.0,Trifasico 400V,0.6,PVDF,NBR (Nitrilo),,
VERDER-146_8_0445,Verderflex,146.8.0445,PERISTALTICA,PREMIUM,2.1,42.0,163.15,29960.69,False,DURA 80 WITH  PVDF INSERT D80 NP UIALPV 44R 11.0K CS TF V,11.0,Trifasico 400V,0.6,PVDF,CSM,,
VERDER-146_8_0446,Verderflex,146.8.0446,PERISTALTICA,PREMIUM,2.1,42.0,163.15,27858.18,False,DURA 80 WITH  PVDF INSERT D80 NP UIALPV 52R 15.0K EP TF V,11.0,Trifasico 400V,0.6,PVDF,EPDM,,
VERDER-146_8_0447,Verderflex,146.8.0447,PERISTALTICA,PREMIUM,2.1,42.0,163.15,27858.18,False,DURA 80 WITH  PVDF INSERT D80 NP UIALPV 52R 15.0K BU TF V,11.0,Trifasico 400V,0.6,PVDF,NBR (Nitrilo),,
VERDER-146_8_0448,Verderflex,146.8.0448,PERISTALTICA,PREMIUM,2.1,42.0,163.15,29960.69,False,DURA 80 WITH  PVDF INSERT D80 NP UIALPV 52R 15.0K CS TF V,11.0,Trifasico 400V,0.6,PVDF,CSM,,
VERDER-146_8_0449,Verderflex,146.8.0449,PERISTALTICA,PREMIUM,2.1,42.0,163.15,27858.18,False,DURA 80 WITH  PVDF INSERT D80 NP UIALPV 56R 15.0K EP TF V,11.0,Trifasico 400V,0.6,PVDF,EPDM,,
VERDER-146_8_0450,Verderflex,146.8.0450,PERISTALTICA,PREMIUM,2.1,42.0,163.15,27858.18,False,DURA 80 WITH  PVDF INSERT D80 NP UIALPV 56R 15.0K BU TF V,11.0,Trifasico 400V,0.6,PVDF,NBR (Nitrilo),,
VERDER-146_8_0451,Verderflex,146.8.0451,PERISTALTICA,PREMIUM,2.1,42.0,163.15,29960.69,False,DURA 80 WITH  PVDF INSERT D80 NP UIALPV 56R 15.0K CS TF V,11.0,Trifasico 400V,0.6,PVDF,CSM,,
VERDER-146_0_5080,Verderflex,146.0.5080,PERISTALTICA,PREMIUM,0.00115,0.023,163.15,3457.0,False,D05 SW USCLSS VAR0.55K NR P3 W,,Trifasico 400V,0.6,,NR,,
VERDER-146_0_5081,Verderflex,146.0.5081,PERISTALTICA,PREMIUM,0.00115,0.023,163.15,3457.0,False,D05 SW USCLSS VAR0.55K BU P3 W,,Trifasico 400V,0.6,,NBR (Nitrilo),,
VERDER-146_0_5082,Verderflex,146.0.5082,PERISTALTICA,PREMIUM,0.00115,0.023,163.15,3525.64,False,D05 SW USCLSS VAR0.55K CS P3 W,,Trifasico 400V,0.6,,CSM,,
VERDER-146_0_5083,Verderflex,146.0.5083,PERISTALTICA,PREMIUM,0.00115,0.023,163.15,3503.2,False,D05 SW UICLPP VAR0.55K NR P3 W,,Trifasico 400V,0.6,,NR,,
VERDER-146_0_5084,Verderflex,146.0.5084,PERISTALTICA,PREMIUM,0.00115,0.023,163.15,3503.2,False,D05 SW UICLPP VAR0.55K BU P3 W,,Trifasico 400V,0.6,,NBR (Nitrilo),,
VERDER-146_0_5086,Verderflex,146.0.5086,PERISTALTICA,PREMIUM,0.00115,0.023,163.15,3625.1,False,D05 NW UICLPV VAR0.55K NR P3 W,,Trifasico 400V,0.6,,NR,,
VERDER-146_0_5087,Verderflex,146.0.5087,PERISTALTICA,PREMIUM,0.00115,0.023,163.15,3625.1,False,D05 NW UICLPV VAR0.55K BU P3 W,,Trifasico 400V,0.6,,NBR (Nitrilo),,
VERDER-146_0_5088,Verderflex,146.0.5088,PERISTALTICA,PREMIUM,0.00115,0.023,163.15,3693.72,False,D05 NW UICLPV VAR0.55K CS P3 W,,Trifasico 400V,0.6,,CSM,,
VERDER-146_0_5089,Verderflex,146.0.5089,PERISTALTICA,PREMIUM,0.00115,0.023,163.15,3285.08,False,D05 NW USCLSS VAR0.55K NR P1 W,,Trifasico 400V,0.6,,NR,,
VERDER-146_0_5090,Verderflex,146.0.5090,PERISTALTICA,PREMIUM,0.00115,0.023,163.15,3285.08,False,D05 NW USCLSS VAR0.55K BU P1 W,,Trifasico 400V,0.6,,NBR (Nitrilo),,
VERDER-146_0_5091,Verderflex,146.0.5091,PERISTALTICA,PREMIUM,0.00115,0.023,163.15,3353.69,False,D05 NW USCLSS VAR0.55K CS P1 W,,Trifasico 400V,0.6,,CSM,,
VERDER-146_0_5092,Verderflex,146.0.5092,PERISTALTICA,PREMIUM,0.00115,0.023,163.15,3331.22,False,D05 NW UICLPP VAR0.55K NR P1 W,,Trifasico 400V,0.6,,NR,,
VERDER-146_0_5093,Verderflex,146.0.5093,PERISTALTICA,PREMIUM,0.00115,0.023,163.15,3331.22,False,D05 NW UICLPP VAR0.55K BU P1 W,,Trifasico 400V,0.6,,NBR (Nitrilo),,
VERDER-146_0_5094,Verderflex,146.0.5094,PERISTALTICA,PREMIUM,0.00115,0.023,163.15,3399.84,False,D05 NW UICLPP VAR0.55K CS P1 W,,Trifasico 400V,0.6,,CSM,,
VERDER-146_0_5095,Verderflex,146.0.5095,PERISTALTICA,PREMIUM,0.00115,0.023,163.15,3453.13,False,D05 NW UICLPV VAR0.55K NR P1 W,,Trifasico 400V,0.6,,NR,,
VERDER-146_0_5096,Verderflex,146.0.5096,PERISTALTICA,PREMIUM,0.00115,0.023,163.15,3453.13,False,D05 NW UICLPV VAR0.55K BU P1 W,,Trifasico 400V,0.6,,NBR (Nitrilo),,
VERDER-146_0_5097,Verderflex,146.0.5097,PERISTALTICA,PREMIUM,0.00115,0.023,163.15,3521.76,False,D05 NW UICLPV VAR0.55K CS P1 W,,Trifasico 400V,0.6,,CSM,,
VERDER-146_0_7074,Verderflex,146.0.7074,PERISTALTICA,PREMIUM,0.00195,0.039,81.58,3457.35,False,D07 SW USCLSS VAR0.55K NR P3 W,0.37,Trifasico 400V,0.6,,NR,,
VERDER-146_0_7075,Verderflex,146.0.7075,PERISTALTICA,PREMIUM,0.00195,0.039,81.58,3457.35,False,D07 SW USCLSS VAR0.55K BU P3 W,0.37,Trifasico 400V,0.6,,NBR (Nitrilo),,
VERDER-146_0_7076,Verderflex,146.0.7076,PERISTALTICA,PREMIUM,0.00195,0.039,81.58,3524.42,False,D07 SW USCLSS VAR0.55K CS P3 W,0.37,Trifasico 400V,0.6,,CSM,,
VERDER-146_0_7077,Verderflex,146.0.7077,PERISTALTICA,PREMIUM,0.00195,0.039,81.58,3490.78,False,D07 SW UICLPP VAR0.55K NR P3 W,0.37,Trifasico 400V,0.6,,NR,,
VERDER-146_0_7078,Verderflex,146.0.7078,PERISTALTICA,PREMIUM,0.00195,0.039,81.58,3490.78,False,D07 SW UICLPP VAR0.55K BU P3 W,0.37,Trifasico 400V,0.6,,NBR (Nitrilo),,
VERDER-146_0_7079,Verderflex,146.0.7079,PERISTALTICA,PREMIUM,0.00195,0.039,81.58,3557.81,False,D07 SW UICLPP VAR0.55K CS P3 W,0.37,Trifasico 400V,0.6,,CSM,,
VERDER-146_0_7080,Verderflex,146.0.7080,PERISTALTICA,PREMIUM,0.00195,0.039,81.58,3618.3,False,D07 NW UICLPV VAR0.55K NR P3 W,0.37,Trifasico 400V,0.6,,NR,,
VERDER-146_0_7081,Verderflex,146.0.7081,PERISTALTICA,PREMIUM,0.00195,0.039,81.58,3618.3,False,D07 NW UICLPV VAR0.55K BU P3 W,0.37,Trifasico 400V,0.6,,NBR (Nitrilo),,
VERDER-146_0_7082,Verderflex,146.0.7082,PERISTALTICA,PREMIUM,0.00195,0.039,81.58,3685.32,False,D07 NW UICLPV VAR0.55K CS P3 W,0.37,Trifasico 400V,0.6,,CSM,,
VERDER-146_0_7083,Verderflex,146.0.7083,PERISTALTICA,PREMIUM,0.00195,0.039,81.58,3285.4,False,D07 NW USCLSS VAR0.55K NR P1 W,0.37,Trifasico 400V,0.6,,NR,,
VERDER-146_0_7084,Verderflex,146.0.7084,PERISTALTICA,PREMIUM,0.00195,0.039,81.58,3285.4,False,D07 NW USCLSS VAR0.55K BU P1 W,0.37,Trifasico 400V,0.6,,NBR (Nitrilo),,
VERDER-146_0_7085,Verderflex,146.0.7085,PERISTALTICA,PREMIUM,0.00195,0.039,81.58,3352.45,False,D07 NW USCLSS VAR0.55K CS P1 W,0.37,Trifasico 400V,0.6,,CSM,,
VERDER-146_0_7086,Verderflex,146.0.7086,PERISTALTICA,PREMIUM,0.00195,0.039,81.58,3318.78,False,D07 NW UICLPP VAR0.55K NR P1 W,0.37,Trifasico 400V,0.6,,NR,,
VERDER-146_0_7087,Verderflex,146.0.7087,PERISTALTICA,PREMIUM,0.00195,0.039,81.58,3318.78,False,D07 NW UICLPP VAR0.55K BU P1 W,0.37,Trifasico 400V,0.6,,NBR (Nitrilo),,
VERDER-146_0_7088,Verderflex,146.0.7088,PERISTALTICA,PREMIUM,0.00195,0.039,81.58,3385.87,False,D07 NW UICLPP VAR0.55K CS P1 W,0.37,Trifasico 400V,0.6,,CSM,,
VERDER-146_0_7089,Verderflex,146.0.7089,PERISTALTICA,PREMIUM,0.00195,0.039,81.58,3446.34,False,D07 NW UICLPV VAR0.55K NR P1 W,0.37,Trifasico 400V,0.6,,NR,,
VERDER-146_0_7090,Verderflex,146.0.7090,PERISTALTICA,PREMIUM,0.00195,0.039,81.58,3446.34,False,D07 NW UICLPV VAR0.55K BU P1 W,0.37,Trifasico 400V,0.6,,NBR (Nitrilo),,
VERDER-146_0_7091,Verderflex,146.0.7091,PERISTALTICA,PREMIUM,0.00195,0.039,81.58,3513.38,False,D07 NW UICLPV VAR0.55K CS P1 W,0.37,Trifasico 400V,0.6,,CSM,,
VERDER-146_0_0634,Verderflex,146.0.0634,PERISTALTICA,PREMIUM,0.0111,0.222,122.36,3025.04,False,"iDura 10 
with 3ph inverter and Hose burst kit D10 SW USCLSS VAR0.55K NR P3 W",0.55,Trifasico 400V,0.6,,NR,,
VERDER-146_0_0635,Verderflex,146.0.0635,PERISTALTICA,PREMIUM,0.0111,0.222,122.36,3025.04,False,"iDura 10 
with 3ph inverter and Hose burst kit D10 SW USCLSS VAR0.55K EP P3 W",0.55,Trifasico 400V,0.6,,EPDM,,
VERDER-146_0_0636,Verderflex,146.0.0636,PERISTALTICA,PREMIUM,0.0111,0.222,122.36,3064.24,False,"iDura 10 
with 3ph inverter and Hose burst kit D10 SW USCLSS VAR0.55K BU P3 W",0.55,Trifasico 400V,0.6,,NBR (Nitrilo),,
VERDER-146_0_0637,Verderflex,146.0.0637,PERISTALTICA,PREMIUM,0.0111,0.222,122.36,3025.04,False,"iDura 10 
with 3ph inverter and Hose burst kit D10 SW USCLSS VAR0.55K CS P3 W",0.55,Trifasico 400V,0.6,,CSM,,
VERDER-146_0_0638,Verderflex,146.0.0638,PERISTALTICA,PREMIUM,0.0111,0.222,122.36,3104.14,False,"iDura 10 
with 3ph inverter and Hose burst kit D10 SW USCLSS VAR0.55K FG P3 W",0.55,Trifasico 400V,0.6,,NBRF,,
VERDER-146_0_0639,Verderflex,146.0.0639,PERISTALTICA,PREMIUM,0.0111,0.222,122.36,3135.44,False,"iDura 10 
with 3ph inverter and Hose burst kit D10 SW UCCLPP VAR0.55K NR P3 W",0.55,Trifasico 400V,0.6,,NR,,
VERDER-146_0_0642,Verderflex,146.0.0642,PERISTALTICA,PREMIUM,0.0111,0.222,122.36,3135.44,False,"iDura 10 
with 3ph inverter and Hose burst kit D10 SW UCCLPP VAR0.55K CS P3 W",0.55,Trifasico 400V,0.6,,CSM,,
VERDER-146_0_0643,Verderflex,146.0.0643,PERISTALTICA,PREMIUM,0.0111,0.222,122.36,3214.5,False,"iDura 10 
with 3ph inverter and Hose burst kit D10 SW UCCLPP VAR0.55K FG P3 W",0.55,Trifasico 400V,0.6,,NBRF,,
VERDER-146_0_0644,Verderflex,146.0.0644,PERISTALTICA,PREMIUM,0.0111,0.222,122.36,3259.37,False,"iDura 10 
with 3ph inverter and Hose burst kit D10 NW UCCLPV VAR0.55K NR P3 W",0.55,Trifasico 400V,0.6,,NR,,
VERDER-146_0_0646,Verderflex,146.0.0646,PERISTALTICA,PREMIUM,0.0111,0.222,122.36,3298.57,False,"iDura 10 
with 3ph inverter and Hose burst kit D10 NW UCCLPV VAR0.55K BU P3 W",0.55,Trifasico 400V,0.6,,NBR (Nitrilo),,
VERDER-146_0_0647,Verderflex,146.0.0647,PERISTALTICA,PREMIUM,0.0111,0.222,122.36,3259.37,False,"iDura 10 
with 3ph inverter and Hose burst kit D10 NW UCCLPV VAR0.55K CS P3 W",0.55,Trifasico 400V,0.6,,CSM,,
VERDER-146_0_0648,Verderflex,146.0.0648,PERISTALTICA,PREMIUM,0.0111,0.222,122.36,3338.44,False,"iDura 10 
with 3ph inverter and Hose burst kit D10 NW UCCLPV VAR0.55K FG P3 W",0.55,Trifasico 400V,0.6,,NBRF,,
VERDER-146_0_0649,Verderflex,146.0.0649,PERISTALTICA,PREMIUM,0.0111,0.222,122.36,2874.93,False,"iDura 10 
with 1ph inverter and Hose burst kit D10 NW USCLSS VAR0.55K NR P1 W",0.55,Trifasico 400V,0.6,,NR,,
VERDER-146_0_0650,Verderflex,146.0.0650,PERISTALTICA,PREMIUM,0.0111,0.222,122.36,2874.93,False,"iDura 10 
with 1ph inverter and Hose burst kit D10 NW USCLSS VAR0.55K EP P1 W",0.55,Trifasico 400V,0.6,,EPDM,,
VERDER-146_0_0651,Verderflex,146.0.0651,PERISTALTICA,PREMIUM,0.0111,0.222,122.36,2914.11,False,"iDura 10 
with 1ph inverter and Hose burst kit D10 NW USCLSS VAR0.55K BU P1 W",0.55,Trifasico 400V,0.6,,NBR (Nitrilo),,
VERDER-146_0_0652,Verderflex,146.0.0652,PERISTALTICA,PREMIUM,0.0111,0.222,122.36,2874.93,False,"iDura 10 
with 1ph inverter and Hose burst kit D10 NW USCLSS VAR0.55K CS P1 W",0.55,Trifasico 400V,0.6,,CSM,,
VERDER-146_0_0653,Verderflex,146.0.0653,PERISTALTICA,PREMIUM,0.0111,0.222,122.36,2953.98,False,"iDura 10 
with 1ph inverter and Hose burst kit D10 NW USCLSS VAR0.55K FG P1 W",0.55,Trifasico 400V,0.6,,NBRF,,
VERDER-146_0_0654,Verderflex,146.0.0654,PERISTALTICA,PREMIUM,0.0111,0.222,122.36,2985.33,False,"iDura 10 
with 1ph inverter and Hose burst kit D10 NW UCCLPP VAR0.55K NR P1 W",0.55,Trifasico 400V,0.6,,NR,,
VERDER-146_0_0655,Verderflex,146.0.0655,PERISTALTICA,PREMIUM,0.0111,0.222,122.36,2985.33,False,"iDura 10 
with 1ph inverter and Hose burst kit D10 NW UCCLPP VAR0.55K EP P1 W",0.55,Trifasico 400V,0.6,,EPDM,,
VERDER-146_0_0656,Verderflex,146.0.0656,PERISTALTICA,PREMIUM,0.0111,0.222,122.36,3024.53,False,"iDura 10 
with 1ph inverter and Hose burst kit D10 NW UCCLPP VAR0.55K BU P1 W",0.55,Trifasico 400V,0.6,,NBR (Nitrilo),,
VERDER-146_0_0657,Verderflex,146.0.0657,PERISTALTICA,PREMIUM,0.0111,0.222,122.36,2985.33,False,"iDura 10 
with 1ph inverter and Hose burst kit D10 NW UCCLPP VAR0.55K CS P1 W",0.55,Trifasico 400V,0.6,,CSM,,
VERDER-146_0_0658,Verderflex,146.0.0658,PERISTALTICA,PREMIUM,0.0111,0.222,122.36,3064.39,False,"iDura 10 
with 1ph inverter and Hose burst kit D10 NW UCCLPP VAR0.55K FG P1 W",0.55,Trifasico 400V,0.6,,NBRF,,
VERDER-146_0_0659,Verderflex,146.0.0659,PERISTALTICA,PREMIUM,0.0111,0.222,122.36,3218.03,False,"iDura 10 
with 1ph inverter and Hose burst kit D10 NW UCCLPP 93R0.55K BU TF W",0.55,Trifasico 400V,0.6,,NBR (Nitrilo),,
VERDER-146_0_0660,Verderflex,146.0.0660,PERISTALTICA,PREMIUM,0.0111,0.222,122.36,3109.2,False,"iDura 10 
with 1ph inverter and Hose burst kit D10 NW UCCLPV VAR0.55K EP P1 W",0.55,Trifasico 400V,0.6,,EPDM,,
VERDER-146_0_0661,Verderflex,146.0.0661,PERISTALTICA,PREMIUM,0.0111,0.222,122.36,3148.41,False,"iDura 10 
with 1ph inverter and Hose burst kit D10 NW UCCLPV VAR0.55K BU P1 W",0.55,Trifasico 400V,0.6,,NBR (Nitrilo),,
VERDER-146_0_0662,Verderflex,146.0.0662,PERISTALTICA,PREMIUM,0.0111,0.222,122.36,3109.2,False,"iDura 10 
with 1ph inverter and Hose burst kit D10 NW UCCLPV VAR0.55K CS P1 W",0.55,Trifasico 400V,0.6,,CSM,,
VERDER-146_0_0663,Verderflex,146.0.0663,PERISTALTICA,PREMIUM,0.0111,0.222,122.36,3188.27,False,"iDura 10 
with 1ph inverter and Hose burst kit D10 NW UCCLPV VAR0.55K FG P1 W",0.55,Trifasico 400V,0.6,,NBRF,,
VERDER-146_1_0606,Verderflex,146.1.0606,PERISTALTICA,PREMIUM,0.02965,0.593,122.36,4238.74,False,"iDura 15 
with 3ph inverter and Hose burst kit D15 SW USCLSS VAR0.75K BU P3 V",0.55,Trifasico 400V,0.6,,NBR (Nitrilo),,
VERDER-146_1_0609,Verderflex,146.1.0609,PERISTALTICA,PREMIUM,0.02965,0.593,122.36,4377.86,False,"iDura 15 
with 3ph inverter and Hose burst kit D15 SW USCLSS VAR0.75K CS P3 V",0.55,Trifasico 400V,0.6,,CSM,,
VERDER-146_1_0607,Verderflex,146.1.0607,PERISTALTICA,PREMIUM,0.02965,0.593,122.36,4320.93,False,"iDura 15 
with 3ph inverter and Hose burst kit D15 SW USCLSS VAR0.75K FG P3 V",0.55,Trifasico 400V,0.6,,NBRF,,
VERDER-146_1_0610,Verderflex,146.1.0610,PERISTALTICA,PREMIUM,0.02965,0.593,122.36,4377.95,False,"iDura 15 
with 3ph inverter and Hose burst kit D15 SW UCCLPP VAR0.75K NR P3 V",0.55,Trifasico 400V,0.6,,NR,,
VERDER-146_1_0613,Verderflex,146.1.0613,PERISTALTICA,PREMIUM,0.02965,0.593,122.36,4377.95,False,"iDura 15 
with 3ph inverter and Hose burst kit D15 SW UCCLPP VAR0.75K EP P3 V",0.55,Trifasico 400V,0.6,,EPDM,,
VERDER-146_1_0611,Verderflex,146.1.0611,PERISTALTICA,PREMIUM,0.02965,0.593,122.36,4377.95,False,"iDura 15 
with 3ph inverter and Hose burst kit D15 SW UCCLPP VAR0.75K BU P3 V",0.55,Trifasico 400V,0.6,,NBR (Nitrilo),,
VERDER-146_1_0614,Verderflex,146.1.0614,PERISTALTICA,PREMIUM,0.02965,0.593,122.36,4517.1,False,"iDura 15 
with 3ph inverter and Hose burst kit D15 SW UCCLPP VAR0.75K CS P3 V",0.55,Trifasico 400V,0.6,,CSM,,
VERDER-146_1_0612,Verderflex,146.1.0612,PERISTALTICA,PREMIUM,0.02965,0.593,122.36,4460.13,False,"iDura 15 
with 3ph inverter and Hose burst kit D15 SW UCCLPP VAR0.75K FG P3 V",0.55,Trifasico 400V,0.6,,NBRF,,
VERDER-146_1_0615,Verderflex,146.1.0615,PERISTALTICA,PREMIUM,0.02965,0.593,122.36,4600.09,False,"iDura 15 
with 3ph inverter and Hose burst kit D15 NW UCCLPV VAR0.75K NR P3 V",0.55,Trifasico 400V,0.6,,NR,,
VERDER-146_1_0618,Verderflex,146.1.0618,PERISTALTICA,PREMIUM,0.02965,0.593,122.36,4600.09,False,"iDura 15 
with 3ph inverter and Hose burst kit D15 NW UCCLPV VAR0.75K EP P3 V",0.55,Trifasico 400V,0.6,,EPDM,,
VERDER-146_1_0616,Verderflex,146.1.0616,PERISTALTICA,PREMIUM,0.02965,0.593,122.36,4600.09,False,"iDura 15 
with 3ph inverter and Hose burst kit D15 NW UCCLPV VAR0.75K BU P3 V",0.55,Trifasico 400V,0.6,,NBR (Nitrilo),,
VERDER-146_1_0619,Verderflex,146.1.0619,PERISTALTICA,PREMIUM,0.02965,0.593,122.36,4739.23,False,"iDura 15 
with 3ph inverter and Hose burst kit D15 NW UCCLPV VAR0.75K CS P3 V",0.55,Trifasico 400V,0.6,,CSM,,
VERDER-146_1_0617,Verderflex,146.1.0617,PERISTALTICA,PREMIUM,0.02965,0.593,122.36,4682.3,False,"iDura 15 
with 3ph inverter and Hose burst kit D15 NW UCCLPV VAR0.75K FG P3 V",0.55,Trifasico 400V,0.6,,NBRF,,
VERDER-146_1_0625,Verderflex,146.1.0625,PERISTALTICA,PREMIUM,0.02965,0.593,122.36,4066.78,False,"iDura 15 
with 1ph inverter and Hose burst kit D15 NW USCLSS VAR0.75K EP P1 V",0.55,Trifasico 400V,0.6,,EPDM,,
VERDER-146_1_0623,Verderflex,146.1.0623,PERISTALTICA,PREMIUM,0.02965,0.593,122.36,4066.78,False,"iDura 15 
with 1ph inverter and Hose burst kit D15 NW USCLSS VAR0.75K BU P1 V",0.55,Trifasico 400V,0.6,,NBR (Nitrilo),,
VERDER-146_1_0626,Verderflex,146.1.0626,PERISTALTICA,PREMIUM,0.02965,0.593,122.36,4205.9,False,"iDura 15 
with 1ph inverter and Hose burst kit D15 NW USCLSS VAR0.75K CS P1 V",0.55,Trifasico 400V,0.6,,CSM,,
VERDER-146_1_0624,Verderflex,146.1.0624,PERISTALTICA,PREMIUM,0.02965,0.593,122.36,4148.97,False,"iDura 15 
with 1ph inverter and Hose burst kit D15 NW USCLSS VAR0.75K FG P1 V",0.55,Trifasico 400V,0.6,,NBRF,,
VERDER-146_1_0627,Verderflex,146.1.0627,PERISTALTICA,PREMIUM,0.02965,0.593,122.36,4205.99,False,"iDura 15 
with 1ph inverter and Hose burst kit D15 NW UCCLPP VAR0.75K NR P1 V",0.55,Trifasico 400V,0.6,,NR,,
VERDER-146_1_0630,Verderflex,146.1.0630,PERISTALTICA,PREMIUM,0.02965,0.593,122.36,4205.99,False,"iDura 15 
with 1ph inverter and Hose burst kit D15 NW UCCLPP VAR0.75K EP P1 V",0.55,Trifasico 400V,0.6,,EPDM,,
VERDER-146_1_0628,Verderflex,146.1.0628,PERISTALTICA,PREMIUM,0.02965,0.593,122.36,4205.99,False,"iDura 15 
with 1ph inverter and Hose burst kit D15 NW UCCLPP VAR0.75K BU P1 V",0.55,Trifasico 400V,0.6,,NBR (Nitrilo),,
VERDER-146_1_0631,Verderflex,146.1.0631,PERISTALTICA,PREMIUM,0.02965,0.593,122.36,4345.11,False,"iDura 15 
with 1ph inverter and Hose burst kit D15 NW UCCLPP VAR0.75K CS P1 V",0.55,Trifasico 400V,0.6,,CSM,,
VERDER-146_1_0629,Verderflex,146.1.0629,PERISTALTICA,PREMIUM,0.02965,0.593,122.36,4288.2,False,"iDura 15 
with 1ph inverter and Hose burst kit D15 NW UCCLPP VAR0.75K FG P1 V",0.55,Trifasico 400V,0.6,,NBRF,,
VERDER-146_1_0632,Verderflex,146.1.0632,PERISTALTICA,PREMIUM,0.02965,0.593,122.36,4428.14,False,"iDura 15 
with 1ph inverter and Hose burst kit D15 NW UCCLPV VAR0.75K NR P1 V",0.55,Trifasico 400V,0.6,,NR,,
VERDER-146_1_0635,Verderflex,146.1.0635,PERISTALTICA,PREMIUM,0.02965,0.593,122.36,4428.14,False,"iDura 15 
with 1ph inverter and Hose burst kit D15 NW UCCLPV VAR0.75K EP P1 V",0.55,Trifasico 400V,0.6,,EPDM,,
VERDER-146_1_0633,Verderflex,146.1.0633,PERISTALTICA,PREMIUM,0.02965,0.593,122.36,4428.14,False,"iDura 15 
with 1ph inverter and Hose burst kit D15 NW UCCLPV VAR0.75K BU P1 V",0.55,Trifasico 400V,0.6,,NBR (Nitrilo),,
VERDER-146_1_0636,Verderflex,146.1.0636,PERISTALTICA,PREMIUM,0.02965,0.593,122.36,4567.27,False,"iDura 15 
with 1ph inverter and Hose burst kit D15 NW UCCLPV VAR0.75K CS P1 V",0.55,Trifasico 400V,0.6,,CSM,,
VERDER-146_1_0634,Verderflex,146.1.0634,PERISTALTICA,PREMIUM,0.02965,0.593,122.36,4510.34,False,"iDura 15 
with 1ph inverter and Hose burst kit D15 NW UCCLPV VAR0.75K FG P1 V",0.55,Trifasico 400V,0.6,,NBRF,,
VERDER-146_2_0627,Verderflex,146.2.0627,PERISTALTICA,PREMIUM,0.11935,2.387,122.36,5110.65,False,"iDura 25 
with 3ph inverter and Hose burst kit D25 SW USCLSS VAR1.5 K BU P3 V",1.1,Trifasico 400V,0.6,,NBR (Nitrilo),,
VERDER-146_2_0630,Verderflex,146.2.0630,PERISTALTICA,PREMIUM,0.11935,2.387,122.36,5362.41,False,"iDura 25 
with 3ph inverter and Hose burst kit D25 SW USCLSS VAR1.5 K CS P3 V",1.1,Trifasico 400V,0.6,,CSM,,
VERDER-146_2_0628,Verderflex,146.2.0628,PERISTALTICA,PREMIUM,0.11935,2.387,122.36,5215.85,False,"iDura 25 
with 3ph inverter and Hose burst kit D25 SW USCLSS VAR1.5 K FG P3 V",1.1,Trifasico 400V,0.6,,NBRF,,
VERDER-146_2_0631,Verderflex,146.2.0631,PERISTALTICA,PREMIUM,0.11935,2.387,122.36,5229.47,False,"iDura 25 
with 3ph inverter and Hose burst kit D25 SW UCCLPP VAR1.5 K NR P3 V",1.1,Trifasico 400V,0.6,,NR,,
VERDER-146_2_0634,Verderflex,146.2.0634,PERISTALTICA,PREMIUM,0.11935,2.387,122.36,5229.47,False,"iDura 25 
with 3ph inverter and Hose burst kit D25 SW UCCLPP VAR1.5 K EP P3 V",1.1,Trifasico 400V,0.6,,EPDM,,
VERDER-146_2_0632,Verderflex,146.2.0632,PERISTALTICA,PREMIUM,0.11935,2.387,122.36,5229.47,False,"iDura 25 
with 3ph inverter and Hose burst kit D25 SW UCCLPP VAR1.5 K BU P3 V",1.1,Trifasico 400V,0.6,,NBR (Nitrilo),,
VERDER-146_2_0635,Verderflex,146.2.0635,PERISTALTICA,PREMIUM,0.11935,2.387,122.36,5481.24,False,"iDura 25 
with 3ph inverter and Hose burst kit D25 SW UCCLPP VAR1.5 K CS P3 V",1.1,Trifasico 400V,0.6,,CSM,,
VERDER-146_2_0633,Verderflex,146.2.0633,PERISTALTICA,PREMIUM,0.11935,2.387,122.36,5334.67,False,"iDura 25 
with 3ph inverter and Hose burst kit D25 SW UCCLPP VAR1.5 K FG P3 V",1.1,Trifasico 400V,0.6,,NBRF,,
VERDER-146_2_0636,Verderflex,146.2.0636,PERISTALTICA,PREMIUM,0.11935,2.387,122.36,5561.94,False,"iDura 25 
with 3ph inverter and Hose burst kit D25 NW UCCLPV VAR1.5 K NR P3 V",1.1,Trifasico 400V,0.6,,NR,,
VERDER-146_2_0639,Verderflex,146.2.0639,PERISTALTICA,PREMIUM,0.11935,2.387,122.36,5561.94,False,"iDura 25 
with 3ph inverter and Hose burst kit D25 NW UCCLPV VAR1.5 K EP P3 V",1.1,Trifasico 400V,0.6,,EPDM,,
VERDER-146_2_0637,Verderflex,146.2.0637,PERISTALTICA,PREMIUM,0.11935,2.387,122.36,5561.94,False,"iDura 25 
with 3ph inverter and Hose burst kit D25 NW UCCLPV VAR1.5 K BU P3 V",1.1,Trifasico 400V,0.6,,NBR (Nitrilo),,
VERDER-146_2_0640,Verderflex,146.2.0640,PERISTALTICA,PREMIUM,0.11935,2.387,122.36,5813.66,False,"iDura 25 
with 3ph inverter and Hose burst kit D25 NW UCCLPV VAR1.5 K CS P3 V",1.1,Trifasico 400V,0.6,,CSM,,
VERDER-146_2_0638,Verderflex,146.2.0638,PERISTALTICA,PREMIUM,0.11935,2.387,122.36,5667.12,False,"iDura 25 
with 3ph inverter and Hose burst kit D25 NW UCCLPV VAR1.5 K FG P3 V",1.1,Trifasico 400V,0.6,,NBRF,,
VERDER-146_2_0643,Verderflex,146.2.0643,PERISTALTICA,PREMIUM,0.11935,2.387,122.36,5136.87,False,"iDura 25 
with 1ph inverter and Hose burst kit D25 NW USCLSS VAR1.5 K NR P1 V",1.1,Trifasico 400V,0.6,,NR,,
VERDER-146_2_0646,Verderflex,146.2.0646,PERISTALTICA,PREMIUM,0.11935,2.387,122.36,5136.87,False,"iDura 25 
with 1ph inverter and Hose burst kit D25 NW USCLSS VAR1.5 K EP P1 V",1.1,Trifasico 400V,0.6,,EPDM,,
VERDER-146_2_0644,Verderflex,146.2.0644,PERISTALTICA,PREMIUM,0.11935,2.387,122.36,5136.87,False,"iDura 25 
with 1ph inverter and Hose burst kit D25 NW USCLSS VAR1.5 K BU P1 V",1.1,Trifasico 400V,0.6,,NBR (Nitrilo),,
VERDER-146_2_0647,Verderflex,146.2.0647,PERISTALTICA,PREMIUM,0.11935,2.387,122.36,5388.6,False,"iDura 25 
with 1ph inverter and Hose burst kit D25 NW USCLSS VAR1.5 K CS P1 V",1.1,Trifasico 400V,0.6,,CSM,,
VERDER-146_2_0645,Verderflex,146.2.0645,PERISTALTICA,PREMIUM,0.11935,2.387,122.36,5242.06,False,"iDura 25 
with 1ph inverter and Hose burst kit D25 NW USCLSS VAR1.5 K FG P1 V",1.1,Trifasico 400V,0.6,,NBRF,,
VERDER-146_2_0648,Verderflex,146.2.0648,PERISTALTICA,PREMIUM,0.11935,2.387,122.36,5255.71,False,"iDura 25 
with 1ph inverter and Hose burst kit D25 NW UCCLPP VAR1.5 K NR P1 V",1.1,Trifasico 400V,0.6,,NR,,
VERDER-146_2_0651,Verderflex,146.2.0651,PERISTALTICA,PREMIUM,0.11935,2.387,122.36,5255.71,False,"iDura 25 
with 1ph inverter and Hose burst kit D25 NW UCCLPP VAR1.5 K EP P1 V",1.1,Trifasico 400V,0.6,,EPDM,,
VERDER-146_2_0649,Verderflex,146.2.0649,PERISTALTICA,PREMIUM,0.11935,2.387,122.36,5255.71,False,"iDura 25 
with 1ph inverter and Hose burst kit D25 NW UCCLPP VAR1.5 K BU P1 V",1.1,Trifasico 400V,0.6,,NBR (Nitrilo),,
VERDER-146_2_0652,Verderflex,146.2.0652,PERISTALTICA,PREMIUM,0.11935,2.387,122.36,5507.45,False,"iDura 25 
with 1ph inverter and Hose burst kit D25 NW UCCLPP VAR1.5 K CS P1 V",1.1,Trifasico 400V,0.6,,CSM,,
VERDER-146_2_0650,Verderflex,146.2.0650,PERISTALTICA,PREMIUM,0.11935,2.387,122.36,5360.88,False,"iDura 25 
with 1ph inverter and Hose burst kit D25 NW UCCLPP VAR1.5 K FG P1 V",1.1,Trifasico 400V,0.6,,NBRF,,
VERDER-146_2_0653,Verderflex,146.2.0653,PERISTALTICA,PREMIUM,0.11935,2.387,122.36,5588.13,False,"iDura 25 
with 1ph inverter and Hose burst kit D25 NW UCCLPV VAR1.5 K NR P1 V",1.1,Trifasico 400V,0.6,,NR,,
VERDER-146_2_0656,Verderflex,146.2.0656,PERISTALTICA,PREMIUM,0.11935,2.387,122.36,5588.13,False,"iDura 25 
with 1ph inverter and Hose burst kit D25 NW UCCLPV VAR1.5 K EP P1 V",1.1,Trifasico 400V,0.6,,EPDM,,
VERDER-146_2_0654,Verderflex,146.2.0654,PERISTALTICA,PREMIUM,0.11935,2.387,122.36,5588.13,False,"iDura 25 
with 1ph inverter and Hose burst kit D25 NW UCCLPV VAR1.5 K BU P1 V",1.1,Trifasico 400V,0.6,,NBR (Nitrilo),,
VERDER-146_2_0657,Verderflex,146.2.0657,PERISTALTICA,PREMIUM,0.11935,2.387,122.36,5839.91,False,"iDura 25 
with 1ph inverter and Hose burst kit D25 NW UCCLPV VAR1.5 K CS P1 V",1.1,Trifasico 400V,0.6,,CSM,,
VERDER-146_2_0655,Verderflex,146.2.0655,PERISTALTICA,PREMIUM,0.11935,2.387,122.36,5693.33,False,"iDura 25 
with 1ph inverter and Hose burst kit D25 NW UCCLPV VAR1.5 K FG P1 V",1.1,Trifasico 400V,0.6,,NBRF,,
VERDER-146_3_0532,Verderflex,146.3.0532,PERISTALTICA,PREMIUM,0.2646,5.292,163.15,7869.96,False,"iDura 35 
with 3ph inverter and Hose burst kit D35 SW USCLSS VAR2.2 K EP P3 V",1.5,Trifasico 400V,0.6,,EPDM,,
VERDER-146_3_0530,Verderflex,146.3.0530,PERISTALTICA,PREMIUM,0.2646,5.292,163.15,7869.96,False,"iDura 35 
with 3ph inverter and Hose burst kit D35 SW USCLSS VAR2.2 K BU P3 V",1.5,Trifasico 400V,0.6,,NBR (Nitrilo),,
VERDER-146_3_0533,Verderflex,146.3.0533,PERISTALTICA,PREMIUM,0.2646,5.292,163.15,8249.85,False,"iDura 35 
with 3ph inverter and Hose burst kit D35 SW USCLSS VAR2.2 K CS P3 V",1.5,Trifasico 400V,0.6,,CSM,,
VERDER-146_3_0531,Verderflex,146.3.0531,PERISTALTICA,PREMIUM,0.2646,5.292,163.15,8023.48,False,"iDura 35 
with 3ph inverter and Hose burst kit D35 SW USCLSS VAR2.2 K FG P3 V",1.5,Trifasico 400V,0.6,,NBRF,,
VERDER-146_3_0534,Verderflex,146.3.0534,PERISTALTICA,PREMIUM,0.2646,5.292,163.15,8016.76,False,"iDura 35 
with 3ph inverter and Hose burst kit D35 SW UCCLPP VAR2.2 K NR P3 V",1.5,Trifasico 400V,0.6,,NR,,
VERDER-146_3_0537,Verderflex,146.3.0537,PERISTALTICA,PREMIUM,0.2646,5.292,163.15,8016.76,False,"iDura 35 
with 3ph inverter and Hose burst kit D35 SW UCCLPP VAR2.2 K EP P3 V",1.5,Trifasico 400V,0.6,,EPDM,,
VERDER-146_3_0535,Verderflex,146.3.0535,PERISTALTICA,PREMIUM,0.2646,5.292,163.15,8016.76,False,"iDura 35 
with 3ph inverter and Hose burst kit D35 SW UCCLPP VAR2.2 K BU P3 V",1.5,Trifasico 400V,0.6,,NBR (Nitrilo),,
VERDER-146_3_0538,Verderflex,146.3.0538,PERISTALTICA,PREMIUM,0.2646,5.292,163.15,8396.66,False,"iDura 35 
with 3ph inverter and Hose burst kit D35 SW UCCLPP VAR2.2 K CS P3 V",1.5,Trifasico 400V,0.6,,CSM,,
VERDER-146_3_0536,Verderflex,146.3.0536,PERISTALTICA,PREMIUM,0.2646,5.292,163.15,8170.29,False,"iDura 35 
with 3ph inverter and Hose burst kit D35 SW UCCLPP VAR2.2 K FG P3 V",1.5,Trifasico 400V,0.6,,NBRF,,
VERDER-146_3_0539,Verderflex,146.3.0539,PERISTALTICA,PREMIUM,0.2646,5.292,163.15,8587.55,False,"iDura 35 
with 3ph inverter and Hose burst kit D35 NW UCCLPV VAR2.2 K NR P3 V",1.5,Trifasico 400V,0.6,,NR,,
VERDER-146_3_0542,Verderflex,146.3.0542,PERISTALTICA,PREMIUM,0.2646,5.292,163.15,8587.55,False,"iDura 35 
with 3ph inverter and Hose burst kit D35 NW UCCLPV VAR2.2 K EP P3 V",1.5,Trifasico 400V,0.6,,EPDM,,
VERDER-146_3_0540,Verderflex,146.3.0540,PERISTALTICA,PREMIUM,0.2646,5.292,163.15,8587.55,False,"iDura 35 
with 3ph inverter and Hose burst kit D35 NW UCCLPV VAR2.2 K BU P3 V",1.5,Trifasico 400V,0.6,,NBR (Nitrilo),,
VERDER-146_3_0543,Verderflex,146.3.0543,PERISTALTICA,PREMIUM,0.2646,5.292,163.15,8967.45,False,"iDura 35 
with 3ph inverter and Hose burst kit D35 NW UCCLPV VAR2.2 K CS P3 V",1.5,Trifasico 400V,0.6,,CSM,,
VERDER-146_3_0541,Verderflex,146.3.0541,PERISTALTICA,PREMIUM,0.2646,5.292,163.15,8741.08,False,"iDura 35 
with 3ph inverter and Hose burst kit D35 NW UCCLPV VAR2.2 K FG P3 V",1.5,Trifasico 400V,0.6,,NBRF,,
VERDER-146_4_1000,Verderflex,146.4.1000,PERISTALTICA,PREMIUM,0.612,12.24,163.15,9084.07,False,"iDura 45 
with 3ph inverter and Hose burst kit D45 SP UIASSS VAR4.0 K NR P3 V",4.0,Trifasico 400V,0.6,,NR,,
VERDER-146_4_1001,Verderflex,146.4.1001,PERISTALTICA,PREMIUM,0.612,12.24,163.15,9084.07,False,"iDura 45 
with 3ph inverter and Hose burst kit D45 SP UIASSS VAR4.0 K EP P3 V",4.0,Trifasico 400V,0.6,,EPDM,,
VERDER-146_4_1002,Verderflex,146.4.1002,PERISTALTICA,PREMIUM,0.612,12.24,163.15,9084.07,False,"iDura 45 
with 3ph inverter and Hose burst kit D45 SP UIASSS VAR4.0 K BU P3 V",4.0,Trifasico 400V,0.6,,NBR (Nitrilo),,
VERDER-146_4_1003,Verderflex,146.4.1003,PERISTALTICA,PREMIUM,0.612,12.24,163.15,9084.07,False,"iDura 45 
with 3ph inverter and Hose burst kit D45 SP UIASSS VAR4.0 K CS P3 V",4.0,Trifasico 400V,0.6,,CSM,,
VERDER-146_4_1004,Verderflex,146.4.1004,PERISTALTICA,PREMIUM,0.612,12.24,163.15,9084.07,False,"iDura 45 
with 3ph inverter and Hose burst kit D45 SP UIASSS VAR4.0 K FG P3 V",4.0,Trifasico 400V,0.6,,NBRF,,
VERDER-146_4_1005,Verderflex,146.4.1005,PERISTALTICA,PREMIUM,0.612,12.24,163.15,9084.07,False,"iDura 45 
with 3ph inverter and Hose burst kit D45 SP UIASPP VAR4.0 K NR P3 V",4.0,Trifasico 400V,0.6,,NR,,
VERDER-146_4_1006,Verderflex,146.4.1006,PERISTALTICA,PREMIUM,0.612,12.24,163.15,9084.07,False,"iDura 45 
with 3ph inverter and Hose burst kit D45 SP UIASPP VAR4.0 K EP P3 V",4.0,Trifasico 400V,0.6,,EPDM,,
VERDER-146_4_1007,Verderflex,146.4.1007,PERISTALTICA,PREMIUM,0.612,12.24,163.15,9084.07,False,"iDura 45 
with 3ph inverter and Hose burst kit D45 SP UIASPP VAR4.0 K BU P3 V",4.0,Trifasico 400V,0.6,,NBR (Nitrilo),,
VERDER-146_4_1008,Verderflex,146.4.1008,PERISTALTICA,PREMIUM,0.612,12.24,163.15,9084.07,False,"iDura 45 
with 3ph inverter and Hose burst kit D45 SP UIASPP VAR4.0 K CS P3 V",4.0,Trifasico 400V,0.6,,CSM,,
VERDER-146_4_1009,Verderflex,146.4.1009,PERISTALTICA,PREMIUM,0.612,12.24,163.15,9084.07,False,"iDura 45 
with 3ph inverter and Hose burst kit D45 SP UIASPP VAR4.0 K FG P3 V",4.0,Trifasico 400V,0.6,,NBRF,,
VERDER-146_4_1010,Verderflex,146.4.1010,PERISTALTICA,PREMIUM,0.612,12.24,163.15,9084.07,False,"iDura 45 
with 3ph inverter and Hose burst kit D45 NP UIASPV VAR4.0 K NR P3 V",4.0,Trifasico 400V,0.6,,NR,,
VERDER-146_4_1011,Verderflex,146.4.1011,PERISTALTICA,PREMIUM,0.612,12.24,163.15,9084.07,False,"iDura 45 
with 3ph inverter and Hose burst kit D45 NP UIASPV VAR4.0 K EP P3 V",4.0,Trifasico 400V,0.6,,EPDM,,
VERDER-146_4_1012,Verderflex,146.4.1012,PERISTALTICA,PREMIUM,0.612,12.24,163.15,9084.07,False,"iDura 45 
with 3ph inverter and Hose burst kit D45 NP UIASPV VAR4.0 K BU P3 V",4.0,Trifasico 400V,0.6,,NBR (Nitrilo),,
VERDER-146_4_1013,Verderflex,146.4.1013,PERISTALTICA,PREMIUM,0.612,12.24,163.15,9084.07,False,"iDura 45 
with 3ph inverter and Hose burst kit D45 NP UIASPV VAR4.0 K CS P3 V",4.0,Trifasico 400V,0.6,,CSM,,
VERDER-146_4_1014,Verderflex,146.4.1014,PERISTALTICA,PREMIUM,0.612,12.24,163.15,9492.76,False,"iDura 45 
with 3ph inverter and Hose burst kit D45 NP UIASPV VAR4.0 K FG P3 V",4.0,Trifasico 400V,0.6,,NBRF,,
VERDER-146_5_3000,Verderflex,146.5.3000,PERISTALTICA,PREMIUM,0.765,15.3,81.58,11284.99,False,"iDura 55
with 3ph inverter and Hose burst kit D55 NP USASSS VAR4.0 K NR P3 V",7.5,Trifasico 400V,0.6,,NR,,
VERDER-146_5_3001,Verderflex,146.5.3001,PERISTALTICA,PREMIUM,0.765,15.3,81.58,11284.99,False,"iDura 55
with 3ph inverter and Hose burst kit D55 NP USASSS VAR4.0 K EP P3 V",7.5,Trifasico 400V,0.6,,EPDM,,
VERDER-146_5_3002,Verderflex,146.5.3002,PERISTALTICA,PREMIUM,0.765,15.3,81.58,11284.99,False,"iDura 55
with 3ph inverter and Hose burst kit D55 NP USASSS VAR4.0 K BU P3 V",7.5,Trifasico 400V,0.6,,NBR (Nitrilo),,
VERDER-146_5_3003,Verderflex,146.5.3003,PERISTALTICA,PREMIUM,0.765,15.3,81.58,12395.97,False,"iDura 55
with 3ph inverter and Hose burst kit D55 NP USASSS VAR4.0 K CS P3 V",7.5,Trifasico 400V,0.6,,CSM,,
VERDER-146_5_3004,Verderflex,146.5.3004,PERISTALTICA,PREMIUM,0.765,15.3,81.58,11681.77,False,"iDura 55
with 3ph inverter and Hose burst kit D55 NP USASSS VAR4.0 K FG P3 V",7.5,Trifasico 400V,0.6,,NBRF,,
VERDER-146_5_3005,Verderflex,146.5.3005,PERISTALTICA,CALIDAD_PRECIO,0.765,15.3,81.58,11284.99,False,"iDura 55
with 3ph inverter and Hose burst kit D55 NP UIASPP VAR4.0 K NR P3 V",7.5,Trifasico 400V,0.6,,NR,,
VERDER-146_5_3006,Verderflex,146.5.3006,PERISTALTICA,CALIDAD_PRECIO,0.765,15.3,81.58,11284.99,False,"iDura 55
with 3ph inverter and Hose burst kit D55 NP UIASPP VAR4.0 K EP P3 V",7.5,Trifasico 400V,0.6,,EPDM,,
VERDER-146_5_3007,Verderflex,146.5.3007,PERISTALTICA,CALIDAD_PRECIO,0.765,15.3,81.58,11284.99,False,"iDura 55
with 3ph inverter and Hose burst kit D55 NP UIASPP VAR4.0 K BU P3 V",7.5,Trifasico 400V,0.6,,NBR (Nitrilo),,
VERDER-146_5_3008,Verderflex,146.5.3008,PERISTALTICA,PREMIUM,0.765,15.3,81.58,12395.97,False,"iDura 55
with 3ph inverter and Hose burst kit D55 NP UIASPP VAR4.0 K CS P3 V",7.5,Trifasico 400V,0.6,,CSM,,
VERDER-146_5_3009,Verderflex,146.5.3009,PERISTALTICA,PREMIUM,0.765,15.3,81.58,11681.77,False,"iDura 55
with 3ph inverter and Hose burst kit D55 NP UIASPP VAR4.0 K FG P3 V",7.5,Trifasico 400V,0.6,,NBRF,,
VERDER-146_5_3010,Verderflex,146.5.3010,PERISTALTICA,PREMIUM,0.765,15.3,81.58,12388.18,False,"iDura 55
with 3ph inverter and Hose burst kit D55 NP UIASPV VAR4.0 K NR P3 V",7.5,Trifasico 400V,0.6,,NR,,
VERDER-146_5_3011,Verderflex,146.5.3011,PERISTALTICA,PREMIUM,0.765,15.3,81.58,12388.18,False,"iDura 55
with 3ph inverter and Hose burst kit D55 NP UIASPV VAR4.0 K EP P3 V",7.5,Trifasico 400V,0.6,,EPDM,,
VERDER-146_5_3012,Verderflex,146.5.3012,PERISTALTICA,PREMIUM,0.765,15.3,81.58,12388.18,False,"iDura 55
with 3ph inverter and Hose burst kit D55 NP UIASPV VAR4.0 K BU P3 V",7.5,Trifasico 400V,0.6,,NBR (Nitrilo),,
VERDER-146_5_3013,Verderflex,146.5.3013,PERISTALTICA,PREMIUM,0.765,15.3,81.58,13482.75,False,"iDura 55
with 3ph inverter and Hose burst kit D55 NP UIASPV VAR4.0 K CS P3 V",7.5,Trifasico 400V,0.6,,CSM,,
VERDER-146_5_3014,Verderflex,146.5.3014,PERISTALTICA,PREMIUM,0.765,15.3,81.58,12768.54,False,"iDura 55
with 3ph inverter and Hose burst kit D55 NP UIASPV VAR4.0 K FG P3 V",7.5,Trifasico 400V,0.6,,NBRF,,
VERDER-146_5_3500,Verderflex,146.5.3500,PERISTALTICA,PREMIUM,0.765,15.3,81.58,14108.43,False,"iDura 55
with 3ph inverter and Hose burst kit D55 SP USASSS VAR7.5 K NR P3 V",7.5,Trifasico 400V,0.6,,NR,,
VERDER-146_5_3501,Verderflex,146.5.3501,PERISTALTICA,PREMIUM,0.765,15.3,81.58,14108.43,False,"iDura 55
with 3ph inverter and Hose burst kit D55 SP USASSS VAR7.5 K EP P3 V",7.5,Trifasico 400V,0.6,,EPDM,,
VERDER-146_5_3502,Verderflex,146.5.3502,PERISTALTICA,PREMIUM,0.765,15.3,81.58,14108.43,False,"iDura 55
with 3ph inverter and Hose burst kit D55 SP USASSS VAR7.5 K BU P3 V",7.5,Trifasico 400V,0.6,,NBR (Nitrilo),,
VERDER-146_5_3503,Verderflex,146.5.3503,PERISTALTICA,PREMIUM,0.765,15.3,81.58,15219.36,False,"iDura 55
with 3ph inverter and Hose burst kit D55 SP USASSS VAR7.5 K CS P3 V",7.5,Trifasico 400V,0.6,,CSM,,
VERDER-146_5_3504,Verderflex,146.5.3504,PERISTALTICA,PREMIUM,0.765,15.3,81.58,14584.5,False,"iDura 55
with 3ph inverter and Hose burst kit D55 SP USASSS VAR7.5 K FG P3 V",7.5,Trifasico 400V,0.6,,NBRF,,
VERDER-146_5_3505,Verderflex,146.5.3505,PERISTALTICA,PREMIUM,0.765,15.3,81.58,14108.43,False,"iDura 55
with 3ph inverter and Hose burst kit D55 SP UIASPP VAR7.5 K NR P3 V",7.5,Trifasico 400V,0.6,,NR,,
VERDER-146_5_3506,Verderflex,146.5.3506,PERISTALTICA,PREMIUM,0.765,15.3,81.58,14108.43,False,"iDura 55
with 3ph inverter and Hose burst kit D55 SP UIASPP VAR7.5 K EP P3 V",7.5,Trifasico 400V,0.6,,EPDM,,
VERDER-146_5_3507,Verderflex,146.5.3507,PERISTALTICA,PREMIUM,0.765,15.3,81.58,14108.43,False,"iDura 55
with 3ph inverter and Hose burst kit D55 SP UIASPP VAR7.5 K BU P3 V",7.5,Trifasico 400V,0.6,,NBR (Nitrilo),,
VERDER-146_5_3508,Verderflex,146.5.3508,PERISTALTICA,PREMIUM,0.765,15.3,81.58,15219.36,False,"iDura 55
with 3ph inverter and Hose burst kit D55 SP UIASPP VAR7.5 K CS P3 V",7.5,Trifasico 400V,0.6,,CSM,,
VERDER-146_5_3509,Verderflex,146.5.3509,PERISTALTICA,PREMIUM,0.765,15.3,81.58,14584.5,False,"iDura 55
with 3ph inverter and Hose burst kit D55 SP UIASPP VAR7.5 K FG P3 V",7.5,Trifasico 400V,0.6,,NBRF,,
VERDER-146_5_3510,Verderflex,146.5.3510,PERISTALTICA,PREMIUM,0.765,15.3,81.58,15206.87,False,"iDura 55
with 3ph inverter and Hose burst kit D55 NP UIASPV VAR7.5 K NR P3 V",7.5,Trifasico 400V,0.6,,NR,,
VERDER-146_5_3511,Verderflex,146.5.3511,PERISTALTICA,PREMIUM,0.765,15.3,81.58,15206.87,False,"iDura 55
with 3ph inverter and Hose burst kit D55 NP UIASPV VAR7.5 K EP P3 V",7.5,Trifasico 400V,0.6,,EPDM,,
VERDER-146_5_3512,Verderflex,146.5.3512,PERISTALTICA,PREMIUM,0.765,15.3,81.58,15206.87,False,"iDura 55
with 3ph inverter and Hose burst kit D55 NP UIASPV VAR7.5 K BU P3 V",7.5,Trifasico 400V,0.6,,NBR (Nitrilo),,
VERDER-146_5_3513,Verderflex,146.5.3513,PERISTALTICA,PREMIUM,0.765,15.3,81.58,16301.44,False,"iDura 55
with 3ph inverter and Hose burst kit D55 NP UIASPV VAR7.5 K CS P3 V",7.5,Trifasico 400V,0.6,,CSM,,
VERDER-146_5_3514,Verderflex,146.5.3514,PERISTALTICA,PREMIUM,0.765,15.3,81.58,15666.59,False,"iDura 55
with 3ph inverter and Hose burst kit D55 NP UIASPV VAR7.5 K FG P3 V",7.5,Trifasico 400V,0.6,,NBRF,,
VERDER-146_5_4000,Verderflex,146.5.4000,PERISTALTICA,PREMIUM,0.825,16.5,163.15,13924.47,False,"iDura 60
with 3ph inverter and Hose burst kit D60 NP USASSS VAR4.0 K NR P3",,Trifasico 400V,0.6,,NR,,
VERDER-146_5_4001,Verderflex,146.5.4001,PERISTALTICA,PREMIUM,0.825,16.5,163.15,13924.47,False,"iDura 60
with 3ph inverter and Hose burst kit D60 NP USASSS VAR4.0 K EP P3",,Trifasico 400V,0.6,,EPDM,,
VERDER-146_5_4002,Verderflex,146.5.4002,PERISTALTICA,PREMIUM,0.825,16.5,163.15,14987.82,False,"iDura 60
with 3ph inverter and Hose burst kit D60 NP UIASPP VAR4.0 K NR P3",,Trifasico 400V,0.6,,NR,,
VERDER-146_5_4003,Verderflex,146.5.4003,PERISTALTICA,PREMIUM,0.825,16.5,163.15,14987.82,False,"iDura 60
with 3ph inverter and Hose burst kit D60 NP UIASPP VAR4.0 K EP P3",,Trifasico 400V,0.6,,EPDM,,
VERDER-146_5_4004,Verderflex,146.5.4004,PERISTALTICA,PREMIUM,0.825,16.5,163.15,16457.51,False,"iDura 60
with 3ph inverter and Hose burst kit D60 NP UIASPV VAR4.0 K NR P3",,Trifasico 400V,0.6,,NR,,
VERDER-146_5_4006,Verderflex,146.5.4006,PERISTALTICA,PREMIUM,0.825,16.5,163.15,16457.51,False,"iDura 60
with 3ph inverter and Hose burst kit D60 NP UIASPV VAR4.0 K EP P3",,Trifasico 400V,0.6,,EPDM,,
VERDER-146_5_4501,Verderflex,146.5.4501,PERISTALTICA,PREMIUM,0.825,16.5,163.15,17675.59,False,"iDura 60
with 3ph inverter and Hose burst kit D60 SP USASSS VAR7.5 K NR P3",,Trifasico 400V,0.6,,NR,,
VERDER-146_5_4502,Verderflex,146.5.4502,PERISTALTICA,PREMIUM,0.825,16.5,163.15,17675.59,False,"iDura 60
with 3ph inverter and Hose burst kit D60 SP USASSS VAR7.5 K EP P3",,Trifasico 400V,0.6,,EPDM,,
VERDER-146_5_4503,Verderflex,146.5.4503,PERISTALTICA,PREMIUM,0.825,16.5,163.15,18738.96,False,"iDura 60
with 3ph inverter and Hose burst kit D60 SP UIASPP VAR7.5 K NR P3",,Trifasico 400V,0.6,,NR,,
VERDER-146_5_4504,Verderflex,146.5.4504,PERISTALTICA,PREMIUM,0.825,16.5,163.15,18738.96,False,"iDura 60
with 3ph inverter and Hose burst kit D60 SP UIASPP VAR7.5 K EP P3",,Trifasico 400V,0.6,,EPDM,,
VERDER-146_5_4505,Verderflex,146.5.4505,PERISTALTICA,PREMIUM,0.825,16.5,163.15,20208.65,False,"iDura 60
with 3ph inverter and Hose burst kit D60 NP UIASPV VAR7.5 K NR P3",,Trifasico 400V,0.6,,NR,,
VERDER-146_5_4506,Verderflex,146.5.4506,PERISTALTICA,PREMIUM,0.825,16.5,163.15,20208.65,False,"iDura 60
with 3ph inverter and Hose burst kit D60 NP UIASPV VAR7.5 K EP P3",,Trifasico 400V,0.6,,EPDM,,
VERDER-146_6_2000,Verderflex,146.6.2000,PERISTALTICA,PREMIUM,1.65,33.0,163.15,17308.82,False,"iDura 65
with 3ph inverter and Hose burst kit D65 NP USALSS VAR5.5 K NR P3 V",7.5,Trifasico 400V,0.6,,NR,,
VERDER-146_6_2001,Verderflex,146.6.2001,PERISTALTICA,PREMIUM,1.65,33.0,163.15,17308.82,False,"iDura 65
with 3ph inverter and Hose burst kit D65 NP USALSS VAR5.5 K EP P3 V",7.5,Trifasico 400V,0.6,,EPDM,,
VERDER-146_6_2002,Verderflex,146.6.2002,PERISTALTICA,PREMIUM,1.65,33.0,163.15,17308.82,False,"iDura 65
with 3ph inverter and Hose burst kit D65 NP USALSS VAR5.5 K BU P3 V",7.5,Trifasico 400V,0.6,,NBR (Nitrilo),,
VERDER-146_6_2003,Verderflex,146.6.2003,PERISTALTICA,PREMIUM,1.65,33.0,163.15,19234.76,False,"iDura 65
with 3ph inverter and Hose burst kit D65 NP USALSS VAR5.5 K CS P3 V",7.5,Trifasico 400V,0.6,,CSM,,
VERDER-146_6_2004,Verderflex,146.6.2004,PERISTALTICA,PREMIUM,1.65,33.0,163.15,17539.96,False,"iDura 65
with 3ph inverter and Hose burst kit D65 NP USALSS VAR5.5 K FG P3 V",7.5,Trifasico 400V,0.6,,NBRF,,
VERDER-146_6_2005,Verderflex,146.6.2005,PERISTALTICA,PREMIUM,1.65,33.0,163.15,17766.28,False,"iDura 65
with 3ph inverter and Hose burst kit D65 NP UIALPP VAR5.5 K NR P3 V",7.5,Trifasico 400V,0.6,,NR,,
VERDER-146_6_2006,Verderflex,146.6.2006,PERISTALTICA,PREMIUM,1.65,33.0,163.15,17766.28,False,"iDura 65
with 3ph inverter and Hose burst kit D65 NP UIALPP VAR5.5 K EP P3 V",7.5,Trifasico 400V,0.6,,EPDM,,
VERDER-146_6_2007,Verderflex,146.6.2007,PERISTALTICA,PREMIUM,1.65,33.0,163.15,17766.28,False,"iDura 65
with 3ph inverter and Hose burst kit D65 NP UIALPP VAR5.5 K BU P3 V",7.5,Trifasico 400V,0.6,,NBR (Nitrilo),,
VERDER-146_6_2008,Verderflex,146.6.2008,PERISTALTICA,PREMIUM,1.65,33.0,163.15,19718.94,False,"iDura 65
with 3ph inverter and Hose burst kit D65 NP UIALPP VAR5.5 K CS P3 V",7.5,Trifasico 400V,0.6,,CSM,,
VERDER-146_6_2009,Verderflex,146.6.2009,PERISTALTICA,PREMIUM,1.65,33.0,163.15,17997.43,False,"iDura 65
with 3ph inverter and Hose burst kit D65 NP UIALPP VAR5.5 K FG P3 V",7.5,Trifasico 400V,0.6,,NBRF,,
VERDER-146_6_2010,Verderflex,146.6.2010,PERISTALTICA,PREMIUM,1.65,33.0,163.15,20572.75,False,"iDura 65
with 3ph inverter and Hose burst kit D65 NP UIALPV VAR5.5 K NR P3 V",7.5,Trifasico 400V,0.6,,NR,,
VERDER-146_6_2011,Verderflex,146.6.2011,PERISTALTICA,PREMIUM,1.65,33.0,163.15,20572.75,False,"iDura 65
with 3ph inverter and Hose burst kit D65 NP UIALPV VAR5.5 K EP P3 V",7.5,Trifasico 400V,0.6,,EPDM,,
VERDER-146_6_2012,Verderflex,146.6.2012,PERISTALTICA,PREMIUM,1.65,33.0,163.15,20572.75,False,"iDura 65
with 3ph inverter and Hose burst kit D65 NP UIALPV VAR5.5 K BU P3 V",7.5,Trifasico 400V,0.6,,NBR (Nitrilo),,
VERDER-146_6_2013,Verderflex,146.6.2013,PERISTALTICA,PREMIUM,1.65,33.0,163.15,22780.17,False,"iDura 65
with 3ph inverter and Hose burst kit D65 NP UIALPV VAR5.5 K CS P3 V",7.5,Trifasico 400V,0.6,,CSM,,
VERDER-146_6_2014,Verderflex,146.6.2014,PERISTALTICA,PREMIUM,1.65,33.0,163.15,19841.9,False,"iDura 65
with 3ph inverter and Hose burst kit D65 NP UIALPV VAR5.5 K FG P3 V",7.5,Trifasico 400V,0.6,,NBRF,,
VERDER-146_6_2500,Verderflex,146.6.2500,PERISTALTICA,PREMIUM,1.65,33.0,163.15,18432.88,False,"iDura 65
with 3ph inverter and Hose burst kit D65 SP USALSS VAR9.2 K NR P3 V",7.5,Trifasico 400V,0.6,,NR,,
VERDER-146_6_2501,Verderflex,146.6.2501,PERISTALTICA,PREMIUM,1.65,33.0,163.15,18432.88,False,"iDura 65
with 3ph inverter and Hose burst kit D65 SP USALSS VAR9.2 K EP P3 V",7.5,Trifasico 400V,0.6,,EPDM,,
VERDER-146_6_2502,Verderflex,146.6.2502,PERISTALTICA,PREMIUM,1.65,33.0,163.15,18432.88,False,"iDura 65
with 3ph inverter and Hose burst kit D65 SP USALSS VAR9.2 K BU P3 V",7.5,Trifasico 400V,0.6,,NBR (Nitrilo),,
VERDER-146_6_2503,Verderflex,146.6.2503,PERISTALTICA,PREMIUM,1.65,33.0,163.15,20358.85,False,"iDura 65
with 3ph inverter and Hose burst kit D65 SP USALSS VAR9.2 K CS P3 V",7.5,Trifasico 400V,0.6,,CSM,,
VERDER-146_6_2504,Verderflex,146.6.2504,PERISTALTICA,PREMIUM,1.65,33.0,163.15,18664.04,False,"iDura 65
with 3ph inverter and Hose burst kit D65 SP USALSS VAR9.2 K FG P3 V",7.5,Trifasico 400V,0.6,,NBRF,,
VERDER-146_6_2505,Verderflex,146.6.2505,PERISTALTICA,PREMIUM,1.65,33.0,163.15,18890.34,False,"iDura 65
with 3ph inverter and Hose burst kit D65 SP UIALPP VAR9.2 K NR P3 V",7.5,Trifasico 400V,0.6,,NR,,
VERDER-146_6_2506,Verderflex,146.6.2506,PERISTALTICA,PREMIUM,1.65,33.0,163.15,18890.34,False,"iDura 65
with 3ph inverter and Hose burst kit D65 SP UIALPP VAR9.2 K EP P3 V",7.5,Trifasico 400V,0.6,,EPDM,,
VERDER-146_6_2507,Verderflex,146.6.2507,PERISTALTICA,PREMIUM,1.65,33.0,163.15,18890.34,False,"iDura 65
with 3ph inverter and Hose burst kit D65 SP UIALPP VAR9.2 K BU P3 V",7.5,Trifasico 400V,0.6,,NBR (Nitrilo),,
VERDER-146_6_2508,Verderflex,146.6.2508,PERISTALTICA,PREMIUM,1.65,33.0,163.15,20843.02,False,"iDura 65
with 3ph inverter and Hose burst kit D65 SP UIALPP VAR9.2 K CS P3 V",7.5,Trifasico 400V,0.6,,CSM,,
VERDER-146_6_2509,Verderflex,146.6.2509,PERISTALTICA,PREMIUM,1.65,33.0,163.15,19121.49,False,"iDura 65
with 3ph inverter and Hose burst kit D65 SP UIALPP VAR9.2 K FG P3 V",7.5,Trifasico 400V,0.6,,NBRF,,
VERDER-146_6_2510,Verderflex,146.6.2510,PERISTALTICA,PREMIUM,1.65,33.0,163.15,21696.83,False,"iDura 65
with 3ph inverter and Hose burst kit D65 NP UIALPV VAR9.2 K NR P3 V",7.5,Trifasico 400V,0.6,,NR,,
VERDER-146_6_2511,Verderflex,146.6.2511,PERISTALTICA,PREMIUM,1.65,33.0,163.15,21696.83,False,"iDura 65
with 3ph inverter and Hose burst kit D65 NP UIALPV VAR9.2 K EP P3 V",7.5,Trifasico 400V,0.6,,EPDM,,
VERDER-146_6_2512,Verderflex,146.6.2512,PERISTALTICA,PREMIUM,1.65,33.0,163.15,21696.83,False,"iDura 65
with 3ph inverter and Hose burst kit D65 NP UIALPV VAR9.2 K BU P3 V",7.5,Trifasico 400V,0.6,,NBR (Nitrilo),,
VERDER-146_6_2513,Verderflex,146.6.2513,PERISTALTICA,PREMIUM,1.65,33.0,163.15,23904.26,False,"iDura 65
with 3ph inverter and Hose burst kit D65 NP UIALPV VAR9.2 K CS P3 V",7.5,Trifasico 400V,0.6,,CSM,,
VERDER-146_6_2514,Verderflex,146.6.2514,PERISTALTICA,PREMIUM,1.65,33.0,163.15,21928.0,False,"iDura 65
with 3ph inverter and Hose burst kit D65 NP UIALPV VAR9.2 K FG P3 V",7.5,Trifasico 400V,0.6,,NBRF,,
VERDER-146_8_1000,Verderflex,146.8.1000,PERISTALTICA,CALIDAD_PRECIO,2.1,42.0,163.15,24538.65,False,"iDura 80
with 3ph inverter and Hose burst kit D80 NP USALSS VAR5.5 K NR P3 V",11.0,Trifasico 400V,0.6,,NR,,
VERDER-146_8_1001,Verderflex,146.8.1001,PERISTALTICA,CALIDAD_PRECIO,2.1,42.0,163.15,24538.65,False,"iDura 80
with 3ph inverter and Hose burst kit D80 NP USALSS VAR5.5 K EP P3 V",11.0,Trifasico 400V,0.6,,EPDM,,
VERDER-146_8_1002,Verderflex,146.8.1002,PERISTALTICA,CALIDAD_PRECIO,2.1,42.0,163.15,24538.65,False,"iDura 80
with 3ph inverter and Hose burst kit D80 NP USALSS VAR5.5 K BU P3 V",11.0,Trifasico 400V,0.6,,NBR (Nitrilo),,
VERDER-146_8_1003,Verderflex,146.8.1003,PERISTALTICA,PREMIUM,2.1,42.0,163.15,27591.63,False,"iDura 80
with 3ph inverter and Hose burst kit D80 NP USALSS VAR5.5 K CS P3 V",11.0,Trifasico 400V,0.6,,CSM,,
VERDER-146_8_1004,Verderflex,146.8.1004,PERISTALTICA,CALIDAD_PRECIO,2.1,42.0,163.15,25232.62,False,"iDura 80
with 3ph inverter and Hose burst kit D80 NP USALSS VAR5.5 K FG P3 V",11.0,Trifasico 400V,0.6,,NBRF,,
VERDER-146_8_1005,Verderflex,146.8.1005,PERISTALTICA,CALIDAD_PRECIO,2.1,42.0,163.15,24538.65,False,"iDura 80
with 3ph inverter and Hose burst kit D80 NP UIALPP VAR5.5 K NR P3 V",11.0,Trifasico 400V,0.6,,NR,,
VERDER-146_8_1006,Verderflex,146.8.1006,PERISTALTICA,CALIDAD_PRECIO,2.1,42.0,163.15,24538.65,False,"iDura 80
with 3ph inverter and Hose burst kit D80 NP UIALPP VAR5.5 K EP P3 V",11.0,Trifasico 400V,0.6,,EPDM,,
VERDER-146_8_1007,Verderflex,146.8.1007,PERISTALTICA,CALIDAD_PRECIO,2.1,42.0,163.15,24538.65,False,"iDura 80
with 3ph inverter and Hose burst kit D80 NP UIALPP VAR5.5 K BU P3 V",11.0,Trifasico 400V,0.6,,NBR (Nitrilo),,
VERDER-146_8_1008,Verderflex,146.8.1008,PERISTALTICA,PREMIUM,2.1,42.0,163.15,27591.63,False,"iDura 80
with 3ph inverter and Hose burst kit D80 NP UIALPP VAR5.5 K CS P3 V",11.0,Trifasico 400V,0.6,,CSM,,
VERDER-146_8_1009,Verderflex,146.8.1009,PERISTALTICA,CALIDAD_PRECIO,2.1,42.0,163.15,25232.62,False,"iDura 80
with 3ph inverter and Hose burst kit D80 NP UIALPP VAR5.5 K FG P3 V",11.0,Trifasico 400V,0.6,,NBRF,,
VERDER-146_8_1010,Verderflex,146.8.1010,PERISTALTICA,PREMIUM,2.1,42.0,163.15,28960.1,False,"iDura 80
with 3ph inverter and Hose burst kit D80 NP UIALPV VAR5.5 K NR P3 V",11.0,Trifasico 400V,0.6,,NR,,
VERDER-146_8_1011,Verderflex,146.8.1011,PERISTALTICA,PREMIUM,2.1,42.0,163.15,28960.1,False,"iDura 80
with 3ph inverter and Hose burst kit D80 NP UIALPV VAR5.5 K EP P3 V",11.0,Trifasico 400V,0.6,,EPDM,,
VERDER-146_8_1012,Verderflex,146.8.1012,PERISTALTICA,PREMIUM,2.1,42.0,163.15,28960.1,False,"iDura 80
with 3ph inverter and Hose burst kit D80 NP UIALPV VAR5.5 K BU P3 V",11.0,Trifasico 400V,0.6,,NBR (Nitrilo),,
VERDER-146_8_1013,Verderflex,146.8.1013,PERISTALTICA,PREMIUM,2.1,42.0,163.15,32014.22,False,"iDura 80
with 3ph inverter and Hose burst kit D80 NP UIALPV VAR5.5 K CS P3 V",11.0,Trifasico 400V,0.6,,CSM,,
VERDER-146_8_1014,Verderflex,146.8.1014,PERISTALTICA,PREMIUM,2.1,42.0,163.15,29654.06,False,"iDura 80
with 3ph inverter and Hose burst kit D80 NP UIALPV VAR5.5 K FG P3 V",11.0,Trifasico 400V,0.6,,NBRF,,
VERDER-146_8_1500,Verderflex,146.8.1500,PERISTALTICA,CALIDAD_PRECIO,2.1,42.0,163.15,25303.62,False,"iDura 80
with 3ph inverter and Hose burst kit D80 SP USALSS VAR11.0K NR P3 V",11.0,Trifasico 400V,0.6,,NR,,
VERDER-146_8_1501,Verderflex,146.8.1501,PERISTALTICA,CALIDAD_PRECIO,2.1,42.0,163.15,25303.62,False,"iDura 80
with 3ph inverter and Hose burst kit D80 SP USALSS VAR11.0K EP P3 V",11.0,Trifasico 400V,0.6,,EPDM,,
VERDER-146_8_1502,Verderflex,146.8.1502,PERISTALTICA,CALIDAD_PRECIO,2.1,42.0,163.15,25303.62,False,"iDura 80
with 3ph inverter and Hose burst kit D80 SP USALSS VAR11.0K BU P3 V",11.0,Trifasico 400V,0.6,,NBR (Nitrilo),,
VERDER-146_8_1503,Verderflex,146.8.1503,PERISTALTICA,PREMIUM,2.1,42.0,163.15,27100.37,False,"iDura 80
with 3ph inverter and Hose burst kit D80 SP USALSS VAR11.0K CS P3 V",11.0,Trifasico 400V,0.6,,CSM,,
VERDER-146_8_1504,Verderflex,146.8.1504,PERISTALTICA,PREMIUM,2.1,42.0,163.15,25997.59,False,"iDura 80
with 3ph inverter and Hose burst kit D80 SP USALSS VAR11.0K FG P3 V",11.0,Trifasico 400V,0.6,,NBRF,,
VERDER-146_8_1505,Verderflex,146.8.1505,PERISTALTICA,CALIDAD_PRECIO,2.1,42.0,163.15,24046.25,False,"iDura 80
with 3ph inverter and Hose burst kit D80 SP UIALPP VAR11.0K NR P3 V",11.0,Trifasico 400V,0.6,,NR,,
VERDER-146_8_1506,Verderflex,146.8.1506,PERISTALTICA,CALIDAD_PRECIO,2.1,42.0,163.15,24046.25,False,"iDura 80
with 3ph inverter and Hose burst kit D80 SP UIALPP VAR11.0K EP P3 V",11.0,Trifasico 400V,0.6,,EPDM,,
VERDER-146_8_1507,Verderflex,146.8.1507,PERISTALTICA,CALIDAD_PRECIO,2.1,42.0,163.15,24046.25,False,"iDura 80
with 3ph inverter and Hose burst kit D80 SP UIALPP VAR11.0K BU P3 V",11.0,Trifasico 400V,0.6,,NBR (Nitrilo),,
VERDER-146_8_1508,Verderflex,146.8.1508,PERISTALTICA,PREMIUM,2.1,42.0,163.15,27100.37,False,"iDura 80
with 3ph inverter and Hose burst kit D80 SP UIALPP VAR11.0K CS P3 V",11.0,Trifasico 400V,0.6,,CSM,,
VERDER-146_8_1509,Verderflex,146.8.1509,PERISTALTICA,CALIDAD_PRECIO,2.1,42.0,163.15,24740.21,False,"iDura 80
with 3ph inverter and Hose burst kit D80 SP UIALPP VAR11.0K FG P3 V",11.0,Trifasico 400V,0.6,,NBRF,,
VERDER-146_8_1510,Verderflex,146.8.1510,PERISTALTICA,PREMIUM,2.1,42.0,163.15,28776.88,False,"iDura 80
with 3ph inverter and Hose burst kit D80 NP UIALPV VAR11.0K NR P3 V",11.0,Trifasico 400V,0.6,,NR,,
VERDER-146_8_1511,Verderflex,146.8.1511,PERISTALTICA,PREMIUM,2.1,42.0,163.15,28776.88,False,"iDura 80
with 3ph inverter and Hose burst kit D80 NP UIALPV VAR11.0K EP P3 V",11.0,Trifasico 400V,0.6,,EPDM,,
VERDER-146_8_1512,Verderflex,146.8.1512,PERISTALTICA,PREMIUM,2.1,42.0,163.15,28776.88,False,"iDura 80
with 3ph inverter and Hose burst kit D80 NP UIALPV VAR11.0K BU P3 V",11.0,Trifasico 400V,0.6,,NBR (Nitrilo),,
VERDER-146_8_1513,Verderflex,146.8.1513,PERISTALTICA,PREMIUM,2.1,42.0,163.15,31831.01,False,"iDura 80
with 3ph inverter and Hose burst kit D80 NP UIALPV VAR11.0K CS P3 V",11.0,Trifasico 400V,0.6,,CSM,,
VERDER-146_8_1514,Verderflex,146.8.1514,PERISTALTICA,PREMIUM,2.1,42.0,163.15,29470.85,False,"iDura 80
with 3ph inverter and Hose burst kit D80 NP UIALPV VAR11.0K FG P3 V",11.0,Trifasico 400V,0.6,,NBRF,,
VERDER-155_5_2001,Verderflex,155.5.2001,PERISTALTICA,CALIDAD_PRECIO,0.0003,0.24,40.79,2705.04,False,DS4F UK PLUG 2.4WT ROTOR,,Trifasico 400V,0.6,,,,
VERDER-155_5_2002,Verderflex,155.5.2002,PERISTALTICA,BARATA,0.0003,0.24,40.79,2705.04,False,DS4F EU PLUG 2.4WT ROTOR,,Trifasico 400V,0.6,,,,
VERDER-155_5_2003,Verderflex,155.5.2003,PERISTALTICA,BARATA,0.0003,0.24,40.79,2705.04,False,DS4F US PLUG 2.4WT ROTOR,,Trifasico 400V,0.6,,,,
VERDER-155_5_2004,Verderflex,155.5.2004,PERISTALTICA,BARATA,0.0003,0.24,40.79,2705.04,False,DS4F UK PLUG 3.2WT ROTOR,,Trifasico 400V,0.6,,,,
VERDER-155_5_2005,Verderflex,155.5.2005,PERISTALTICA,BARATA,0.0003,0.24,40.79,2705.04,False,DS4F EU PLUG 3.2WT ROTOR,,Trifasico 400V,0.6,,,,
VERDER-155_5_2006,Verderflex,155.5.2006,PERISTALTICA,BARATA,0.0003,0.24,40.79,2705.04,False,DS4F US PLUG 3.2WT ROTOR,,Trifasico 400V,0.6,,,,
VERDER-155_9_0036,Verderflex,155.9.0036,PERISTALTICA,BARATA,0.0003,0.24,40.79,110.33,False,DS500+/DS4F 4-20 mA Input/Output Cable 3M (DS CONNECT),,Trifasico 400V,0.6,,,,
VERDER-155_9_0035,Verderflex,155.9.0035,PERISTALTICA,BARATA,0.0003,0.24,40.79,52.83,False,DS4F CONTINUOUS TUBE CLAMP KIT,,Trifasico 400V,0.6,,,,
VERDER-155_9_0037,Verderflex,155.9.0037,PERISTALTICA,BARATA,0.0003,0.24,40.79,21.78,False,DS4F PUMPHEAD DOOR ASSY,,Trifasico 400V,0.6,,,,
VERDER-155_9_0002,Verderflex,155.9.0002,PERISTALTICA,BARATA,0.0003,0.24,40.79,20.35,False,Ds500/DS4F PP Hydraulic Fitting Kit,,Trifasico 400V,0.6,Polipropileno,,,
VERDER-155_9_2004,Verderflex,155.9.2004,PERISTALTICA,BARATA,0.0003,0.24,40.79,60.41,False,DS4F PVDF Hydraulic Fitting Kit,,Trifasico 400V,0.6,PVDF,,,
VERDER-155_9_0031,Verderflex,155.9.0031,PERISTALTICA,CALIDAD_PRECIO,0.0003,0.24,40.79,198.17,False,DS4F 2.4WT ROTOR ASSEMBLY,,Trifasico 400V,0.6,,,,
VERDER-155_9_0032,Verderflex,155.9.0032,PERISTALTICA,CALIDAD_PRECIO,0.0003,0.24,40.79,198.17,False,DS4F 3.2WT ROTOR ASSEMBLY,,Trifasico 400V,0.6,,,,
VERDER-155_0_0002,Verderflex,155.0.0002,PERISTALTICA,CALIDAD_PRECIO,6e-06,0.03,71.38,1968.6,False,DS500 MANUAL UK PLUG,,Trifasico 400V,0.6,,,,
VERDER-155_0_0003,Verderflex,155.0.0003,PERISTALTICA,BARATA,6e-06,0.03,71.38,1968.6,False,DS500 MANUAL US PLUG,,Trifasico 400V,0.6,,,,
VERDER-155_0_2001,Verderflex,155.0.2001,PERISTALTICA,PREMIUM,6e-06,0.03,71.38,2422.5,False,DS500 PLUS EU PLUG,,Trifasico 400V,0.6,,,,
VERDER-155_0_2002,Verderflex,155.0.2002,PERISTALTICA,PREMIUM,6e-06,0.03,71.38,2422.5,False,DS500 PLUS UK PLUG,,Trifasico 400V,0.6,,,,
VERDER-155_0_2003,Verderflex,155.0.2003,PERISTALTICA,CALIDAD_PRECIO,6e-06,0.03,71.38,2422.5,False,DS500 PLUS US PLUG,,Trifasico 400V,0.6,,,,
VERDER-155_9_0001,Verderflex,155.9.0001,PERISTALTICA,BARATA,6e-06,0.03,71.38,220.51,False,Ds500 CARTRIDGE,,Trifasico 400V,0.6,,,,
VERDER-155_9_0006,Verderflex,155.9.0006,PERISTALTICA,BARATA,6e-06,0.03,71.38,15.77,False,DS500 PP Tube Connector Kit,,Trifasico 400V,0.6,Polipropileno,,,
VERDER-155_9_0004,Verderflex,155.9.0004,PERISTALTICA,CALIDAD_PRECIO,0.0003,0.24,40.79,110.33,False,DS500/DS4F 4-20 mA Input/Output Cable,,Trifasico 400V,0.6,,,,
VERDER-153_0018,Verderflex,153.0018,PERISTALTICA,CALIDAD_PRECIO,2.4e-05,0.27,20.39,4749.4,False,VANTAGE 5000 R (REMOTE) 1.6WT ROTOR UK PLUG,,Trifasico 400V,0.6,,,,
VERDER-148_1001,Verderflex,148.1001,PERISTALTICA,BARATA,0.00017,0.0788,20.39,1549.03,False,VANTAGE 3000 B EZI UK,,Trifasico 400V,0.6,,,,
VERDER-148_1003,Verderflex,148.1003,PERISTALTICA,BARATA,0.00017,0.0788,20.39,1549.03,False,VANTAGE 3000 B EZI US,,Trifasico 400V,0.6,,,,
VERDER-148_1004,Verderflex,148.1004,PERISTALTICA,BARATA,0.00017,0.0788,20.39,1549.03,False,VANTAGE 3000 B EZI NO,,Trifasico 400V,0.6,,,,
VERDER-148_1011,Verderflex,148.1011,PERISTALTICA,CALIDAD_PRECIO,0.00017,0.0788,20.39,2323.58,False,VANTAGE 3000 C EZI UK,,Trifasico 400V,0.6,,,,
VERDER-148_1013,Verderflex,148.1013,PERISTALTICA,CALIDAD_PRECIO,0.00017,0.0788,20.39,2323.58,False,VANTAGE 3000 C EZI US,,Trifasico 400V,0.6,,,,
VERDER-148_1014,Verderflex,148.1014,PERISTALTICA,CALIDAD_PRECIO,0.00017,0.0788,20.39,2323.58,False,VANTAGE 3000 C EZI NO,,Trifasico 400V,0.6,,,,
VERDER-148_1021,Verderflex,148.1021,PERISTALTICA,PREMIUM,0.00017,0.0788,20.39,2839.92,False,VANTAGE 3000 P EZI UK,,Trifasico 400V,0.6,,,,
VERDER-148_1023,Verderflex,148.1023,PERISTALTICA,PREMIUM,0.00017,0.0788,20.39,2839.92,False,VANTAGE 3000 P EZI US,,Trifasico 400V,0.6,,,,
VERDER-148_1024,Verderflex,148.1024,PERISTALTICA,PREMIUM,0.00017,0.0788,20.39,2839.92,False,VANTAGE 3000 P EZI NO,,Trifasico 400V,0.6,,,,
VERDER-148_3013,Verderflex,148.3013,PERISTALTICA,CALIDAD_PRECIO,0.0033,0.195,20.39,3149.73,False,VANTAGE 3000 C R3I US,,Trifasico 400V,0.6,,,,
VERDER-148_3014,Verderflex,148.3014,PERISTALTICA,BARATA,0.0033,0.195,20.39,3149.73,False,VANTAGE 3000 C R3I NO,,Trifasico 400V,0.6,,,,
VERDER-148_3021,Verderflex,148.3021,PERISTALTICA,PREMIUM,0.0033,0.195,20.39,3691.88,False,VANTAGE 3000 P R3I UK,,Trifasico 400V,0.6,,,,
VERDER-148_3023,Verderflex,148.3023,PERISTALTICA,PREMIUM,0.0033,0.195,20.39,3691.88,False,VANTAGE 3000 P R3I US,,Trifasico 400V,0.6,,,,
VERDER-148_3024,Verderflex,148.3024,PERISTALTICA,PREMIUM,0.0033,0.195,20.39,3691.88,False,VANTAGE 3000 P R3I NO,,Trifasico 400V,0.6,,,,
VERDER-180_3117,Verderflex,180.3117,PERISTALTICA,BARATA,0.0068,0.0936,20.39,1950.63,False,R2S 1CH 3R 2.4WT 068RPM,,Trifasico 400V,0.6,,,,
VERDER-180_3127,Verderflex,180.3127,PERISTALTICA,CALIDAD_PRECIO,0.0068,0.0936,20.39,2367.37,False,R2S 2CH 3R 2.4WT 068RPM,,Trifasico 400V,0.6,,,,
VERDER-180_3137,Verderflex,180.3137,PERISTALTICA,PREMIUM,0.0068,0.0936,20.39,2828.43,False,R2S 3CH 3R 2.4WT 068RPM,,Trifasico 400V,0.6,,,,
VERDER-180_3147,Verderflex,180.3147,PERISTALTICA,PREMIUM,0.0068,0.0936,20.39,3289.52,False,R2S 4CH 3R 2.4WT 068RPM,,Trifasico 400V,0.6,,,,
VERDER-180_3114,Verderflex,180.3114,PERISTALTICA,BARATA,0.0068,0.0936,20.39,1950.63,False,R2S 1CH 3R 2.4WT 118RPM,,Trifasico 400V,0.6,,,,
VERDER-180_3124,Verderflex,180.3124,PERISTALTICA,CALIDAD_PRECIO,0.0068,0.0936,20.39,2367.37,False,R2S 2CH 3R 2.4WT 118RPM,,Trifasico 400V,0.6,,,,
VERDER-180_3134,Verderflex,180.3134,PERISTALTICA,CALIDAD_PRECIO,0.0068,0.0936,20.39,2828.43,False,R2S 3CH 3R 2.4WT 118RPM,,Trifasico 400V,0.6,,,,
VERDER-180_3144,Verderflex,180.3144,PERISTALTICA,PREMIUM,0.0068,0.0936,20.39,3289.52,False,R2S 4CH 3R 2.4WT 118RPM,,Trifasico 400V,0.6,,,,
VERDER-180_3128,Verderflex,180.3128,PERISTALTICA,CALIDAD_PRECIO,0.0068,0.0936,20.39,2367.37,False,R2S 2CH 3R 2.4WT 158RPM,,Trifasico 400V,0.6,,,,
VERDER-180_3138,Verderflex,180.3138,PERISTALTICA,CALIDAD_PRECIO,0.0068,0.0936,20.39,2828.43,False,R2S 3CH 3R 2.4WT 158RPM,,Trifasico 400V,0.6,,,,
VERDER-180_3148,Verderflex,180.3148,PERISTALTICA,PREMIUM,0.0068,0.0936,20.39,3289.52,False,R2S 4CH 3R 2.4WT 158RPM,,Trifasico 400V,0.6,,,,
VERDER-180_3129,Verderflex,180.3129,PERISTALTICA,CALIDAD_PRECIO,0.0068,0.0936,20.39,2367.37,False,R2S 2CH 3R 2.4WT 220RPM,,Trifasico 400V,0.6,,,,
VERDER-180_3139,Verderflex,180.3139,PERISTALTICA,CALIDAD_PRECIO,0.0068,0.0936,20.39,2828.43,False,R2S 3CH 3R 2.4WT 220RPM,,Trifasico 400V,0.6,,,,
VERDER-180_3149,Verderflex,180.3149,PERISTALTICA,PREMIUM,0.0068,0.0936,20.39,3289.52,False,R2S 4CH 3R 2.4WT 220RPM,,Trifasico 400V,0.6,,,,
VERDER-174_1130,Verderflex,174.1130,PERISTALTICA,BARATA,0.0068,0.0936,20.39,1269.71,False,R2S 1CH FLATPACK 3R 2.4WT,,Trifasico 400V,0.6,,,,
VERDER-174_1230,Verderflex,174.1230,PERISTALTICA,BARATA,0.0068,0.0936,20.39,1970.17,False,R2S 2CH FLATPACK 3R 2.4WT,,Trifasico 400V,0.6,,,,
VERDER-174_1330,Verderflex,174.1330,PERISTALTICA,CALIDAD_PRECIO,0.0068,0.0936,20.39,2670.6,False,R2S 3CH FLATPACK 3R 2.4WT,,Trifasico 400V,0.6,,,,
VERDER-174_1430,Verderflex,174.1430,PERISTALTICA,PREMIUM,0.0068,0.0936,20.39,3371.05,False,R2S 4CH FLATPACK 3R 2.4WT,,Trifasico 400V,0.6,,,,
VERDER-159_5001,Verderflex,159.5001,PERISTALTICA,BARATA,0.0,0.396,20.39,203.18,False,VANTAGE 5000 2.4WT LP ROTOR ASSY,,Trifasico 400V,0.6,,,,
VERDER-AU_M360240_05,Verderflex,AU M360240 05,PERISTALTICA,BARATA,0.1066,0.2045,20.39,582.83,False,R30SA 024DC240R 2R 064VP AA,,Trifasico 400V,0.6,,VERDERPRENE,,
VERDER-AU_M360240_06,Verderflex,AU M360240 06,PERISTALTICA,BARATA,0.1066,0.2045,20.39,582.83,False,R30SA 024DC240R 2R 064SI AA,,Trifasico 400V,0.6,,Silicona,,
VERDER-AU_M380240_16,Verderflex,AU M380240 16,PERISTALTICA,BARATA,0.1066,0.2045,20.39,582.83,False,R30SA 024DC240R 2R 080SI AA,,Trifasico 400V,0.6,,Silicona,,
VERDER-AU_M310240_13,Verderflex,AU M310240 13,PERISTALTICA,BARATA,0.1066,0.2045,20.39,582.83,False,R30SA 024DC240R 2R 096SI AA,,Trifasico 400V,0.6,,Silicona,,
SYDEX-FMC_03_6_CAJ6_REDUCTOR,Sydex,FMC 03/6 CAJ6 (reductor),TORNILLO_HELICOIDAL,CALIDAD_PRECIO,0.045,0.3,40.79,675.0,False,"Bomba dosificadora de cavidad progresiva Cramix FMC 03/6 CAJ6, bridas 1"" Iso Gas , 1400 RPM, control por reductor — Hierro fundido - Rotor Aisi 316 - Estator NBR - Motor Directo IEC80R (160/14)",0.55,Trifasico 400V,0.65,Hierro fundido,NBR (Nitrilo),,
SYDEX-FMC_07_4_CAJ6_REDUCTOR,Sydex,FMC 07/4 CAJ6 (reductor),TORNILLO_HELICOIDAL,BARATA,0.102,0.68,40.79,675.0,False,"Bomba dosificadora de cavidad progresiva Cramix FMC 07/4 CAJ6, bridas 1"" Iso Gas , 1400 RPM, control por reductor — Hierro fundido - Rotor Aisi 316 - Estator NBR - Motor Directo IEC80R (160/14)",0.55,Trifasico 400V,0.65,Hierro fundido,NBR (Nitrilo),,
SYDEX-FMC_15_4_CAJ6_REDUCTOR,Sydex,FMC 15/4 CAJ6 (reductor),TORNILLO_HELICOIDAL,CALIDAD_PRECIO,0.195,1.3,40.79,675.0,False,"Bomba dosificadora de cavidad progresiva Cramix FMC 15/4 CAJ6, bridas 1"" Iso Gas , 1400 RPM, control por reductor — Hierro fundido - Rotor Aisi 316 - Estator NBR - Motor Directo IEC80R (160/14)",0.55,Trifasico 400V,0.65,Hierro fundido,NBR (Nitrilo),,
SYDEX-FMS_25_4_CAJ6_REDUCTOR,Sydex,FMS 25/4 CAJ6 (reductor),TORNILLO_HELICOIDAL,CALIDAD_PRECIO,0.33,2.2,40.79,865.0,False,"Bomba dosificadora de cavidad progresiva Cramix FMS 25/4 CAJ6, bridas 1"" 1/2 Iso Gas , 1400 RPM, control por reductor — Hierro fundido - Rotor Aisi 316 - Estator NBR - Motor Directo IEC80 (200/19)",0.75,Trifasico 400V,0.65,Hierro fundido,NBR (Nitrilo),,
SYDEX-FMS_35_4_CAJ6_REDUCTOR,Sydex,FMS 35/4 CAJ6 (reductor),TORNILLO_HELICOIDAL,CALIDAD_PRECIO,0.42,2.8,40.79,865.0,False,"Bomba dosificadora de cavidad progresiva Cramix FMS 35/4 CAJ6, bridas 1"" 1/2 Iso Gas , 1400 RPM, control por reductor — Hierro fundido - Rotor Aisi 316 - Estator NBR - Motor Directo IEC80 (200/19)",0.75,Trifasico 400V,0.65,Hierro fundido,NBR (Nitrilo),,
SYDEX-FMS_50_4_CAK6_REDUCTOR,Sydex,FMS 50/4 CAK6 (reductor),TORNILLO_HELICOIDAL,CALIDAD_PRECIO,0.63,4.2,40.79,1060.0,False,"Bomba dosificadora de cavidad progresiva Cramix FMS 50/4 CAK6, bridas 2"" Iso Gas , 1400 RPM, control por reductor — Hierro fundido - Rotor Aisi 316 - Estator NBR - Motor Directo IEC90 (200/24)",1.1,Trifasico 400V,0.65,Hierro fundido,NBR (Nitrilo),,
SYDEX-FMS_60_4_CAK6_REDUCTOR,Sydex,FMS 60/4 CAK6 (reductor),TORNILLO_HELICOIDAL,CALIDAD_PRECIO,0.735,4.9,40.79,1060.0,False,"Bomba dosificadora de cavidad progresiva Cramix FMS 60/4 CAK6, bridas 2"" Iso Gas , 1400 RPM, control por reductor — Hierro fundido - Rotor Aisi 316 - Estator NBR - Motor Directo IEC90 (200/24)",1.5,Trifasico 400V,0.65,Hierro fundido,NBR (Nitrilo),,
SYDEX-BM_005_4S_A6_F220_F1_BA_B_G_REDUCTOR,Sydex,BM 005-4S-A6-F220-F1-BA-B/G (reductor),TORNILLO_HELICOIDAL,CALIDAD_PRECIO,0.000975,0.0065,152.95,1330.0,False,"Bomba dosificadora de cavidad progresiva Cramix BM 005-4S-A6-F220-F1-BA-B/G, bridas 1"" / 1/2"" , 370 rpm, control por reductor — Aisi 316- Rotor Aisi 316 - Estator Viton - Reductor Varmec RCV 202 Iec 71",0.37,Trifasico 400V,0.65,,FKM (Viton),,
SYDEX-BM_7S3_A6_F220_F1_BA_B_G_REDUCTOR,Sydex,BM 7S3-A6-F220-F1-BA-B/G (reductor),TORNILLO_HELICOIDAL,BARATA,0.00375,0.025,152.95,1330.0,False,"Bomba dosificadora de cavidad progresiva Cramix BM 7S3-A6-F220-F1-BA-B/G, bridas 1"" / 1/2"" , 370 rpm, control por reductor — Aisi 316- Rotor Aisi 316 - Estator Viton- Reductor Varmec RCV 202 Iec 71",0.37,Trifasico 400V,0.65,,FKM (Viton),,
SYDEX-BM_9S3_A6_F220_F1_BA_B_G_REDUCTOR,Sydex,BM 9S3-A6-F220-F1-BA-B/G (reductor),TORNILLO_HELICOIDAL,CALIDAD_PRECIO,0.009,0.06,152.95,1330.0,False,"Bomba dosificadora de cavidad progresiva Cramix BM 9S3-A6-F220-F1-BA-B/G, bridas 1"" / 1/2"" , 370 rpm, control por reductor — Aisi 316- Rotor Aisi 316 - Estator Viton- Reductor Varmec RCV 202 Iec 71",0.37,Trifasico 400V,0.65,,FKM (Viton),,
SYDEX-BK_015_1L_G5_220_L1_AA_E_G_REDUCTOR,Sydex,BK 015-1L-G5-220-L1-AA-E/G (reductor),TORNILLO_HELICOIDAL,PREMIUM,0.06,0.4,40.79,1380.0,False,"Bomba dosificadora de cavidad progresiva Cramix BK 015-1L-G5-220-L1-AA-E/G, bridas 1"" 1/4 Iso Gas , 350 rpm, control por reductor — Hierro fundido - Rotor Aisi 316 - Sta. NBR - Reductor Varmec RCV 241 Iec 80",0.75,Trifasico 400V,0.65,Hierro fundido,NBR (Nitrilo),,
SYDEX-BK_015_2S_G5_220_L1_AA_E_G_REDUCTOR,Sydex,BK 015-2S-G5-220-L1-AA-E/G (reductor),TORNILLO_HELICOIDAL,CALIDAD_PRECIO,0.0285,0.19,122.36,1380.0,False,"Bomba dosificadora de cavidad progresiva Cramix BK 015-2S-G5-220-L1-AA-E/G, bridas 1"" 1/4 Iso Gas , 350 rpm, control por reductor — Hierro fundido - Rotor Aisi 316 - Sta. NBR - Reductor Varmec RCV 241 Iec 80",0.75,Trifasico 400V,0.65,Hierro fundido,NBR (Nitrilo),,
SYDEX-BK_020_1L_G5_220_L1_AA_E_G_REDUCTOR,Sydex,BK 020-1L-G5-220-L1-AA-E/G (reductor),TORNILLO_HELICOIDAL,CALIDAD_PRECIO,0.1575,1.05,40.79,1380.0,False,"Bomba dosificadora de cavidad progresiva Cramix BK 020-1L-G5-220-L1-AA-E/G, bridas 1"" 1/4 Iso Gas , 350 rpm, control por reductor — Hierro fundido - Rotor Aisi 316 - Sta. NBR - Reductor Varmec RCV 241 Iec 80",0.75,Trifasico 400V,0.65,Hierro fundido,NBR (Nitrilo),,
SYDEX-BK_020_2S_G5_220_L1_AA_E_G_REDUCTOR,Sydex,BK 020-2S-G5-220-L1-AA-E/G (reductor),TORNILLO_HELICOIDAL,CALIDAD_PRECIO,0.07875,0.525,122.36,1380.0,False,"Bomba dosificadora de cavidad progresiva Cramix BK 020-2S-G5-220-L1-AA-E/G, bridas 1"" 1/4 Iso Gas , 350 rpm, control por reductor — Hierro fundido - Rotor Aisi 316 - Sta. NBR - Reductor Varmec RCV 241 Iec 80",0.75,Trifasico 400V,0.65,Hierro fundido,NBR (Nitrilo),,
SYDEX-BK_035_1L_G5_460_L1_BA_E_G_REDUCTOR,Sydex,BK 035-1L-G5-460-L1-BA-E/G (reductor),TORNILLO_HELICOIDAL,CALIDAD_PRECIO,0.465,3.1,40.79,1480.0,False,"Bomba dosificadora de cavidad progresiva Cramix BK 035-1L-G5-460-L1-BA-E/G, bridas 2"" Iso Gas, 350 rpm, control por reductor — Hierro fundido - Rotor Aisi 420 - Sta. NBR - Reductor Varmec RCV 241 Iec 80",0.75,Trifasico 400V,0.65,Hierro fundido,NBR (Nitrilo),,
SYDEX-BK_035_2S_G5_460_L1_BA_E_G_REDUCTOR,Sydex,BK 035-2S-G5-460-L1-BA-E/G (reductor),TORNILLO_HELICOIDAL,CALIDAD_PRECIO,0.255,1.7,122.36,1480.0,False,"Bomba dosificadora de cavidad progresiva Cramix BK 035-2S-G5-460-L1-BA-E/G, bridas 2"" Iso Gas, 350 rpm, control por reductor — Hierro fundido - Rotor Aisi 420 - Sta. NBR - Reductor Varmec RCV 241 Iec 80",0.75,Trifasico 400V,0.65,Hierro fundido,NBR (Nitrilo),,
SYDEX-BK_039_1S_G5_460_L1_BA_E_G_REDUCTOR,Sydex,BK 039-1S-G5-460-L1-BA-E/G (reductor),TORNILLO_HELICOIDAL,PREMIUM,0.63,4.2,40.79,1755.0,False,"Bomba dosificadora de cavidad progresiva Cramix BK 039-1S-G5-460-L1-BA-E/G, bridas 2"" Iso Gas, 350 rpm, control por reductor — Hierro fundido - Rotor Aisi 420 - Sta. NBR - Reductor Varmec RCV 241 Iec 90",1.1,Trifasico 400V,0.65,Hierro fundido,NBR (Nitrilo),,
SYDEX-BK_039_1L_G5_460_L1_BA_E_D_REDUCTOR,Sydex,BK 039-1L-G5-460-L1-BA-E/D (reductor),TORNILLO_HELICOIDAL,CALIDAD_PRECIO,1.05,7.0,40.79,2230.0,False,"Bomba dosificadora de cavidad progresiva Cramix BK 039-1L-G5-460-L1-BA-E/D, bridas DN 65 PN 16, 280 rpm, control por reductor — Hierro fundido - Rotor Aisi 420 - Sta. NBR - Reductor Varmec RCV 252 Iec 100",2.2,Trifasico 400V,0.65,Hierro fundido,NBR (Nitrilo),,
SYDEX-BK_039_2S_G5_460_L1_BA_E_D_REDUCTOR,Sydex,BK 039-2S-G5-460-L1-BA-E/D (reductor),TORNILLO_HELICOIDAL,CALIDAD_PRECIO,0.495,3.3,122.36,2230.0,False,"Bomba dosificadora de cavidad progresiva Cramix BK 039-2S-G5-460-L1-BA-E/D, bridas DN 65 PN 16, 280 rpm, control por reductor — Hierro fundido - Rotor Aisi 420 - Sta. NBR - Reductor Varmec RCV 252 Iec 100",2.2,Trifasico 400V,0.65,Hierro fundido,NBR (Nitrilo),,
SYDEX-BK_045_1S_G5_460_L1_BA_E_D_REDUCTOR,Sydex,BK 045-1S-G5-460-L1-BA-E/D (reductor),TORNILLO_HELICOIDAL,CALIDAD_PRECIO,0.78,5.2,40.79,2230.0,False,"Bomba dosificadora de cavidad progresiva Cramix BK 045-1S-G5-460-L1-BA-E/D, bridas DN 65 PN 16, 280 rpm, control por reductor — Hierro fundido - Rotor Aisi 420 - Sta. NBR - Reductor Varmec RCV 252 Iec 100",2.2,Trifasico 400V,0.65,Hierro fundido,NBR (Nitrilo),,
SYDEX-BK_045_1L_G5_560_L1_BA_E_D,Sydex,BK 045-1L-G5-560-L1-BA-E/D,TORNILLO_HELICOIDAL,CALIDAD_PRECIO,1.575,10.5,40.79,2696.0,False,"Bomba dosificadora de cavidad progresiva Cramix BK 045-1L-G5-560-L1-BA-E/D, bridas DN 80 PN 16, 280 rpm, control por reductor — Hierro fundido - Rotor Aisi 420 - Sta. NBR - Reductor Varmec RCV 302 Iec 100",3.0,Trifasico 400V,0.65,Hierro fundido,NBR (Nitrilo),,
SYDEX-BK_045_2S_G5_560_L1_BA_E_D,Sydex,BK 045-2S-G5-560-L1-BA-E/D,TORNILLO_HELICOIDAL,CALIDAD_PRECIO,0.825,5.5,122.36,2696.0,False,"Bomba dosificadora de cavidad progresiva Cramix BK 045-2S-G5-560-L1-BA-E/D, bridas DN 80 PN 16, 280 rpm, control por reductor — Hierro fundido - Rotor Aisi 420 - Sta. NBR - Reductor Varmec RCV 302 Iec 100",3.0,Trifasico 400V,0.65,Hierro fundido,NBR (Nitrilo),,
SYDEX-BK_052_1S_G5_560_L1_BA_E_D,Sydex,BK 052-1S-G5-560-L1-BA-E/D,TORNILLO_HELICOIDAL,CALIDAD_PRECIO,1.395,9.3,40.79,2696.0,False,"Bomba dosificadora de cavidad progresiva Cramix BK 052-1S-G5-560-L1-BA-E/D, bridas DN 80 PN 16, 280 rpm, control por reductor — Hierro fundido - Rotor Aisi 420 - Sta. NBR - Reductor Varmec RCV 302 Iec 100",3.0,Trifasico 400V,0.65,Hierro fundido,NBR (Nitrilo),,
SYDEX-BK_052_1L_G5_560_L1_BA_E_D,Sydex,BK 052-1L-G5-560-L1-BA-E/D,TORNILLO_HELICOIDAL,CALIDAD_PRECIO,2.25,15.0,40.79,2955.0,False,"Bomba dosificadora de cavidad progresiva Cramix BK 052-1L-G5-560-L1-BA-E/D, bridas DN 80 PN 16, 280 rpm, control por reductor — Hierro fundido - Rotor Aisi 420 - Sta. NBR - Reductor Varmec RCV 302 Iec 112",4.0,Trifasico 400V,0.65,Hierro fundido,NBR (Nitrilo),,
SYDEX-BK_052_2S_G5_560_L1_BA_E_D,Sydex,BK 052-2S-G5-560-L1-BA-E/D,TORNILLO_HELICOIDAL,CALIDAD_PRECIO,1.29,8.6,122.36,2955.0,False,"Bomba dosificadora de cavidad progresiva Cramix BK 052-2S-G5-560-L1-BA-E/D, bridas DN 80 PN 16, 280 rpm, control por reductor — Hierro fundido - Rotor Aisi 420 - Sta. NBR - Reductor Varmec RCV 302 Iec 112",4.0,Trifasico 400V,0.65,Hierro fundido,NBR (Nitrilo),,
SYDEX-BK_065_1S_G5_560_L1_BA_E_D,Sydex,BK 065-1S-G5-560-L1-BA-E/D,TORNILLO_HELICOIDAL,CALIDAD_PRECIO,2.55,17.0,40.79,3680.0,False,"Bomba dosificadora de cavidad progresiva Cramix BK 065-1S-G5-560-L1-BA-E/D, bridas DN 100 PN 16, 280 rpm, control por reductor — Hierro fundido - Rotor Aisi 420 - Sta. NBR - Reductor Varmec 302 Iec 112",4.0,Trifasico 400V,0.65,Hierro fundido,NBR (Nitrilo),,
SYDEX-BK_065_1L_G5_560_L1_BA_E_D,Sydex,BK 065-1L-G5-560-L1-BA-E/D,TORNILLO_HELICOIDAL,CALIDAD_PRECIO,4.5,30.0,40.79,4825.0,False,"Bomba dosificadora de cavidad progresiva Cramix BK 065-1L-G5-560-L1-BA-E/D, bridas DN 100 PN 16, 260 rpm, control por reductor — Hierro fundido - Rotor Aisi 420 - Sta. NBR - Reductor Varmec 452 Iec 132",7.5,Trifasico 400V,0.65,Hierro fundido,NBR (Nitrilo),,
SYDEX-BK_065_2S_G5_560_L1_BA_E_D,Sydex,BK 065-2S-G5-560-L1-BA-E/D,TORNILLO_HELICOIDAL,CALIDAD_PRECIO,2.475,16.5,122.36,4825.0,False,"Bomba dosificadora de cavidad progresiva Cramix BK 065-2S-G5-560-L1-BA-E/D, bridas DN 100 PN 16, 240 rpm, control por reductor — Hierro fundido - Rotor Aisi 420 - Sta. NBR - Reductor Varmec 452 Iec 132",7.5,Trifasico 400V,0.65,Hierro fundido,NBR (Nitrilo),,
SYDEX-BK_075_1S_G5_560_L1_BA_E_D,Sydex,BK 075-1S-G5-560-L1-BA-E/D,TORNILLO_HELICOIDAL,CALIDAD_PRECIO,4.05,27.0,40.79,5010.0,False,"Bomba dosificadora de cavidad progresiva Cramix BK 075-1S-G5-560-L1-BA-E/D, bridas DN 100 PN 16, 240 rpm, control por reductor — Hierro fundido - Rotor Aisi 420 - Sta. NBR - Reductor Varmec 452 Iec 132",7.5,Trifasico 400V,0.65,Hierro fundido,NBR (Nitrilo),,
SYDEX-BK_075_1L_G5_360_L1_BA_E_D,Sydex,BK 075-1L-G5-360-L1-BA-E/D,TORNILLO_HELICOIDAL,CALIDAD_PRECIO,8.25,55.0,40.79,6405.0,False,"Bomba dosificadora de cavidad progresiva Cramix BK 075-1L-G5-360-L1-BA-E/D, bridas DN 125 PN 16, 270 rpm, control por reductor — Hierro fundido - Rotor Aisi 420 - Sta. NBR - Reductor Varmec 452 Iec 132",7.5,Trifasico 400V,0.65,Hierro fundido,NBR (Nitrilo),,
SYDEX-BK_075_2S_G5_360_L1_BA_E_D,Sydex,BK 075-2S-G5-360-L1-BA-E/D,TORNILLO_HELICOIDAL,CALIDAD_PRECIO,4.05,27.0,122.36,6405.0,False,"Bomba dosificadora de cavidad progresiva Cramix BK 075-2S-G5-360-L1-BA-E/D, bridas DN 125 PN 16, 270 rpm, control por reductor — Hierro fundido - Rotor Aisi 420 - Sta. NBR - Reductor Varmec 452 Iec 132",7.5,Trifasico 400V,0.65,Hierro fundido,NBR (Nitrilo),,
SYDEX-BK_091_1S_G5_360_L1_BA_E_D,Sydex,BK 091-1S-G5-360-L1-BA-E/D,TORNILLO_HELICOIDAL,CALIDAD_PRECIO,6.45,43.0,40.79,6220.0,False,"Bomba dosificadora de cavidad progresiva Cramix BK 091-1S-G5-360-L1-BA-E/D, bridas DN 125 PN 16, 270 rpm, control por reductor — Hierro fundido - Rotor Aisi 420 - Sta. NBR - Reductor Varmec 452 Iec 132",7.5,Trifasico 400V,0.65,Hierro fundido,NBR (Nitrilo),,
SYDEX-BK_091_1L_G5_340_L1_BA_E_D,Sydex,BK 091-1L-G5-340-L1-BA-E/D,TORNILLO_HELICOIDAL,CALIDAD_PRECIO,10.5,70.0,40.79,8955.0,False,"Bomba dosificadora de cavidad progresiva Cramix BK 091-1L-G5-340-L1-BA-E/D, bridas DN 125 PN 16, 232 rpm, control por reductor — Hierro fundido - Rotor Aisi 420 - Sta. NBR - Reductor Varmec 552 Iec 160",15.0,Trifasico 400V,0.65,Hierro fundido,NBR (Nitrilo),,
SYDEX-BK_091_2S_G5_340_L1_BA_E_D,Sydex,BK 091-2S-G5-340-L1-BA-E/D,TORNILLO_HELICOIDAL,CALIDAD_PRECIO,5.7,38.0,122.36,8955.0,False,"Bomba dosificadora de cavidad progresiva Cramix BK 091-2S-G5-340-L1-BA-E/D, bridas DN 125 PN 16, 232 rpm, control por reductor — Hierro fundido - Rotor Aisi 420 - Sta. NBR - Reductor Varmec 552 Iec 160",15.0,Trifasico 400V,0.65,Hierro fundido,NBR (Nitrilo),,
SYDEX-BG_039_4S_F7_360_L1_1B_E_D,Sydex,BG 039-4S-F7-360-L1-1B-E/D,TORNILLO_HELICOIDAL,CALIDAD_PRECIO,0.27,1.8,244.73,6461.0,False,"Bomba dosificadora de cavidad progresiva Cramix BG 039-4S-F7-360-L1-1B-E/D, bridas tolva / DN 65 , 125 rpm, control por reductor — Hierro al carbonio - Rotor Aisi 420 - Sta. NBR - Reductor Varmec RCV 352 Iec 112",4.0,Trifasico 400V,0.65,,NBR (Nitrilo),,
SYDEX-BG_045_2S_F7_360_L1_1B_E_D,Sydex,BG 045-2S-F7-360-L1-1B-E/D,TORNILLO_HELICOIDAL,CALIDAD_PRECIO,0.375,2.5,122.36,6640.0,False,"Bomba dosificadora de cavidad progresiva Cramix BG 045-2S-F7-360-L1-1B-E/D, bridas tolva / DN 80 ,  125 rpm, control por reductor — Hierro al carbonio - Rotor Aisi 420 - Sta. NBR- Reductor Varmec RCV 352 Iec 112",4.0,Trifasico 400V,0.65,,NBR (Nitrilo),,
SYDEX-BG_052_2S_F7_360_L1_1B_E_D,Sydex,BG 052-2S-F7-360-L1-1B-E/D,TORNILLO_HELICOIDAL,CALIDAD_PRECIO,0.6,4.0,122.36,7295.0,False,"Bomba dosificadora de cavidad progresiva Cramix BG 052-2S-F7-360-L1-1B-E/D, bridas tolva / DN 80 , 125 rpm, control por reductor — Hierro al carbonio - Rotor Aisi 420 - Sta. NBR- Reductor Varmec RCV 452 Iec 132",5.5,Trifasico 400V,0.65,,NBR (Nitrilo),,
SYDEX-BG_065_2S_F7_360_L1_1B_E_D,Sydex,BG 065-2S-F7-360-L1-1B-E/D,TORNILLO_HELICOIDAL,CALIDAD_PRECIO,1.005,6.7,122.36,10250.0,False,"Bomba dosificadora de cavidad progresiva Cramix BG 065-2S-F7-360-L1-1B-E/D, bridas tolva / DN 100, 125 rpm, control por reductor — Hierro al carbonio - Rotor Aisi 420 - Sta. NBR- Reductor Varmec RCV 452 Iec 132",7.5,Trifasico 400V,0.65,,NBR (Nitrilo),,
SYDEX-FMC_03_6_CAJ6_VARIADOR,Sydex,FMC 03/6 CAJ6 (variador),TORNILLO_HELICOIDAL,CALIDAD_PRECIO,0.05,0.24,40.79,1280.0,False,"Bomba dosificadora de cavidad progresiva Cramix FMC 03/6 CAJ6, bridas 1"" Iso Gas , 190 - 1000 rpm, control por variador — Hierro fundido - Rotor Aisi 316 - Estator NBR - Variador Motovario SPF 005 Iec71",0.37,Trifasico 400V,0.65,Hierro fundido,NBR (Nitrilo),,
SYDEX-FMC_07_4_CAJ6_VARIADOR,Sydex,FMC 07/4 CAJ6 (variador),TORNILLO_HELICOIDAL,CALIDAD_PRECIO,0.1,0.55,40.79,1280.0,False,"Bomba dosificadora de cavidad progresiva Cramix FMC 07/4 CAJ6, bridas 1"" Iso Gas , 190 - 1000 rpm, control por variador — Hierro fundido - Rotor Aisi 316 - Estator NBR - Variador Motovario SPF 005 Iec71",0.37,Trifasico 400V,0.65,Hierro fundido,NBR (Nitrilo),,
SYDEX-FMC_15_4_CAJ6_VARIADOR,Sydex,FMC 15/4 CAJ6 (variador),TORNILLO_HELICOIDAL,BARATA,0.2,1.15,40.79,1280.0,False,"Bomba dosificadora de cavidad progresiva Cramix FMC 15/4 CAJ6, bridas 1"" Iso Gas , 190 - 1000 rpm, control por variador — Hierro fundido - Rotor Aisi 316 - Estator NBR - Variador Motovario SPF 005 Iec71",0.37,Trifasico 400V,0.65,Hierro fundido,NBR (Nitrilo),,
SYDEX-FMS_25_4_CAJ6_VARIADOR,Sydex,FMS 25/4 CAJ6 (variador),TORNILLO_HELICOIDAL,CALIDAD_PRECIO,0.35,1.95,40.79,1547.0,False,"Bomba dosificadora de cavidad progresiva Cramix FMS 25/4 CAJ6, bridas 1"" 1/2 Iso Gas , 190 -1000 rpm, control por variador — Hierro fundido - Rotor Aisi 316 - Estator NBR- Variador Motovario SF 010 Iec 80 ",0.75,Trifasico 400V,0.65,Hierro fundido,NBR (Nitrilo),,
SYDEX-FMS_35_4_CAJ6_VARIADOR,Sydex,FMS 35/4 CAJ6 (variador),TORNILLO_HELICOIDAL,CALIDAD_PRECIO,0.6,2.3,40.79,1547.0,False,"Bomba dosificadora de cavidad progresiva Cramix FMS 35/4 CAJ6, bridas 1"" 1/2 Iso Gas , 190 -1000 rpm, control por variador — Hierro fundido - Rotor Aisi 316 - Estator NBR- Variador Motovario SF 010 Iec 80 ",0.75,Trifasico 400V,0.65,Hierro fundido,NBR (Nitrilo),,
SYDEX-FMS_50_4_CAK6_VARIADOR,Sydex,FMS 50/4 CAK6 (variador),TORNILLO_HELICOIDAL,CALIDAD_PRECIO,0.75,3.6,40.79,1975.0,False,"Bomba dosificadora de cavidad progresiva Cramix FMS 50/4 CAK6, bridas 2"" Iso Gas , 190 -1000 rpm, control por variador — Hierro fundido - Rotor Aisi 316 - Estator NBR- Variador STM VM90 Iec 90",0.75,Trifasico 400V,0.65,Hierro fundido,NBR (Nitrilo),,
SYDEX-FMS_60_4_CAK6_VARIADOR,Sydex,FMS 60/4 CAK6 (variador),TORNILLO_HELICOIDAL,CALIDAD_PRECIO,0.8,4.0,40.79,1975.0,False,"Bomba dosificadora de cavidad progresiva Cramix FMS 60/4 CAK6, bridas 2"" Iso Gas , 190 -1000 rpm, control por variador — Hierro fundido - Rotor Aisi 316 - Estator NBR- Variador STM VM90 Iec 90",0.75,Trifasico 400V,0.65,Hierro fundido,NBR (Nitrilo),,
SYDEX-BM_005_4S_A6_F220_F1_BA_B_G_VARIADOR,Sydex,BM 005-4S-A6-F220-F1-BA-B/G (variador),TORNILLO_HELICOIDAL,PREMIUM,0.0,0.018,152.95,1393.0,False,"Bomba dosificadora de cavidad progresiva Cramix BM 005-4S-A6-F220-F1-BA-B/G, bridas 1"" / 1/2"" , 200- 1000 rpm, control por variador — Aisi 316- Rotor Aisi 316 - Estator Viton - Variador SPF- Iec 71",0.37,Trifasico 400V,0.65,,FKM (Viton),,
SYDEX-BM_7S3_A6_F220_F1_BA_B_G_VARIADOR,Sydex,BM 7S3-A6-F220-F1-BA-B/G (variador),TORNILLO_HELICOIDAL,PREMIUM,0.0,0.072,152.95,1393.0,False,"Bomba dosificadora de cavidad progresiva Cramix BM 7S3-A6-F220-F1-BA-B/G, bridas 1"" / 1/2"" , 200- 1000 rpm, control por variador — Aisi 316- Rotor Aisi 316 - Estator Viton - Variador SPF- Iec 71",0.37,Trifasico 400V,0.65,,FKM (Viton),,
SYDEX-BM_9S3_A6_F220_F1_BA_B_G_VARIADOR,Sydex,BM 9S3-A6-F220-F1-BA-B/G (variador),TORNILLO_HELICOIDAL,CALIDAD_PRECIO,0.0,0.18,152.95,1393.0,False,"Bomba dosificadora de cavidad progresiva Cramix BM 9S3-A6-F220-F1-BA-B/G, bridas 1"" / 1/2"" , 200- 1000 rpm, control por variador — Aisi 316- Rotor Aisi 316 - Estator Viton - Variador SPF- Iec 71",0.37,Trifasico 400V,0.65,,FKM (Viton),,
SYDEX-BK_015_1L_G5_220_L1_AA_E_G_VARIADOR,Sydex,BK 015-1L-G5-220-L1-AA-E/G (variador),TORNILLO_HELICOIDAL,CALIDAD_PRECIO,0.15,0.75,40.79,1652.0,False,"Bomba dosificadora de cavidad progresiva Cramix BK 015-1L-G5-220-L1-AA-E/G, bridas 1"" 1/4 Iso Gas , 125 - 650 rpm, control por variador — Hierro fundido - Rotor Aisi 316 - Sta. NBR - Variador Motovario SF 010 Iec 80",0.55,Trifasico 400V,0.65,Hierro fundido,NBR (Nitrilo),,
SYDEX-BK_015_2S_G5_220_L1_AA_E_G_VARIADOR,Sydex,BK 015-2S-G5-220-L1-AA-E/G (variador),TORNILLO_HELICOIDAL,CALIDAD_PRECIO,0.08,0.375,122.36,1652.0,False,"Bomba dosificadora de cavidad progresiva Cramix BK 015-2S-G5-220-L1-AA-E/G, bridas 1"" 1/4 Iso Gas , 125 - 650 rpm, control por variador — Hierro fundido - Rotor Aisi 316 - Sta.- NBR - Variador Motovario SF 010 Iec 80",0.55,Trifasico 400V,0.65,Hierro fundido,NBR (Nitrilo),,
SYDEX-BK_020_1L_G5_220_L1_AA_E_G_VARIADOR,Sydex,BK 020-1L-G5-220-L1-AA-E/G (variador),TORNILLO_HELICOIDAL,PREMIUM,0.4,2.2,40.79,1652.0,False,"Bomba dosificadora de cavidad progresiva Cramix BK 020-1L-G5-220-L1-AA-E/G, bridas 1"" 1/4 Iso Gas , 125 - 650 rpm, control por variador — Hierro fundido - Rotor Aisi 316 - Sta. NBR - Variador Motovario SF 010 Iec 80",0.55,Trifasico 400V,0.65,Hierro fundido,NBR (Nitrilo),,
SYDEX-BK_020_2S_G5_220_L1_AA_E_G_VARIADOR,Sydex,BK 020-2S-G5-220-L1-AA-E/G (variador),TORNILLO_HELICOIDAL,CALIDAD_PRECIO,0.2,1.2,122.36,1652.0,False,"Bomba dosificadora de cavidad progresiva Cramix BK 020-2S-G5-220-L1-AA-E/G, bridas 1"" 1/4 Iso Gas , 125 - 650 rpm, control por variador — Hierro fundido - Rotor Aisi 316 - Sta. NBR - Variador Motovario SF 010",0.55,Trifasico 400V,0.65,Hierro fundido,NBR (Nitrilo),,
SYDEX-BK_035_1L_G5_460_L1_BA_E_G_VARIADOR,Sydex,BK 035-1L-G5-460-L1-BA-E/G (variador),TORNILLO_HELICOIDAL,CALIDAD_PRECIO,0.75,3.75,40.79,2195.0,False,"Bomba dosificadora de cavidad progresiva Cramix BK 035-1L-G5-460-L1-BA-E/G, bridas 2"" Iso Gas, 75 - 375 rpm, control por variador — Hierro fundido - Rotor Aisi 420 - Sta. NBR - Var 10/1 rpm 75 -375 ",0.75,Trifasico 400V,0.65,Hierro fundido,NBR (Nitrilo),,
SYDEX-BK_035_2S_G5_460_L1_BA_E_G_VARIADOR,Sydex,BK 035-2S-G5-460-L1-BA-E/G (variador),TORNILLO_HELICOIDAL,CALIDAD_PRECIO,0.5,1.8,122.36,2195.0,False,"Bomba dosificadora de cavidad progresiva Cramix BK 035-2S-G5-460-L1-BA-E/G, bridas 2"" Iso Gas, 75 - 375 rpm, control por variador — Hierro fundido - Rotor Aisi 420 - Sta. NBR - Var 10/1 rpm 75 -375 ",0.75,Trifasico 400V,0.65,Hierro fundido,NBR (Nitrilo),,
SYDEX-BK_039_1S_G5_460_L1_BA_E_G_VARIADOR,Sydex,BK 039-1S-G5-460-L1-BA-E/G (variador),TORNILLO_HELICOIDAL,PREMIUM,1.0,5.0,40.79,2795.0,False,"Bomba dosificadora de cavidad progresiva Cramix BK 039-1S-G5-460-L1-BA-E/G, bridas 2"" Iso Gas, 75 - 375 rpm, control por variador — Hierro fundido - Rotor Aisi 420 - Sta. NBR - Var 20/1 rpm 75 -375 ",1.1,Trifasico 400V,0.65,Hierro fundido,NBR (Nitrilo),,
SYDEX-BK_039_1L_G5_460_L1_BA_E_D_VARIADOR,Sydex,BK 039-1L-G5-460-L1-BA-E/D (variador),TORNILLO_HELICOIDAL,CALIDAD_PRECIO,2.0,10.0,40.79,3002.0,False,"Bomba dosificadora de cavidad progresiva Cramix BK 039-1L-G5-460-L1-BA-E/D, bridas DN 65 PN 16, 75 - 375 rpm, control por variador — Hierro fundido - Rotor Aisi 420 - Sta. NBR - Var 20/1 rpm 75 -375 ",1.5,Trifasico 400V,0.65,Hierro fundido,NBR (Nitrilo),,
SYDEX-BK_039_2S_G5_460_L1_BA_E_D_VARIADOR,Sydex,BK 039-2S-G5-460-L1-BA-E/D (variador),TORNILLO_HELICOIDAL,CALIDAD_PRECIO,1.0,5.0,122.36,3002.0,False,"Bomba dosificadora de cavidad progresiva Cramix BK 039-2S-G5-460-L1-BA-E/D, bridas DN 65 PN 16, 75 - 375 rpm, control por variador — Hierro fundido - Rotor Aisi 420 - Sta. NBR - Var 20/1 rpm 75 -375 ",1.5,Trifasico 400V,0.65,Hierro fundido,NBR (Nitrilo),,
SYDEX-BK_045_1S_G5_460_L1_BA_E_D_VARIADOR,Sydex,BK 045-1S-G5-460-L1-BA-E/D (variador),TORNILLO_HELICOIDAL,CALIDAD_PRECIO,1.75,7.5,40.79,3002.0,False,"Bomba dosificadora de cavidad progresiva Cramix BK 045-1S-G5-460-L1-BA-E/D, bridas DN 65 PN 16, 75 - 375 rpm, control por variador — Hierro fundido - Rotor Aisi 420 - Sta. NBR - Var 20/1 rpm 75 -375 ",1.5,Trifasico 400V,0.65,Hierro fundido,NBR (Nitrilo),,
SYDEX-BK_045_1L_G5_360_L1_BU_E_D,Sydex,BK 045-1L-G5-360-L1-BU-E/D,TORNILLO_HELICOIDAL,CALIDAD_PRECIO,2.5,13.0,40.79,3721.0,False,"Bomba dosificadora de cavidad progresiva Cramix BK 045-1L-G5-360-L1-BU-E/D, bridas DN 80 PN 16, 70 - 350 rpm, control por variador — Hierro fundido - Rotor Aisi 420 - Sta. NBR - Var 30/1 rpm 70 -350 ",3.0,Trifasico 400V,0.65,Hierro fundido,NBR (Nitrilo),,
SYDEX-BK_045_2S_G5_360_L1_BU_E_D,Sydex,BK 045-2S-G5-360-L1-BU-E/D,TORNILLO_HELICOIDAL,CALIDAD_PRECIO,1.5,7.0,122.36,3721.0,False,"Bomba dosificadora de cavidad progresiva Cramix BK 045-2S-G5-360-L1-BU-E/D, bridas DN 80 PN 16, 70 - 350 rpm, control por variador — Hierro fundido - Rotor Aisi 420 - Sta. NBR - Var 30/1 rpm 70 -350 ",3.0,Trifasico 400V,0.65,Hierro fundido,NBR (Nitrilo),,
SYDEX-BK_052_1S_G5_360_L1_BU_E_D,Sydex,BK 052-1S-G5-360-L1-BU-E/D,TORNILLO_HELICOIDAL,BARATA,3.0,13.0,40.79,3721.0,False,"Bomba dosificadora de cavidad progresiva Cramix BK 052-1S-G5-360-L1-BU-E/D, bridas DN 80 PN 16, 70 - 350 rpm, control por variador — Hierro fundido - Rotor Aisi 420 - Sta. NBR - Var 30/1 rpm 70 -350 ",3.0,Trifasico 400V,0.65,Hierro fundido,NBR (Nitrilo),,
SYDEX-BK_052_1L_G5_360_L1_BU_E_D,Sydex,BK 052-1L-G5-360-L1-BU-E/D,TORNILLO_HELICOIDAL,BARATA,5.0,27.0,40.79,3859.0,False,"Bomba dosificadora de cavidad progresiva Cramix BK 052-1L-G5-360-L1-BU-E/D, bridas DN 80 PN 16, 70 - 350 rpm, control por variador — Hierro fundido - Rotor Aisi 420 - Sta. NBR - Var 30/1 rpm 70 -350 ",3.0,Trifasico 400V,0.65,Hierro fundido,NBR (Nitrilo),,
SYDEX-BK_052_2S_G5_360_L1_BU_E_D,Sydex,BK 052-2S-G5-360-L1-BU-E/D,TORNILLO_HELICOIDAL,CALIDAD_PRECIO,3.0,14.0,122.36,3859.0,False,"Bomba dosificadora de cavidad progresiva Cramix BK 052-2S-G5-360-L1-BU-E/D, bridas DN 80 PN 16, 70 - 350 rpm, control por variador — Hierro fundido - Rotor Aisi 420 - Sta. NBR - Var 30/1 rpm 70 -350 ",3.0,Trifasico 400V,0.65,Hierro fundido,NBR (Nitrilo),,
